ISO-10303-21;
HEADER;
FILE_DESCRIPTION(('Open CASCADE Model'),'2;1');
FILE_NAME('Open CASCADE Shape Model','2026-08-09T17:24:27',('Author'),(
    'Open CASCADE'),'Open CASCADE STEP processor 7.9','Open CASCADE 7.9'
  ,'Unknown');
FILE_SCHEMA(('AUTOMOTIVE_DESIGN { 1 0 10303 214 1 1 1 1 }'));
ENDSEC;
DATA;
#1 = APPLICATION_PROTOCOL_DEFINITION('international standard',
  'automotive_design',2000,#2);
#2 = APPLICATION_CONTEXT(
  'core data for automotive mechanical design processes');
#3 = SHAPE_DEFINITION_REPRESENTATION(#4,#10);
#4 = PRODUCT_DEFINITION_SHAPE('','',#5);
#5 = PRODUCT_DEFINITION('design','',#6,#9);
#6 = PRODUCT_DEFINITION_FORMATION('','',#7);
#7 = PRODUCT('Open CASCADE STEP translator 7.9 1',
  'Open CASCADE STEP translator 7.9 1','',(#8));
#8 = PRODUCT_CONTEXT('',#2,'mechanical');
#9 = PRODUCT_DEFINITION_CONTEXT('part definition',#2,'design');
#10 = ADVANCED_BREP_SHAPE_REPRESENTATION('',(#11,#15),#6941);
#11 = AXIS2_PLACEMENT_3D('',#12,#13,#14);
#12 = CARTESIAN_POINT('',(0.,0.,0.));
#13 = DIRECTION('',(0.,0.,1.));
#14 = DIRECTION('',(1.,0.,-0.));
#15 = MANIFOLD_SOLID_BREP('',#16);
#16 = CLOSED_SHELL('',(#17,#583,#658,#711,#764,#818,#872,#925,#978,#1011
    ,#1086,#1139,#1192,#1246,#1300,#1353,#1411,#1465,#2101,#2159,#2236,
    #2283,#2330,#2380,#2430,#2477,#2524,#2552,#2629,#2683,#2737,#2792,
    #2847,#2901,#2960,#3172,#3227,#3785,#3852,#3926,#3932,#4079,#4084,
    #4111,#4165,#4290,#4365,#4413,#4461,#4510,#4559,#4607,#4660,#4919,
    #4968,#5195,#5220,#5394,#5480,#5528,#5597,#5644,#5691,#5716,#6112,
    #6138,#6163,#6313,#6338,#6345,#6371,#6378,#6433,#6488,#6543,#6598,
    #6653,#6730,#6779,#6828,#6855,#6910,#6914,#6918,#6922,#6926,#6930,
    #6937));
#17 = ADVANCED_FACE('',(#18,#269),#33,.F.);
#18 = FACE_BOUND('',#19,.F.);
#19 = EDGE_LOOP('',(#20,#60,#88,#121,#149,#182,#210,#243));
#20 = ORIENTED_EDGE('',*,*,#21,.T.);
#21 = EDGE_CURVE('',#22,#24,#26,.T.);
#22 = VERTEX_POINT('',#23);
#23 = CARTESIAN_POINT('',(-6.3125,-4.25,0.625));
#24 = VERTEX_POINT('',#25);
#25 = CARTESIAN_POINT('',(-5.375,-5.1875,0.625));
#26 = SURFACE_CURVE('',#27,(#32,#48),.PCURVE_S1.);
#27 = CIRCLE('',#28,0.9375);
#28 = AXIS2_PLACEMENT_3D('',#29,#30,#31);
#29 = CARTESIAN_POINT('',(-5.375,-4.25,0.625));
#30 = DIRECTION('',(0.,0.,1.));
#31 = DIRECTION('',(-1.,0.,0.));
#32 = PCURVE('',#33,#38);
#33 = PLANE('',#34);
#34 = AXIS2_PLACEMENT_3D('',#35,#36,#37);
#35 = CARTESIAN_POINT('',(-3.783232245517E-06,0.215591516071,0.625));
#36 = DIRECTION('',(-0.,-0.,-1.));
#37 = DIRECTION('',(-1.,0.,0.));
#38 = DEFINITIONAL_REPRESENTATION('',(#39),#47);
#39 = ( BOUNDED_CURVE() B_SPLINE_CURVE(2,(#40,#41,#42,#43,#44,#45,#46),
.UNSPECIFIED.,.T.,.F.) B_SPLINE_CURVE_WITH_KNOTS((1,2,2,2,2,1),(
    -2.094395102393,0.,2.094395102393,4.188790204786,6.28318530718,
8.377580409573),.UNSPECIFIED.) CURVE() GEOMETRIC_REPRESENTATION_ITEM() 
RATIONAL_B_SPLINE_CURVE((1.,0.5,1.,0.5,1.,0.5,1.)) REPRESENTATION_ITEM(
  '') );
#40 = CARTESIAN_POINT('',(6.312496216768,-4.465591516071));
#41 = CARTESIAN_POINT('',(6.312496216768,-6.089389148167));
#42 = CARTESIAN_POINT('',(4.906246216768,-5.277490332119));
#43 = CARTESIAN_POINT('',(3.499996216768,-4.465591516071));
#44 = CARTESIAN_POINT('',(4.906246216768,-3.653692700024));
#45 = CARTESIAN_POINT('',(6.312496216768,-2.841793883976));
#46 = CARTESIAN_POINT('',(6.312496216768,-4.465591516071));
#47 = ( GEOMETRIC_REPRESENTATION_CONTEXT(2) 
PARAMETRIC_REPRESENTATION_CONTEXT() REPRESENTATION_CONTEXT('2D SPACE',''
  ) );
#48 = PCURVE('',#49,#54);
#49 = TOROIDAL_SURFACE('',#50,0.9375,0.1875);
#50 = AXIS2_PLACEMENT_3D('',#51,#52,#53);
#51 = CARTESIAN_POINT('',(-5.375,-4.25,0.4375));
#52 = DIRECTION('',(0.,-0.,1.));
#53 = DIRECTION('',(-1.,0.,0.));
#54 = DEFINITIONAL_REPRESENTATION('',(#55),#59);
#55 = LINE('',#56,#57);
#56 = CARTESIAN_POINT('',(0.,1.570796326795));
#57 = VECTOR('',#58,1.);
#58 = DIRECTION('',(1.,0.));
#59 = ( GEOMETRIC_REPRESENTATION_CONTEXT(2) 
PARAMETRIC_REPRESENTATION_CONTEXT() REPRESENTATION_CONTEXT('2D SPACE',''
  ) );
#60 = ORIENTED_EDGE('',*,*,#61,.T.);
#61 = EDGE_CURVE('',#24,#62,#64,.T.);
#62 = VERTEX_POINT('',#63);
#63 = CARTESIAN_POINT('',(5.375,-5.1875,0.625));
#64 = SURFACE_CURVE('',#65,(#69,#76),.PCURVE_S1.);
#65 = LINE('',#66,#67);
#66 = CARTESIAN_POINT('',(-5.375,-5.1875,0.625));
#67 = VECTOR('',#68,1.);
#68 = DIRECTION('',(1.,0.,0.));
#69 = PCURVE('',#33,#70);
#70 = DEFINITIONAL_REPRESENTATION('',(#71),#75);
#71 = LINE('',#72,#73);
#72 = CARTESIAN_POINT('',(5.374996216768,-5.403091516071));
#73 = VECTOR('',#74,1.);
#74 = DIRECTION('',(-1.,0.));
#75 = ( GEOMETRIC_REPRESENTATION_CONTEXT(2) 
PARAMETRIC_REPRESENTATION_CONTEXT() REPRESENTATION_CONTEXT('2D SPACE',''
  ) );
#76 = PCURVE('',#77,#82);
#77 = CYLINDRICAL_SURFACE('',#78,0.1875);
#78 = AXIS2_PLACEMENT_3D('',#79,#80,#81);
#79 = CARTESIAN_POINT('',(-5.375,-5.1875,0.4375));
#80 = DIRECTION('',(1.,0.,0.));
#81 = DIRECTION('',(0.,-0.,1.));
#82 = DEFINITIONAL_REPRESENTATION('',(#83),#87);
#83 = LINE('',#84,#85);
#84 = CARTESIAN_POINT('',(-0.,0.));
#85 = VECTOR('',#86,1.);
#86 = DIRECTION('',(-0.,1.));
#87 = ( GEOMETRIC_REPRESENTATION_CONTEXT(2) 
PARAMETRIC_REPRESENTATION_CONTEXT() REPRESENTATION_CONTEXT('2D SPACE',''
  ) );
#88 = ORIENTED_EDGE('',*,*,#89,.T.);
#89 = EDGE_CURVE('',#62,#90,#92,.T.);
#90 = VERTEX_POINT('',#91);
#91 = CARTESIAN_POINT('',(6.3125,-4.25,0.625));
#92 = SURFACE_CURVE('',#93,(#98,#109),.PCURVE_S1.);
#93 = CIRCLE('',#94,0.9375);
#94 = AXIS2_PLACEMENT_3D('',#95,#96,#97);
#95 = CARTESIAN_POINT('',(5.375,-4.25,0.625));
#96 = DIRECTION('',(0.,-0.,1.));
#97 = DIRECTION('',(0.,-1.,-0.));
#98 = PCURVE('',#33,#99);
#99 = DEFINITIONAL_REPRESENTATION('',(#100),#108);
#100 = ( BOUNDED_CURVE() B_SPLINE_CURVE(2,(#101,#102,#103,#104,#105,#106
,#107),.UNSPECIFIED.,.T.,.F.) B_SPLINE_CURVE_WITH_KNOTS((1,2,2,2,2,1),(
    -2.094395102393,0.,2.094395102393,4.188790204786,6.28318530718,
8.377580409573),.UNSPECIFIED.) CURVE() GEOMETRIC_REPRESENTATION_ITEM() 
RATIONAL_B_SPLINE_CURVE((1.,0.5,1.,0.5,1.,0.5,1.)) REPRESENTATION_ITEM(
  '') );
#101 = CARTESIAN_POINT('',(-5.375003783232,-5.403091516071));
#102 = CARTESIAN_POINT('',(-6.998801415328,-5.403091516071));
#103 = CARTESIAN_POINT('',(-6.18690259928,-3.996841516071));
#104 = CARTESIAN_POINT('',(-5.375003783232,-2.590591516071));
#105 = CARTESIAN_POINT('',(-4.563104967184,-3.996841516071));
#106 = CARTESIAN_POINT('',(-3.751206151136,-5.403091516071));
#107 = CARTESIAN_POINT('',(-5.375003783232,-5.403091516071));
#108 = ( GEOMETRIC_REPRESENTATION_CONTEXT(2) 
PARAMETRIC_REPRESENTATION_CONTEXT() REPRESENTATION_CONTEXT('2D SPACE',''
  ) );
#109 = PCURVE('',#110,#115);
#110 = TOROIDAL_SURFACE('',#111,0.9375,0.1875);
#111 = AXIS2_PLACEMENT_3D('',#112,#113,#114);
#112 = CARTESIAN_POINT('',(5.375,-4.25,0.4375));
#113 = DIRECTION('',(0.,-0.,1.));
#114 = DIRECTION('',(0.,-1.,-0.));
#115 = DEFINITIONAL_REPRESENTATION('',(#116),#120);
#116 = LINE('',#117,#118);
#117 = CARTESIAN_POINT('',(0.,1.570796326795));
#118 = VECTOR('',#119,1.);
#119 = DIRECTION('',(1.,0.));
#120 = ( GEOMETRIC_REPRESENTATION_CONTEXT(2) 
PARAMETRIC_REPRESENTATION_CONTEXT() REPRESENTATION_CONTEXT('2D SPACE',''
  ) );
#121 = ORIENTED_EDGE('',*,*,#122,.T.);
#122 = EDGE_CURVE('',#90,#123,#125,.T.);
#123 = VERTEX_POINT('',#124);
#124 = CARTESIAN_POINT('',(6.3125,4.25,0.625));
#125 = SURFACE_CURVE('',#126,(#130,#137),.PCURVE_S1.);
#126 = LINE('',#127,#128);
#127 = CARTESIAN_POINT('',(6.3125,-4.25,0.625));
#128 = VECTOR('',#129,1.);
#129 = DIRECTION('',(0.,1.,-0.));
#130 = PCURVE('',#33,#131);
#131 = DEFINITIONAL_REPRESENTATION('',(#132),#136);
#132 = LINE('',#133,#134);
#133 = CARTESIAN_POINT('',(-6.312503783232,-4.465591516071));
#134 = VECTOR('',#135,1.);
#135 = DIRECTION('',(0.,1.));
#136 = ( GEOMETRIC_REPRESENTATION_CONTEXT(2) 
PARAMETRIC_REPRESENTATION_CONTEXT() REPRESENTATION_CONTEXT('2D SPACE',''
  ) );
#137 = PCURVE('',#138,#143);
#138 = CYLINDRICAL_SURFACE('',#139,0.1875);
#139 = AXIS2_PLACEMENT_3D('',#140,#141,#142);
#140 = CARTESIAN_POINT('',(6.3125,-4.25,0.4375));
#141 = DIRECTION('',(0.,1.,-0.));
#142 = DIRECTION('',(0.,0.,1.));
#143 = DEFINITIONAL_REPRESENTATION('',(#144),#148);
#144 = LINE('',#145,#146);
#145 = CARTESIAN_POINT('',(-0.,0.));
#146 = VECTOR('',#147,1.);
#147 = DIRECTION('',(-0.,1.));
#148 = ( GEOMETRIC_REPRESENTATION_CONTEXT(2) 
PARAMETRIC_REPRESENTATION_CONTEXT() REPRESENTATION_CONTEXT('2D SPACE',''
  ) );
#149 = ORIENTED_EDGE('',*,*,#150,.T.);
#150 = EDGE_CURVE('',#123,#151,#153,.T.);
#151 = VERTEX_POINT('',#152);
#152 = CARTESIAN_POINT('',(5.375,5.1875,0.625));
#153 = SURFACE_CURVE('',#154,(#159,#170),.PCURVE_S1.);
#154 = CIRCLE('',#155,0.9375);
#155 = AXIS2_PLACEMENT_3D('',#156,#157,#158);
#156 = CARTESIAN_POINT('',(5.375,4.25,0.625));
#157 = DIRECTION('',(0.,-0.,1.));
#158 = DIRECTION('',(1.,0.,0.));
#159 = PCURVE('',#33,#160);
#160 = DEFINITIONAL_REPRESENTATION('',(#161),#169);
#161 = ( BOUNDED_CURVE() B_SPLINE_CURVE(2,(#162,#163,#164,#165,#166,#167
,#168),.UNSPECIFIED.,.T.,.F.) B_SPLINE_CURVE_WITH_KNOTS((1,2,2,2,2,1),(
    -2.094395102393,0.,2.094395102393,4.188790204786,6.28318530718,
8.377580409573),.UNSPECIFIED.) CURVE() GEOMETRIC_REPRESENTATION_ITEM() 
RATIONAL_B_SPLINE_CURVE((1.,0.5,1.,0.5,1.,0.5,1.)) REPRESENTATION_ITEM(
  '') );
#162 = CARTESIAN_POINT('',(-6.312503783232,4.034408483929));
#163 = CARTESIAN_POINT('',(-6.312503783232,5.658206116024));
#164 = CARTESIAN_POINT('',(-4.906253783232,4.846307299976));
#165 = CARTESIAN_POINT('',(-3.500003783232,4.034408483929));
#166 = CARTESIAN_POINT('',(-4.906253783232,3.222509667881));
#167 = CARTESIAN_POINT('',(-6.312503783232,2.410610851833));
#168 = CARTESIAN_POINT('',(-6.312503783232,4.034408483929));
#169 = ( GEOMETRIC_REPRESENTATION_CONTEXT(2) 
PARAMETRIC_REPRESENTATION_CONTEXT() REPRESENTATION_CONTEXT('2D SPACE',''
  ) );
#170 = PCURVE('',#171,#176);
#171 = TOROIDAL_SURFACE('',#172,0.9375,0.1875);
#172 = AXIS2_PLACEMENT_3D('',#173,#174,#175);
#173 = CARTESIAN_POINT('',(5.375,4.25,0.4375));
#174 = DIRECTION('',(0.,-0.,1.));
#175 = DIRECTION('',(1.,0.,0.));
#176 = DEFINITIONAL_REPRESENTATION('',(#177),#181);
#177 = LINE('',#178,#179);
#178 = CARTESIAN_POINT('',(0.,1.570796326795));
#179 = VECTOR('',#180,1.);
#180 = DIRECTION('',(1.,0.));
#181 = ( GEOMETRIC_REPRESENTATION_CONTEXT(2) 
PARAMETRIC_REPRESENTATION_CONTEXT() REPRESENTATION_CONTEXT('2D SPACE',''
  ) );
#182 = ORIENTED_EDGE('',*,*,#183,.T.);
#183 = EDGE_CURVE('',#151,#184,#186,.T.);
#184 = VERTEX_POINT('',#185);
#185 = CARTESIAN_POINT('',(-5.375,5.1875,0.625));
#186 = SURFACE_CURVE('',#187,(#191,#198),.PCURVE_S1.);
#187 = LINE('',#188,#189);
#188 = CARTESIAN_POINT('',(5.375,5.1875,0.625));
#189 = VECTOR('',#190,1.);
#190 = DIRECTION('',(-1.,0.,0.));
#191 = PCURVE('',#33,#192);
#192 = DEFINITIONAL_REPRESENTATION('',(#193),#197);
#193 = LINE('',#194,#195);
#194 = CARTESIAN_POINT('',(-5.375003783232,4.971908483929));
#195 = VECTOR('',#196,1.);
#196 = DIRECTION('',(1.,0.));
#197 = ( GEOMETRIC_REPRESENTATION_CONTEXT(2) 
PARAMETRIC_REPRESENTATION_CONTEXT() REPRESENTATION_CONTEXT('2D SPACE',''
  ) );
#198 = PCURVE('',#199,#204);
#199 = CYLINDRICAL_SURFACE('',#200,0.1875);
#200 = AXIS2_PLACEMENT_3D('',#201,#202,#203);
#201 = CARTESIAN_POINT('',(5.375,5.1875,0.4375));
#202 = DIRECTION('',(-1.,0.,0.));
#203 = DIRECTION('',(0.,0.,1.));
#204 = DEFINITIONAL_REPRESENTATION('',(#205),#209);
#205 = LINE('',#206,#207);
#206 = CARTESIAN_POINT('',(-0.,0.));
#207 = VECTOR('',#208,1.);
#208 = DIRECTION('',(-0.,1.));
#209 = ( GEOMETRIC_REPRESENTATION_CONTEXT(2) 
PARAMETRIC_REPRESENTATION_CONTEXT() REPRESENTATION_CONTEXT('2D SPACE',''
  ) );
#210 = ORIENTED_EDGE('',*,*,#211,.T.);
#211 = EDGE_CURVE('',#184,#212,#214,.T.);
#212 = VERTEX_POINT('',#213);
#213 = CARTESIAN_POINT('',(-6.3125,4.25,0.625));
#214 = SURFACE_CURVE('',#215,(#220,#231),.PCURVE_S1.);
#215 = CIRCLE('',#216,0.9375);
#216 = AXIS2_PLACEMENT_3D('',#217,#218,#219);
#217 = CARTESIAN_POINT('',(-5.375,4.25,0.625));
#218 = DIRECTION('',(0.,-0.,1.));
#219 = DIRECTION('',(0.,1.,0.));
#220 = PCURVE('',#33,#221);
#221 = DEFINITIONAL_REPRESENTATION('',(#222),#230);
#222 = ( BOUNDED_CURVE() B_SPLINE_CURVE(2,(#223,#224,#225,#226,#227,#228
,#229),.UNSPECIFIED.,.T.,.F.) B_SPLINE_CURVE_WITH_KNOTS((1,2,2,2,2,1),(
    -2.094395102393,0.,2.094395102393,4.188790204786,6.28318530718,
8.377580409573),.UNSPECIFIED.) CURVE() GEOMETRIC_REPRESENTATION_ITEM() 
RATIONAL_B_SPLINE_CURVE((1.,0.5,1.,0.5,1.,0.5,1.)) REPRESENTATION_ITEM(
  '') );
#223 = CARTESIAN_POINT('',(5.374996216768,4.971908483929));
#224 = CARTESIAN_POINT('',(6.998793848864,4.971908483929));
#225 = CARTESIAN_POINT('',(6.186895032816,3.565658483929));
#226 = CARTESIAN_POINT('',(5.374996216768,2.159408483929));
#227 = CARTESIAN_POINT('',(4.56309740072,3.565658483929));
#228 = CARTESIAN_POINT('',(3.751198584672,4.971908483929));
#229 = CARTESIAN_POINT('',(5.374996216768,4.971908483929));
#230 = ( GEOMETRIC_REPRESENTATION_CONTEXT(2) 
PARAMETRIC_REPRESENTATION_CONTEXT() REPRESENTATION_CONTEXT('2D SPACE',''
  ) );
#231 = PCURVE('',#232,#237);
#232 = TOROIDAL_SURFACE('',#233,0.9375,0.1875);
#233 = AXIS2_PLACEMENT_3D('',#234,#235,#236);
#234 = CARTESIAN_POINT('',(-5.375,4.25,0.4375));
#235 = DIRECTION('',(0.,-0.,1.));
#236 = DIRECTION('',(0.,1.,0.));
#237 = DEFINITIONAL_REPRESENTATION('',(#238),#242);
#238 = LINE('',#239,#240);
#239 = CARTESIAN_POINT('',(0.,1.570796326795));
#240 = VECTOR('',#241,1.);
#241 = DIRECTION('',(1.,0.));
#242 = ( GEOMETRIC_REPRESENTATION_CONTEXT(2) 
PARAMETRIC_REPRESENTATION_CONTEXT() REPRESENTATION_CONTEXT('2D SPACE',''
  ) );
#243 = ORIENTED_EDGE('',*,*,#244,.T.);
#244 = EDGE_CURVE('',#212,#22,#245,.T.);
#245 = SURFACE_CURVE('',#246,(#250,#257),.PCURVE_S1.);
#246 = LINE('',#247,#248);
#247 = CARTESIAN_POINT('',(-6.3125,4.25,0.625));
#248 = VECTOR('',#249,1.);
#249 = DIRECTION('',(0.,-1.,0.));
#250 = PCURVE('',#33,#251);
#251 = DEFINITIONAL_REPRESENTATION('',(#252),#256);
#252 = LINE('',#253,#254);
#253 = CARTESIAN_POINT('',(6.312496216768,4.034408483929));
#254 = VECTOR('',#255,1.);
#255 = DIRECTION('',(0.,-1.));
#256 = ( GEOMETRIC_REPRESENTATION_CONTEXT(2) 
PARAMETRIC_REPRESENTATION_CONTEXT() REPRESENTATION_CONTEXT('2D SPACE',''
  ) );
#257 = PCURVE('',#258,#263);
#258 = CYLINDRICAL_SURFACE('',#259,0.1875);
#259 = AXIS2_PLACEMENT_3D('',#260,#261,#262);
#260 = CARTESIAN_POINT('',(-6.3125,4.25,0.4375));
#261 = DIRECTION('',(0.,-1.,0.));
#262 = DIRECTION('',(-0.,0.,1.));
#263 = DEFINITIONAL_REPRESENTATION('',(#264),#268);
#264 = LINE('',#265,#266);
#265 = CARTESIAN_POINT('',(-0.,0.));
#266 = VECTOR('',#267,1.);
#267 = DIRECTION('',(-0.,1.));
#268 = ( GEOMETRIC_REPRESENTATION_CONTEXT(2) 
PARAMETRIC_REPRESENTATION_CONTEXT() REPRESENTATION_CONTEXT('2D SPACE',''
  ) );
#269 = FACE_BOUND('',#270,.F.);
#270 = EDGE_LOOP('',(#271,#309,#337,#373,#401,#429,#457,#493,#521,#557)
  );
#271 = ORIENTED_EDGE('',*,*,#272,.T.);
#272 = EDGE_CURVE('',#273,#275,#277,.T.);
#273 = VERTEX_POINT('',#274);
#274 = CARTESIAN_POINT('',(-7.875,-6.755,0.625));
#275 = VERTEX_POINT('',#276);
#276 = CARTESIAN_POINT('',(-7.88,-6.75,0.625));
#277 = SURFACE_CURVE('',#278,(#283,#290),.PCURVE_S1.);
#278 = CIRCLE('',#279,5.000000000002E-03);
#279 = AXIS2_PLACEMENT_3D('',#280,#281,#282);
#280 = CARTESIAN_POINT('',(-7.875,-6.75,0.625));
#281 = DIRECTION('',(-0.,0.,-1.));
#282 = DIRECTION('',(-7.105427357601E-15,-1.,0.));
#283 = PCURVE('',#33,#284);
#284 = DEFINITIONAL_REPRESENTATION('',(#285),#289);
#285 = CIRCLE('',#286,5.000000000002E-03);
#286 = AXIS2_PLACEMENT_2D('',#287,#288);
#287 = CARTESIAN_POINT('',(7.874996216768,-6.965591516071));
#288 = DIRECTION('',(0.,-1.));
#289 = ( GEOMETRIC_REPRESENTATION_CONTEXT(2) 
PARAMETRIC_REPRESENTATION_CONTEXT() REPRESENTATION_CONTEXT('2D SPACE',''
  ) );
#290 = PCURVE('',#291,#303);
#291 = SURFACE_OF_REVOLUTION('',#292,#300);
#292 = B_SPLINE_CURVE_WITH_KNOTS('',6,(#293,#294,#295,#296,#297,#298,
    #299),.UNSPECIFIED.,.F.,.F.,(7,7),(0.,1.570796326795),
  .PIECEWISE_BEZIER_KNOTS.);
#293 = CARTESIAN_POINT('',(-7.875,-7.,0.38));
#294 = CARTESIAN_POINT('',(-7.875,-7.,0.444140850011));
#295 = CARTESIAN_POINT('',(-7.875,-6.979854216925,0.508276242673));
#296 = CARTESIAN_POINT('',(-7.875,-6.939531586662,0.564531586662));
#297 = CARTESIAN_POINT('',(-7.875,-6.883276242673,0.604854216925));
#298 = CARTESIAN_POINT('',(-7.875,-6.819140850011,0.625));
#299 = CARTESIAN_POINT('',(-7.875,-6.755,0.625));
#300 = AXIS1_PLACEMENT('',#301,#302);
#301 = CARTESIAN_POINT('',(-7.875,-6.75,0.38));
#302 = DIRECTION('',(0.,-0.,1.));
#303 = DEFINITIONAL_REPRESENTATION('',(#304),#308);
#304 = LINE('',#305,#306);
#305 = CARTESIAN_POINT('',(-0.,1.570796326795));
#306 = VECTOR('',#307,1.);
#307 = DIRECTION('',(-1.,0.));
#308 = ( GEOMETRIC_REPRESENTATION_CONTEXT(2) 
PARAMETRIC_REPRESENTATION_CONTEXT() REPRESENTATION_CONTEXT('2D SPACE',''
  ) );
#309 = ORIENTED_EDGE('',*,*,#310,.T.);
#310 = EDGE_CURVE('',#275,#311,#313,.T.);
#311 = VERTEX_POINT('',#312);
#312 = CARTESIAN_POINT('',(-7.88,6.75,0.625));
#313 = SURFACE_CURVE('',#314,(#318,#325),.PCURVE_S1.);
#314 = LINE('',#315,#316);
#315 = CARTESIAN_POINT('',(-7.88,-6.75,0.625));
#316 = VECTOR('',#317,1.);
#317 = DIRECTION('',(0.,1.,0.));
#318 = PCURVE('',#33,#319);
#319 = DEFINITIONAL_REPRESENTATION('',(#320),#324);
#320 = LINE('',#321,#322);
#321 = CARTESIAN_POINT('',(7.879996216768,-6.965591516071));
#322 = VECTOR('',#323,1.);
#323 = DIRECTION('',(0.,1.));
#324 = ( GEOMETRIC_REPRESENTATION_CONTEXT(2) 
PARAMETRIC_REPRESENTATION_CONTEXT() REPRESENTATION_CONTEXT('2D SPACE',''
  ) );
#325 = PCURVE('',#326,#331);
#326 = CYLINDRICAL_SURFACE('',#327,0.245);
#327 = AXIS2_PLACEMENT_3D('',#328,#329,#330);
#328 = CARTESIAN_POINT('',(-7.88,-6.75,0.38));
#329 = DIRECTION('',(0.,1.,0.));
#330 = DIRECTION('',(-1.,0.,0.));
#331 = DEFINITIONAL_REPRESENTATION('',(#332),#336);
#332 = LINE('',#333,#334);
#333 = CARTESIAN_POINT('',(1.570796326795,0.));
#334 = VECTOR('',#335,1.);
#335 = DIRECTION('',(0.,1.));
#336 = ( GEOMETRIC_REPRESENTATION_CONTEXT(2) 
PARAMETRIC_REPRESENTATION_CONTEXT() REPRESENTATION_CONTEXT('2D SPACE',''
  ) );
#337 = ORIENTED_EDGE('',*,*,#338,.T.);
#338 = EDGE_CURVE('',#311,#339,#341,.T.);
#339 = VERTEX_POINT('',#340);
#340 = CARTESIAN_POINT('',(-7.875,6.755,0.625));
#341 = SURFACE_CURVE('',#342,(#347,#354),.PCURVE_S1.);
#342 = CIRCLE('',#343,5.000000000002E-03);
#343 = AXIS2_PLACEMENT_3D('',#344,#345,#346);
#344 = CARTESIAN_POINT('',(-7.875,6.75,0.625));
#345 = DIRECTION('',(0.,0.,-1.));
#346 = DIRECTION('',(-1.,7.105427357601E-15,0.));
#347 = PCURVE('',#33,#348);
#348 = DEFINITIONAL_REPRESENTATION('',(#349),#353);
#349 = CIRCLE('',#350,5.000000000002E-03);
#350 = AXIS2_PLACEMENT_2D('',#351,#352);
#351 = CARTESIAN_POINT('',(7.874996216768,6.534408483929));
#352 = DIRECTION('',(1.,0.));
#353 = ( GEOMETRIC_REPRESENTATION_CONTEXT(2) 
PARAMETRIC_REPRESENTATION_CONTEXT() REPRESENTATION_CONTEXT('2D SPACE',''
  ) );
#354 = PCURVE('',#355,#367);
#355 = SURFACE_OF_REVOLUTION('',#356,#364);
#356 = B_SPLINE_CURVE_WITH_KNOTS('',6,(#357,#358,#359,#360,#361,#362,
    #363),.UNSPECIFIED.,.F.,.F.,(7,7),(0.,1.570796326795),
  .PIECEWISE_BEZIER_KNOTS.);
#357 = CARTESIAN_POINT('',(-8.125,6.75,0.38));
#358 = CARTESIAN_POINT('',(-8.125,6.75,0.444140850011));
#359 = CARTESIAN_POINT('',(-8.104854216925,6.75,0.508276242673));
#360 = CARTESIAN_POINT('',(-8.064531586662,6.75,0.564531586662));
#361 = CARTESIAN_POINT('',(-8.008276242673,6.75,0.604854216925));
#362 = CARTESIAN_POINT('',(-7.944140850011,6.75,0.625));
#363 = CARTESIAN_POINT('',(-7.88,6.75,0.625));
#364 = AXIS1_PLACEMENT('',#365,#366);
#365 = CARTESIAN_POINT('',(-7.875,6.75,0.38));
#366 = DIRECTION('',(0.,-0.,1.));
#367 = DEFINITIONAL_REPRESENTATION('',(#368),#372);
#368 = LINE('',#369,#370);
#369 = CARTESIAN_POINT('',(-0.,1.570796326795));
#370 = VECTOR('',#371,1.);
#371 = DIRECTION('',(-1.,0.));
#372 = ( GEOMETRIC_REPRESENTATION_CONTEXT(2) 
PARAMETRIC_REPRESENTATION_CONTEXT() REPRESENTATION_CONTEXT('2D SPACE',''
  ) );
#373 = ORIENTED_EDGE('',*,*,#374,.T.);
#374 = EDGE_CURVE('',#339,#375,#377,.T.);
#375 = VERTEX_POINT('',#376);
#376 = CARTESIAN_POINT('',(-3.928,6.755,0.625));
#377 = SURFACE_CURVE('',#378,(#382,#389),.PCURVE_S1.);
#378 = LINE('',#379,#380);
#379 = CARTESIAN_POINT('',(-7.875,6.755,0.625));
#380 = VECTOR('',#381,1.);
#381 = DIRECTION('',(1.,0.,0.));
#382 = PCURVE('',#33,#383);
#383 = DEFINITIONAL_REPRESENTATION('',(#384),#388);
#384 = LINE('',#385,#386);
#385 = CARTESIAN_POINT('',(7.874996216768,6.539408483929));
#386 = VECTOR('',#387,1.);
#387 = DIRECTION('',(-1.,0.));
#388 = ( GEOMETRIC_REPRESENTATION_CONTEXT(2) 
PARAMETRIC_REPRESENTATION_CONTEXT() REPRESENTATION_CONTEXT('2D SPACE',''
  ) );
#389 = PCURVE('',#390,#395);
#390 = CYLINDRICAL_SURFACE('',#391,0.245);
#391 = AXIS2_PLACEMENT_3D('',#392,#393,#394);
#392 = CARTESIAN_POINT('',(-7.875,6.755,0.38));
#393 = DIRECTION('',(1.,0.,0.));
#394 = DIRECTION('',(-0.,1.,0.));
#395 = DEFINITIONAL_REPRESENTATION('',(#396),#400);
#396 = LINE('',#397,#398);
#397 = CARTESIAN_POINT('',(1.570796326795,0.));
#398 = VECTOR('',#399,1.);
#399 = DIRECTION('',(0.,1.));
#400 = ( GEOMETRIC_REPRESENTATION_CONTEXT(2) 
PARAMETRIC_REPRESENTATION_CONTEXT() REPRESENTATION_CONTEXT('2D SPACE',''
  ) );
#401 = ORIENTED_EDGE('',*,*,#402,.T.);
#402 = EDGE_CURVE('',#375,#403,#405,.T.);
#403 = VERTEX_POINT('',#404);
#404 = CARTESIAN_POINT('',(3.927908228421,6.755000017188,0.625));
#405 = SURFACE_CURVE('',#406,(#410,#417),.PCURVE_S1.);
#406 = LINE('',#407,#408);
#407 = CARTESIAN_POINT('',(-11.125,6.755,0.625));
#408 = VECTOR('',#409,1.);
#409 = DIRECTION('',(1.,0.,0.));
#410 = PCURVE('',#33,#411);
#411 = DEFINITIONAL_REPRESENTATION('',(#412),#416);
#412 = LINE('',#413,#414);
#413 = CARTESIAN_POINT('',(11.124996216768,6.539408483929));
#414 = VECTOR('',#415,1.);
#415 = DIRECTION('',(-1.,0.));
#416 = ( GEOMETRIC_REPRESENTATION_CONTEXT(2) 
PARAMETRIC_REPRESENTATION_CONTEXT() REPRESENTATION_CONTEXT('2D SPACE',''
  ) );
#417 = PCURVE('',#418,#423);
#418 = CYLINDRICAL_SURFACE('',#419,1.21875);
#419 = AXIS2_PLACEMENT_3D('',#420,#421,#422);
#420 = CARTESIAN_POINT('',(-11.125,6.755,-0.59375));
#421 = DIRECTION('',(-1.,0.,0.));
#422 = DIRECTION('',(0.,7.287617802668E-16,1.));
#423 = DEFINITIONAL_REPRESENTATION('',(#424),#428);
#424 = LINE('',#425,#426);
#425 = CARTESIAN_POINT('',(0.,0.));
#426 = VECTOR('',#427,1.);
#427 = DIRECTION('',(0.,-1.));
#428 = ( GEOMETRIC_REPRESENTATION_CONTEXT(2) 
PARAMETRIC_REPRESENTATION_CONTEXT() REPRESENTATION_CONTEXT('2D SPACE',''
  ) );
#429 = ORIENTED_EDGE('',*,*,#430,.T.);
#430 = EDGE_CURVE('',#403,#431,#433,.T.);
#431 = VERTEX_POINT('',#432);
#432 = CARTESIAN_POINT('',(7.875,6.755,0.625));
#433 = SURFACE_CURVE('',#434,(#438,#445),.PCURVE_S1.);
#434 = LINE('',#435,#436);
#435 = CARTESIAN_POINT('',(3.928,6.755,0.625));
#436 = VECTOR('',#437,1.);
#437 = DIRECTION('',(1.,0.,0.));
#438 = PCURVE('',#33,#439);
#439 = DEFINITIONAL_REPRESENTATION('',(#440),#444);
#440 = LINE('',#441,#442);
#441 = CARTESIAN_POINT('',(-3.928003783232,6.539408483929));
#442 = VECTOR('',#443,1.);
#443 = DIRECTION('',(-1.,0.));
#444 = ( GEOMETRIC_REPRESENTATION_CONTEXT(2) 
PARAMETRIC_REPRESENTATION_CONTEXT() REPRESENTATION_CONTEXT('2D SPACE',''
  ) );
#445 = PCURVE('',#446,#451);
#446 = CYLINDRICAL_SURFACE('',#447,0.245);
#447 = AXIS2_PLACEMENT_3D('',#448,#449,#450);
#448 = CARTESIAN_POINT('',(3.928,6.755,0.38));
#449 = DIRECTION('',(1.,0.,0.));
#450 = DIRECTION('',(-0.,1.,0.));
#451 = DEFINITIONAL_REPRESENTATION('',(#452),#456);
#452 = LINE('',#453,#454);
#453 = CARTESIAN_POINT('',(1.570796326795,0.));
#454 = VECTOR('',#455,1.);
#455 = DIRECTION('',(0.,1.));
#456 = ( GEOMETRIC_REPRESENTATION_CONTEXT(2) 
PARAMETRIC_REPRESENTATION_CONTEXT() REPRESENTATION_CONTEXT('2D SPACE',''
  ) );
#457 = ORIENTED_EDGE('',*,*,#458,.T.);
#458 = EDGE_CURVE('',#431,#459,#461,.T.);
#459 = VERTEX_POINT('',#460);
#460 = CARTESIAN_POINT('',(7.88,6.75,0.625));
#461 = SURFACE_CURVE('',#462,(#467,#474),.PCURVE_S1.);
#462 = CIRCLE('',#463,5.000000000002E-03);
#463 = AXIS2_PLACEMENT_3D('',#464,#465,#466);
#464 = CARTESIAN_POINT('',(7.875,6.75,0.625));
#465 = DIRECTION('',(0.,0.,-1.));
#466 = DIRECTION('',(7.105427357601E-15,1.,0.));
#467 = PCURVE('',#33,#468);
#468 = DEFINITIONAL_REPRESENTATION('',(#469),#473);
#469 = CIRCLE('',#470,5.000000000002E-03);
#470 = AXIS2_PLACEMENT_2D('',#471,#472);
#471 = CARTESIAN_POINT('',(-7.875003783232,6.534408483929));
#472 = DIRECTION('',(0.,1.));
#473 = ( GEOMETRIC_REPRESENTATION_CONTEXT(2) 
PARAMETRIC_REPRESENTATION_CONTEXT() REPRESENTATION_CONTEXT('2D SPACE',''
  ) );
#474 = PCURVE('',#475,#487);
#475 = SURFACE_OF_REVOLUTION('',#476,#484);
#476 = B_SPLINE_CURVE_WITH_KNOTS('',6,(#477,#478,#479,#480,#481,#482,
    #483),.UNSPECIFIED.,.F.,.F.,(7,7),(0.,1.570796326795),
  .PIECEWISE_BEZIER_KNOTS.);
#477 = CARTESIAN_POINT('',(7.875,7.,0.38));
#478 = CARTESIAN_POINT('',(7.875,7.,0.444140850011));
#479 = CARTESIAN_POINT('',(7.875,6.979854216925,0.508276242673));
#480 = CARTESIAN_POINT('',(7.875,6.939531586662,0.564531586662));
#481 = CARTESIAN_POINT('',(7.875,6.883276242673,0.604854216925));
#482 = CARTESIAN_POINT('',(7.875,6.819140850011,0.625));
#483 = CARTESIAN_POINT('',(7.875,6.755,0.625));
#484 = AXIS1_PLACEMENT('',#485,#486);
#485 = CARTESIAN_POINT('',(7.875,6.75,0.38));
#486 = DIRECTION('',(0.,-0.,1.));
#487 = DEFINITIONAL_REPRESENTATION('',(#488),#492);
#488 = LINE('',#489,#490);
#489 = CARTESIAN_POINT('',(-0.,1.570796326795));
#490 = VECTOR('',#491,1.);
#491 = DIRECTION('',(-1.,0.));
#492 = ( GEOMETRIC_REPRESENTATION_CONTEXT(2) 
PARAMETRIC_REPRESENTATION_CONTEXT() REPRESENTATION_CONTEXT('2D SPACE',''
  ) );
#493 = ORIENTED_EDGE('',*,*,#494,.T.);
#494 = EDGE_CURVE('',#459,#495,#497,.T.);
#495 = VERTEX_POINT('',#496);
#496 = CARTESIAN_POINT('',(7.88,-6.75,0.625));
#497 = SURFACE_CURVE('',#498,(#502,#509),.PCURVE_S1.);
#498 = LINE('',#499,#500);
#499 = CARTESIAN_POINT('',(7.88,6.75,0.625));
#500 = VECTOR('',#501,1.);
#501 = DIRECTION('',(0.,-1.,0.));
#502 = PCURVE('',#33,#503);
#503 = DEFINITIONAL_REPRESENTATION('',(#504),#508);
#504 = LINE('',#505,#506);
#505 = CARTESIAN_POINT('',(-7.880003783232,6.534408483929));
#506 = VECTOR('',#507,1.);
#507 = DIRECTION('',(0.,-1.));
#508 = ( GEOMETRIC_REPRESENTATION_CONTEXT(2) 
PARAMETRIC_REPRESENTATION_CONTEXT() REPRESENTATION_CONTEXT('2D SPACE',''
  ) );
#509 = PCURVE('',#510,#515);
#510 = CYLINDRICAL_SURFACE('',#511,0.245);
#511 = AXIS2_PLACEMENT_3D('',#512,#513,#514);
#512 = CARTESIAN_POINT('',(7.88,6.75,0.38));
#513 = DIRECTION('',(0.,-1.,0.));
#514 = DIRECTION('',(1.,0.,0.));
#515 = DEFINITIONAL_REPRESENTATION('',(#516),#520);
#516 = LINE('',#517,#518);
#517 = CARTESIAN_POINT('',(1.570796326795,0.));
#518 = VECTOR('',#519,1.);
#519 = DIRECTION('',(0.,1.));
#520 = ( GEOMETRIC_REPRESENTATION_CONTEXT(2) 
PARAMETRIC_REPRESENTATION_CONTEXT() REPRESENTATION_CONTEXT('2D SPACE',''
  ) );
#521 = ORIENTED_EDGE('',*,*,#522,.T.);
#522 = EDGE_CURVE('',#495,#523,#525,.T.);
#523 = VERTEX_POINT('',#524);
#524 = CARTESIAN_POINT('',(7.875,-6.755,0.625));
#525 = SURFACE_CURVE('',#526,(#531,#538),.PCURVE_S1.);
#526 = CIRCLE('',#527,5.000000000002E-03);
#527 = AXIS2_PLACEMENT_3D('',#528,#529,#530);
#528 = CARTESIAN_POINT('',(7.875,-6.75,0.625));
#529 = DIRECTION('',(-0.,0.,-1.));
#530 = DIRECTION('',(1.,-7.105427357601E-15,-0.));
#531 = PCURVE('',#33,#532);
#532 = DEFINITIONAL_REPRESENTATION('',(#533),#537);
#533 = CIRCLE('',#534,5.000000000002E-03);
#534 = AXIS2_PLACEMENT_2D('',#535,#536);
#535 = CARTESIAN_POINT('',(-7.875003783232,-6.965591516071));
#536 = DIRECTION('',(-1.,0.));
#537 = ( GEOMETRIC_REPRESENTATION_CONTEXT(2) 
PARAMETRIC_REPRESENTATION_CONTEXT() REPRESENTATION_CONTEXT('2D SPACE',''
  ) );
#538 = PCURVE('',#539,#551);
#539 = SURFACE_OF_REVOLUTION('',#540,#548);
#540 = B_SPLINE_CURVE_WITH_KNOTS('',6,(#541,#542,#543,#544,#545,#546,
    #547),.UNSPECIFIED.,.F.,.F.,(7,7),(0.,1.570796326795),
  .PIECEWISE_BEZIER_KNOTS.);
#541 = CARTESIAN_POINT('',(8.125,-6.75,0.38));
#542 = CARTESIAN_POINT('',(8.125,-6.75,0.444140850011));
#543 = CARTESIAN_POINT('',(8.104854216925,-6.75,0.508276242673));
#544 = CARTESIAN_POINT('',(8.064531586662,-6.75,0.564531586662));
#545 = CARTESIAN_POINT('',(8.008276242673,-6.75,0.604854216925));
#546 = CARTESIAN_POINT('',(7.944140850011,-6.75,0.625));
#547 = CARTESIAN_POINT('',(7.88,-6.75,0.625));
#548 = AXIS1_PLACEMENT('',#549,#550);
#549 = CARTESIAN_POINT('',(7.875,-6.75,0.38));
#550 = DIRECTION('',(0.,-0.,1.));
#551 = DEFINITIONAL_REPRESENTATION('',(#552),#556);
#552 = LINE('',#553,#554);
#553 = CARTESIAN_POINT('',(-0.,1.570796326795));
#554 = VECTOR('',#555,1.);
#555 = DIRECTION('',(-1.,0.));
#556 = ( GEOMETRIC_REPRESENTATION_CONTEXT(2) 
PARAMETRIC_REPRESENTATION_CONTEXT() REPRESENTATION_CONTEXT('2D SPACE',''
  ) );
#557 = ORIENTED_EDGE('',*,*,#558,.T.);
#558 = EDGE_CURVE('',#523,#273,#559,.T.);
#559 = SURFACE_CURVE('',#560,(#564,#571),.PCURVE_S1.);
#560 = LINE('',#561,#562);
#561 = CARTESIAN_POINT('',(7.875,-6.755,0.625));
#562 = VECTOR('',#563,1.);
#563 = DIRECTION('',(-1.,0.,0.));
#564 = PCURVE('',#33,#565);
#565 = DEFINITIONAL_REPRESENTATION('',(#566),#570);
#566 = LINE('',#567,#568);
#567 = CARTESIAN_POINT('',(-7.875003783232,-6.970591516071));
#568 = VECTOR('',#569,1.);
#569 = DIRECTION('',(1.,0.));
#570 = ( GEOMETRIC_REPRESENTATION_CONTEXT(2) 
PARAMETRIC_REPRESENTATION_CONTEXT() REPRESENTATION_CONTEXT('2D SPACE',''
  ) );
#571 = PCURVE('',#572,#577);
#572 = CYLINDRICAL_SURFACE('',#573,0.245);
#573 = AXIS2_PLACEMENT_3D('',#574,#575,#576);
#574 = CARTESIAN_POINT('',(7.875,-6.755,0.38));
#575 = DIRECTION('',(-1.,0.,0.));
#576 = DIRECTION('',(0.,-1.,0.));
#577 = DEFINITIONAL_REPRESENTATION('',(#578),#582);
#578 = LINE('',#579,#580);
#579 = CARTESIAN_POINT('',(1.570796326795,0.));
#580 = VECTOR('',#581,1.);
#581 = DIRECTION('',(0.,1.));
#582 = ( GEOMETRIC_REPRESENTATION_CONTEXT(2) 
PARAMETRIC_REPRESENTATION_CONTEXT() REPRESENTATION_CONTEXT('2D SPACE',''
  ) );
#583 = ADVANCED_FACE('',(#584),#49,.T.);
#584 = FACE_BOUND('',#585,.T.);
#585 = EDGE_LOOP('',(#586,#608,#609,#631));
#586 = ORIENTED_EDGE('',*,*,#587,.F.);
#587 = EDGE_CURVE('',#22,#588,#590,.T.);
#588 = VERTEX_POINT('',#589);
#589 = CARTESIAN_POINT('',(-6.125,-4.25,0.4375));
#590 = SURFACE_CURVE('',#591,(#596,#602),.PCURVE_S1.);
#591 = CIRCLE('',#592,0.1875);
#592 = AXIS2_PLACEMENT_3D('',#593,#594,#595);
#593 = CARTESIAN_POINT('',(-6.3125,-4.25,0.4375));
#594 = DIRECTION('',(0.,1.,0.));
#595 = DIRECTION('',(-1.,0.,0.));
#596 = PCURVE('',#49,#597);
#597 = DEFINITIONAL_REPRESENTATION('',(#598),#601);
#598 = B_SPLINE_CURVE_WITH_KNOTS('',1,(#599,#600),.UNSPECIFIED.,.F.,.F.,
  (2,2),(1.570796326795,3.14159265359),.PIECEWISE_BEZIER_KNOTS.);
#599 = CARTESIAN_POINT('',(0.,1.570796326795));
#600 = CARTESIAN_POINT('',(0.,3.14159265359));
#601 = ( GEOMETRIC_REPRESENTATION_CONTEXT(2) 
PARAMETRIC_REPRESENTATION_CONTEXT() REPRESENTATION_CONTEXT('2D SPACE',''
  ) );
#602 = PCURVE('',#258,#603);
#603 = DEFINITIONAL_REPRESENTATION('',(#604),#607);
#604 = B_SPLINE_CURVE_WITH_KNOTS('',1,(#605,#606),.UNSPECIFIED.,.F.,.F.,
  (2,2),(1.570796326795,3.14159265359),.PIECEWISE_BEZIER_KNOTS.);
#605 = CARTESIAN_POINT('',(0.,8.5));
#606 = CARTESIAN_POINT('',(-1.570796326795,8.5));
#607 = ( GEOMETRIC_REPRESENTATION_CONTEXT(2) 
PARAMETRIC_REPRESENTATION_CONTEXT() REPRESENTATION_CONTEXT('2D SPACE',''
  ) );
#608 = ORIENTED_EDGE('',*,*,#21,.T.);
#609 = ORIENTED_EDGE('',*,*,#610,.T.);
#610 = EDGE_CURVE('',#24,#611,#613,.T.);
#611 = VERTEX_POINT('',#612);
#612 = CARTESIAN_POINT('',(-5.375,-5.,0.4375));
#613 = SURFACE_CURVE('',#614,(#619,#625),.PCURVE_S1.);
#614 = CIRCLE('',#615,0.1875);
#615 = AXIS2_PLACEMENT_3D('',#616,#617,#618);
#616 = CARTESIAN_POINT('',(-5.375,-5.1875,0.4375));
#617 = DIRECTION('',(-1.,6.123233995737E-17,0.));
#618 = DIRECTION('',(-6.123233995737E-17,-1.,0.));
#619 = PCURVE('',#49,#620);
#620 = DEFINITIONAL_REPRESENTATION('',(#621),#624);
#621 = B_SPLINE_CURVE_WITH_KNOTS('',1,(#622,#623),.UNSPECIFIED.,.F.,.F.,
  (2,2),(1.570796326795,3.14159265359),.PIECEWISE_BEZIER_KNOTS.);
#622 = CARTESIAN_POINT('',(1.570796326795,1.570796326795));
#623 = CARTESIAN_POINT('',(1.570796326795,3.14159265359));
#624 = ( GEOMETRIC_REPRESENTATION_CONTEXT(2) 
PARAMETRIC_REPRESENTATION_CONTEXT() REPRESENTATION_CONTEXT('2D SPACE',''
  ) );
#625 = PCURVE('',#77,#626);
#626 = DEFINITIONAL_REPRESENTATION('',(#627),#630);
#627 = B_SPLINE_CURVE_WITH_KNOTS('',1,(#628,#629),.UNSPECIFIED.,.F.,.F.,
  (2,2),(1.570796326795,3.14159265359),.PIECEWISE_BEZIER_KNOTS.);
#628 = CARTESIAN_POINT('',(0.,0.));
#629 = CARTESIAN_POINT('',(-1.570796326795,0.));
#630 = ( GEOMETRIC_REPRESENTATION_CONTEXT(2) 
PARAMETRIC_REPRESENTATION_CONTEXT() REPRESENTATION_CONTEXT('2D SPACE',''
  ) );
#631 = ORIENTED_EDGE('',*,*,#632,.F.);
#632 = EDGE_CURVE('',#588,#611,#633,.T.);
#633 = SURFACE_CURVE('',#634,(#639,#646),.PCURVE_S1.);
#634 = CIRCLE('',#635,0.75);
#635 = AXIS2_PLACEMENT_3D('',#636,#637,#638);
#636 = CARTESIAN_POINT('',(-5.375,-4.25,0.4375));
#637 = DIRECTION('',(0.,0.,1.));
#638 = DIRECTION('',(-1.,0.,0.));
#639 = PCURVE('',#49,#640);
#640 = DEFINITIONAL_REPRESENTATION('',(#641),#645);
#641 = LINE('',#642,#643);
#642 = CARTESIAN_POINT('',(0.,3.14159265359));
#643 = VECTOR('',#644,1.);
#644 = DIRECTION('',(1.,0.));
#645 = ( GEOMETRIC_REPRESENTATION_CONTEXT(2) 
PARAMETRIC_REPRESENTATION_CONTEXT() REPRESENTATION_CONTEXT('2D SPACE',''
  ) );
#646 = PCURVE('',#647,#652);
#647 = CYLINDRICAL_SURFACE('',#648,0.75);
#648 = AXIS2_PLACEMENT_3D('',#649,#650,#651);
#649 = CARTESIAN_POINT('',(-5.375,-4.25,-0.1));
#650 = DIRECTION('',(0.,0.,1.));
#651 = DIRECTION('',(0.,-1.,0.));
#652 = DEFINITIONAL_REPRESENTATION('',(#653),#657);
#653 = LINE('',#654,#655);
#654 = CARTESIAN_POINT('',(-1.570796326795,0.5375));
#655 = VECTOR('',#656,1.);
#656 = DIRECTION('',(1.,-0.));
#657 = ( GEOMETRIC_REPRESENTATION_CONTEXT(2) 
PARAMETRIC_REPRESENTATION_CONTEXT() REPRESENTATION_CONTEXT('2D SPACE',''
  ) );
#658 = ADVANCED_FACE('',(#659),#258,.T.);
#659 = FACE_BOUND('',#660,.F.);
#660 = EDGE_LOOP('',(#661,#683,#709,#710));
#661 = ORIENTED_EDGE('',*,*,#662,.T.);
#662 = EDGE_CURVE('',#212,#663,#665,.T.);
#663 = VERTEX_POINT('',#664);
#664 = CARTESIAN_POINT('',(-6.125,4.25,0.4375));
#665 = SURFACE_CURVE('',#666,(#671,#677),.PCURVE_S1.);
#666 = CIRCLE('',#667,0.1875);
#667 = AXIS2_PLACEMENT_3D('',#668,#669,#670);
#668 = CARTESIAN_POINT('',(-6.3125,4.25,0.4375));
#669 = DIRECTION('',(6.123233995737E-17,1.,0.));
#670 = DIRECTION('',(-1.,6.123233995737E-17,0.));
#671 = PCURVE('',#258,#672);
#672 = DEFINITIONAL_REPRESENTATION('',(#673),#676);
#673 = B_SPLINE_CURVE_WITH_KNOTS('',1,(#674,#675),.UNSPECIFIED.,.F.,.F.,
  (2,2),(1.570796326795,3.14159265359),.PIECEWISE_BEZIER_KNOTS.);
#674 = CARTESIAN_POINT('',(0.,0.));
#675 = CARTESIAN_POINT('',(-1.570796326795,0.));
#676 = ( GEOMETRIC_REPRESENTATION_CONTEXT(2) 
PARAMETRIC_REPRESENTATION_CONTEXT() REPRESENTATION_CONTEXT('2D SPACE',''
  ) );
#677 = PCURVE('',#232,#678);
#678 = DEFINITIONAL_REPRESENTATION('',(#679),#682);
#679 = B_SPLINE_CURVE_WITH_KNOTS('',1,(#680,#681),.UNSPECIFIED.,.F.,.F.,
  (2,2),(1.570796326795,3.14159265359),.PIECEWISE_BEZIER_KNOTS.);
#680 = CARTESIAN_POINT('',(1.570796326795,1.570796326795));
#681 = CARTESIAN_POINT('',(1.570796326795,3.14159265359));
#682 = ( GEOMETRIC_REPRESENTATION_CONTEXT(2) 
PARAMETRIC_REPRESENTATION_CONTEXT() REPRESENTATION_CONTEXT('2D SPACE',''
  ) );
#683 = ORIENTED_EDGE('',*,*,#684,.T.);
#684 = EDGE_CURVE('',#663,#588,#685,.T.);
#685 = SURFACE_CURVE('',#686,(#690,#697),.PCURVE_S1.);
#686 = LINE('',#687,#688);
#687 = CARTESIAN_POINT('',(-6.125,4.25,0.4375));
#688 = VECTOR('',#689,1.);
#689 = DIRECTION('',(0.,-1.,0.));
#690 = PCURVE('',#258,#691);
#691 = DEFINITIONAL_REPRESENTATION('',(#692),#696);
#692 = LINE('',#693,#694);
#693 = CARTESIAN_POINT('',(-1.570796326795,0.));
#694 = VECTOR('',#695,1.);
#695 = DIRECTION('',(-0.,1.));
#696 = ( GEOMETRIC_REPRESENTATION_CONTEXT(2) 
PARAMETRIC_REPRESENTATION_CONTEXT() REPRESENTATION_CONTEXT('2D SPACE',''
  ) );
#697 = PCURVE('',#698,#703);
#698 = PLANE('',#699);
#699 = AXIS2_PLACEMENT_3D('',#700,#701,#702);
#700 = CARTESIAN_POINT('',(-6.125,5.,-0.1));
#701 = DIRECTION('',(1.,0.,-0.));
#702 = DIRECTION('',(0.,-1.,0.));
#703 = DEFINITIONAL_REPRESENTATION('',(#704),#708);
#704 = LINE('',#705,#706);
#705 = CARTESIAN_POINT('',(0.75,-0.5375));
#706 = VECTOR('',#707,1.);
#707 = DIRECTION('',(1.,0.));
#708 = ( GEOMETRIC_REPRESENTATION_CONTEXT(2) 
PARAMETRIC_REPRESENTATION_CONTEXT() REPRESENTATION_CONTEXT('2D SPACE',''
  ) );
#709 = ORIENTED_EDGE('',*,*,#587,.F.);
#710 = ORIENTED_EDGE('',*,*,#244,.F.);
#711 = ADVANCED_FACE('',(#712),#77,.T.);
#712 = FACE_BOUND('',#713,.F.);
#713 = EDGE_LOOP('',(#714,#715,#743,#763));
#714 = ORIENTED_EDGE('',*,*,#610,.T.);
#715 = ORIENTED_EDGE('',*,*,#716,.T.);
#716 = EDGE_CURVE('',#611,#717,#719,.T.);
#717 = VERTEX_POINT('',#718);
#718 = CARTESIAN_POINT('',(5.375,-5.,0.4375));
#719 = SURFACE_CURVE('',#720,(#724,#731),.PCURVE_S1.);
#720 = LINE('',#721,#722);
#721 = CARTESIAN_POINT('',(-5.375,-5.,0.4375));
#722 = VECTOR('',#723,1.);
#723 = DIRECTION('',(1.,0.,0.));
#724 = PCURVE('',#77,#725);
#725 = DEFINITIONAL_REPRESENTATION('',(#726),#730);
#726 = LINE('',#727,#728);
#727 = CARTESIAN_POINT('',(-1.570796326795,0.));
#728 = VECTOR('',#729,1.);
#729 = DIRECTION('',(-0.,1.));
#730 = ( GEOMETRIC_REPRESENTATION_CONTEXT(2) 
PARAMETRIC_REPRESENTATION_CONTEXT() REPRESENTATION_CONTEXT('2D SPACE',''
  ) );
#731 = PCURVE('',#732,#737);
#732 = PLANE('',#733);
#733 = AXIS2_PLACEMENT_3D('',#734,#735,#736);
#734 = CARTESIAN_POINT('',(-6.125,-5.,-0.1));
#735 = DIRECTION('',(0.,1.,0.));
#736 = DIRECTION('',(1.,0.,0.));
#737 = DEFINITIONAL_REPRESENTATION('',(#738),#742);
#738 = LINE('',#739,#740);
#739 = CARTESIAN_POINT('',(0.75,-0.5375));
#740 = VECTOR('',#741,1.);
#741 = DIRECTION('',(1.,0.));
#742 = ( GEOMETRIC_REPRESENTATION_CONTEXT(2) 
PARAMETRIC_REPRESENTATION_CONTEXT() REPRESENTATION_CONTEXT('2D SPACE',''
  ) );
#743 = ORIENTED_EDGE('',*,*,#744,.F.);
#744 = EDGE_CURVE('',#62,#717,#745,.T.);
#745 = SURFACE_CURVE('',#746,(#751,#757),.PCURVE_S1.);
#746 = CIRCLE('',#747,0.1875);
#747 = AXIS2_PLACEMENT_3D('',#748,#749,#750);
#748 = CARTESIAN_POINT('',(5.375,-5.1875,0.4375));
#749 = DIRECTION('',(-1.,-0.,0.));
#750 = DIRECTION('',(0.,-0.,1.));
#751 = PCURVE('',#77,#752);
#752 = DEFINITIONAL_REPRESENTATION('',(#753),#756);
#753 = B_SPLINE_CURVE_WITH_KNOTS('',1,(#754,#755),.UNSPECIFIED.,.F.,.F.,
  (2,2),(0.,1.570796326795),.PIECEWISE_BEZIER_KNOTS.);
#754 = CARTESIAN_POINT('',(0.,10.75));
#755 = CARTESIAN_POINT('',(-1.570796326795,10.75));
#756 = ( GEOMETRIC_REPRESENTATION_CONTEXT(2) 
PARAMETRIC_REPRESENTATION_CONTEXT() REPRESENTATION_CONTEXT('2D SPACE',''
  ) );
#757 = PCURVE('',#110,#758);
#758 = DEFINITIONAL_REPRESENTATION('',(#759),#762);
#759 = B_SPLINE_CURVE_WITH_KNOTS('',1,(#760,#761),.UNSPECIFIED.,.F.,.F.,
  (2,2),(0.,1.570796326795),.PIECEWISE_BEZIER_KNOTS.);
#760 = CARTESIAN_POINT('',(0.,1.570796326795));
#761 = CARTESIAN_POINT('',(0.,3.14159265359));
#762 = ( GEOMETRIC_REPRESENTATION_CONTEXT(2) 
PARAMETRIC_REPRESENTATION_CONTEXT() REPRESENTATION_CONTEXT('2D SPACE',''
  ) );
#763 = ORIENTED_EDGE('',*,*,#61,.F.);
#764 = ADVANCED_FACE('',(#765),#232,.T.);
#765 = FACE_BOUND('',#766,.T.);
#766 = EDGE_LOOP('',(#767,#789,#790,#791));
#767 = ORIENTED_EDGE('',*,*,#768,.F.);
#768 = EDGE_CURVE('',#184,#769,#771,.T.);
#769 = VERTEX_POINT('',#770);
#770 = CARTESIAN_POINT('',(-5.375,5.,0.4375));
#771 = SURFACE_CURVE('',#772,(#777,#783),.PCURVE_S1.);
#772 = CIRCLE('',#773,0.1875);
#773 = AXIS2_PLACEMENT_3D('',#774,#775,#776);
#774 = CARTESIAN_POINT('',(-5.375,5.1875,0.4375));
#775 = DIRECTION('',(1.,0.,-0.));
#776 = DIRECTION('',(0.,0.,1.));
#777 = PCURVE('',#232,#778);
#778 = DEFINITIONAL_REPRESENTATION('',(#779),#782);
#779 = B_SPLINE_CURVE_WITH_KNOTS('',1,(#780,#781),.UNSPECIFIED.,.F.,.F.,
  (2,2),(0.,1.570796326795),.PIECEWISE_BEZIER_KNOTS.);
#780 = CARTESIAN_POINT('',(0.,1.570796326795));
#781 = CARTESIAN_POINT('',(0.,3.14159265359));
#782 = ( GEOMETRIC_REPRESENTATION_CONTEXT(2) 
PARAMETRIC_REPRESENTATION_CONTEXT() REPRESENTATION_CONTEXT('2D SPACE',''
  ) );
#783 = PCURVE('',#199,#784);
#784 = DEFINITIONAL_REPRESENTATION('',(#785),#788);
#785 = B_SPLINE_CURVE_WITH_KNOTS('',1,(#786,#787),.UNSPECIFIED.,.F.,.F.,
  (2,2),(0.,1.570796326795),.PIECEWISE_BEZIER_KNOTS.);
#786 = CARTESIAN_POINT('',(0.,10.75));
#787 = CARTESIAN_POINT('',(-1.570796326795,10.75));
#788 = ( GEOMETRIC_REPRESENTATION_CONTEXT(2) 
PARAMETRIC_REPRESENTATION_CONTEXT() REPRESENTATION_CONTEXT('2D SPACE',''
  ) );
#789 = ORIENTED_EDGE('',*,*,#211,.T.);
#790 = ORIENTED_EDGE('',*,*,#662,.T.);
#791 = ORIENTED_EDGE('',*,*,#792,.F.);
#792 = EDGE_CURVE('',#769,#663,#793,.T.);
#793 = SURFACE_CURVE('',#794,(#799,#806),.PCURVE_S1.);
#794 = CIRCLE('',#795,0.75);
#795 = AXIS2_PLACEMENT_3D('',#796,#797,#798);
#796 = CARTESIAN_POINT('',(-5.375,4.25,0.4375));
#797 = DIRECTION('',(0.,-0.,1.));
#798 = DIRECTION('',(0.,1.,0.));
#799 = PCURVE('',#232,#800);
#800 = DEFINITIONAL_REPRESENTATION('',(#801),#805);
#801 = LINE('',#802,#803);
#802 = CARTESIAN_POINT('',(0.,3.14159265359));
#803 = VECTOR('',#804,1.);
#804 = DIRECTION('',(1.,0.));
#805 = ( GEOMETRIC_REPRESENTATION_CONTEXT(2) 
PARAMETRIC_REPRESENTATION_CONTEXT() REPRESENTATION_CONTEXT('2D SPACE',''
  ) );
#806 = PCURVE('',#807,#812);
#807 = CYLINDRICAL_SURFACE('',#808,0.75);
#808 = AXIS2_PLACEMENT_3D('',#809,#810,#811);
#809 = CARTESIAN_POINT('',(-5.375,4.25,-0.1));
#810 = DIRECTION('',(0.,0.,1.));
#811 = DIRECTION('',(-0.,1.,0.));
#812 = DEFINITIONAL_REPRESENTATION('',(#813),#817);
#813 = LINE('',#814,#815);
#814 = CARTESIAN_POINT('',(0.,0.5375));
#815 = VECTOR('',#816,1.);
#816 = DIRECTION('',(1.,0.));
#817 = ( GEOMETRIC_REPRESENTATION_CONTEXT(2) 
PARAMETRIC_REPRESENTATION_CONTEXT() REPRESENTATION_CONTEXT('2D SPACE',''
  ) );
#818 = ADVANCED_FACE('',(#819),#110,.T.);
#819 = FACE_BOUND('',#820,.T.);
#820 = EDGE_LOOP('',(#821,#822,#823,#845));
#821 = ORIENTED_EDGE('',*,*,#744,.F.);
#822 = ORIENTED_EDGE('',*,*,#89,.T.);
#823 = ORIENTED_EDGE('',*,*,#824,.T.);
#824 = EDGE_CURVE('',#90,#825,#827,.T.);
#825 = VERTEX_POINT('',#826);
#826 = CARTESIAN_POINT('',(6.125,-4.25,0.4375));
#827 = SURFACE_CURVE('',#828,(#833,#839),.PCURVE_S1.);
#828 = CIRCLE('',#829,0.1875);
#829 = AXIS2_PLACEMENT_3D('',#830,#831,#832);
#830 = CARTESIAN_POINT('',(6.3125,-4.25,0.4375));
#831 = DIRECTION('',(-6.123233995737E-17,-1.,0.));
#832 = DIRECTION('',(1.,-6.123233995737E-17,0.));
#833 = PCURVE('',#110,#834);
#834 = DEFINITIONAL_REPRESENTATION('',(#835),#838);
#835 = B_SPLINE_CURVE_WITH_KNOTS('',1,(#836,#837),.UNSPECIFIED.,.F.,.F.,
  (2,2),(1.570796326795,3.14159265359),.PIECEWISE_BEZIER_KNOTS.);
#836 = CARTESIAN_POINT('',(1.570796326795,1.570796326795));
#837 = CARTESIAN_POINT('',(1.570796326795,3.14159265359));
#838 = ( GEOMETRIC_REPRESENTATION_CONTEXT(2) 
PARAMETRIC_REPRESENTATION_CONTEXT() REPRESENTATION_CONTEXT('2D SPACE',''
  ) );
#839 = PCURVE('',#138,#840);
#840 = DEFINITIONAL_REPRESENTATION('',(#841),#844);
#841 = B_SPLINE_CURVE_WITH_KNOTS('',1,(#842,#843),.UNSPECIFIED.,.F.,.F.,
  (2,2),(1.570796326795,3.14159265359),.PIECEWISE_BEZIER_KNOTS.);
#842 = CARTESIAN_POINT('',(0.,0.));
#843 = CARTESIAN_POINT('',(-1.570796326795,0.));
#844 = ( GEOMETRIC_REPRESENTATION_CONTEXT(2) 
PARAMETRIC_REPRESENTATION_CONTEXT() REPRESENTATION_CONTEXT('2D SPACE',''
  ) );
#845 = ORIENTED_EDGE('',*,*,#846,.F.);
#846 = EDGE_CURVE('',#717,#825,#847,.T.);
#847 = SURFACE_CURVE('',#848,(#853,#860),.PCURVE_S1.);
#848 = CIRCLE('',#849,0.75);
#849 = AXIS2_PLACEMENT_3D('',#850,#851,#852);
#850 = CARTESIAN_POINT('',(5.375,-4.25,0.4375));
#851 = DIRECTION('',(0.,-0.,1.));
#852 = DIRECTION('',(0.,-1.,-0.));
#853 = PCURVE('',#110,#854);
#854 = DEFINITIONAL_REPRESENTATION('',(#855),#859);
#855 = LINE('',#856,#857);
#856 = CARTESIAN_POINT('',(0.,3.14159265359));
#857 = VECTOR('',#858,1.);
#858 = DIRECTION('',(1.,0.));
#859 = ( GEOMETRIC_REPRESENTATION_CONTEXT(2) 
PARAMETRIC_REPRESENTATION_CONTEXT() REPRESENTATION_CONTEXT('2D SPACE',''
  ) );
#860 = PCURVE('',#861,#866);
#861 = CYLINDRICAL_SURFACE('',#862,0.75);
#862 = AXIS2_PLACEMENT_3D('',#863,#864,#865);
#863 = CARTESIAN_POINT('',(5.375,-4.25,-0.1));
#864 = DIRECTION('',(0.,0.,1.));
#865 = DIRECTION('',(0.,-1.,0.));
#866 = DEFINITIONAL_REPRESENTATION('',(#867),#871);
#867 = LINE('',#868,#869);
#868 = CARTESIAN_POINT('',(0.,0.5375));
#869 = VECTOR('',#870,1.);
#870 = DIRECTION('',(1.,0.));
#871 = ( GEOMETRIC_REPRESENTATION_CONTEXT(2) 
PARAMETRIC_REPRESENTATION_CONTEXT() REPRESENTATION_CONTEXT('2D SPACE',''
  ) );
#872 = ADVANCED_FACE('',(#873),#199,.T.);
#873 = FACE_BOUND('',#874,.F.);
#874 = EDGE_LOOP('',(#875,#897,#923,#924));
#875 = ORIENTED_EDGE('',*,*,#876,.T.);
#876 = EDGE_CURVE('',#151,#877,#879,.T.);
#877 = VERTEX_POINT('',#878);
#878 = CARTESIAN_POINT('',(5.375,5.,0.4375));
#879 = SURFACE_CURVE('',#880,(#885,#891),.PCURVE_S1.);
#880 = CIRCLE('',#881,0.1875);
#881 = AXIS2_PLACEMENT_3D('',#882,#883,#884);
#882 = CARTESIAN_POINT('',(5.375,5.1875,0.4375));
#883 = DIRECTION('',(1.,-6.123233995737E-17,-0.));
#884 = DIRECTION('',(6.123233995737E-17,1.,0.));
#885 = PCURVE('',#199,#886);
#886 = DEFINITIONAL_REPRESENTATION('',(#887),#890);
#887 = B_SPLINE_CURVE_WITH_KNOTS('',1,(#888,#889),.UNSPECIFIED.,.F.,.F.,
  (2,2),(1.570796326795,3.14159265359),.PIECEWISE_BEZIER_KNOTS.);
#888 = CARTESIAN_POINT('',(0.,0.));
#889 = CARTESIAN_POINT('',(-1.570796326795,0.));
#890 = ( GEOMETRIC_REPRESENTATION_CONTEXT(2) 
PARAMETRIC_REPRESENTATION_CONTEXT() REPRESENTATION_CONTEXT('2D SPACE',''
  ) );
#891 = PCURVE('',#171,#892);
#892 = DEFINITIONAL_REPRESENTATION('',(#893),#896);
#893 = B_SPLINE_CURVE_WITH_KNOTS('',1,(#894,#895),.UNSPECIFIED.,.F.,.F.,
  (2,2),(1.570796326795,3.14159265359),.PIECEWISE_BEZIER_KNOTS.);
#894 = CARTESIAN_POINT('',(1.570796326795,1.570796326795));
#895 = CARTESIAN_POINT('',(1.570796326795,3.14159265359));
#896 = ( GEOMETRIC_REPRESENTATION_CONTEXT(2) 
PARAMETRIC_REPRESENTATION_CONTEXT() REPRESENTATION_CONTEXT('2D SPACE',''
  ) );
#897 = ORIENTED_EDGE('',*,*,#898,.T.);
#898 = EDGE_CURVE('',#877,#769,#899,.T.);
#899 = SURFACE_CURVE('',#900,(#904,#911),.PCURVE_S1.);
#900 = LINE('',#901,#902);
#901 = CARTESIAN_POINT('',(5.375,5.,0.4375));
#902 = VECTOR('',#903,1.);
#903 = DIRECTION('',(-1.,0.,0.));
#904 = PCURVE('',#199,#905);
#905 = DEFINITIONAL_REPRESENTATION('',(#906),#910);
#906 = LINE('',#907,#908);
#907 = CARTESIAN_POINT('',(-1.570796326795,0.));
#908 = VECTOR('',#909,1.);
#909 = DIRECTION('',(-0.,1.));
#910 = ( GEOMETRIC_REPRESENTATION_CONTEXT(2) 
PARAMETRIC_REPRESENTATION_CONTEXT() REPRESENTATION_CONTEXT('2D SPACE',''
  ) );
#911 = PCURVE('',#912,#917);
#912 = PLANE('',#913);
#913 = AXIS2_PLACEMENT_3D('',#914,#915,#916);
#914 = CARTESIAN_POINT('',(6.125,5.,-0.1));
#915 = DIRECTION('',(0.,-1.,0.));
#916 = DIRECTION('',(-1.,0.,0.));
#917 = DEFINITIONAL_REPRESENTATION('',(#918),#922);
#918 = LINE('',#919,#920);
#919 = CARTESIAN_POINT('',(0.75,-0.5375));
#920 = VECTOR('',#921,1.);
#921 = DIRECTION('',(1.,0.));
#922 = ( GEOMETRIC_REPRESENTATION_CONTEXT(2) 
PARAMETRIC_REPRESENTATION_CONTEXT() REPRESENTATION_CONTEXT('2D SPACE',''
  ) );
#923 = ORIENTED_EDGE('',*,*,#768,.F.);
#924 = ORIENTED_EDGE('',*,*,#183,.F.);
#925 = ADVANCED_FACE('',(#926),#138,.T.);
#926 = FACE_BOUND('',#927,.F.);
#927 = EDGE_LOOP('',(#928,#929,#957,#977));
#928 = ORIENTED_EDGE('',*,*,#824,.T.);
#929 = ORIENTED_EDGE('',*,*,#930,.T.);
#930 = EDGE_CURVE('',#825,#931,#933,.T.);
#931 = VERTEX_POINT('',#932);
#932 = CARTESIAN_POINT('',(6.125,4.25,0.4375));
#933 = SURFACE_CURVE('',#934,(#938,#945),.PCURVE_S1.);
#934 = LINE('',#935,#936);
#935 = CARTESIAN_POINT('',(6.125,-4.25,0.4375));
#936 = VECTOR('',#937,1.);
#937 = DIRECTION('',(0.,1.,-0.));
#938 = PCURVE('',#138,#939);
#939 = DEFINITIONAL_REPRESENTATION('',(#940),#944);
#940 = LINE('',#941,#942);
#941 = CARTESIAN_POINT('',(-1.570796326795,0.));
#942 = VECTOR('',#943,1.);
#943 = DIRECTION('',(-0.,1.));
#944 = ( GEOMETRIC_REPRESENTATION_CONTEXT(2) 
PARAMETRIC_REPRESENTATION_CONTEXT() REPRESENTATION_CONTEXT('2D SPACE',''
  ) );
#945 = PCURVE('',#946,#951);
#946 = PLANE('',#947);
#947 = AXIS2_PLACEMENT_3D('',#948,#949,#950);
#948 = CARTESIAN_POINT('',(6.125,-5.,-0.1));
#949 = DIRECTION('',(-1.,0.,0.));
#950 = DIRECTION('',(0.,1.,0.));
#951 = DEFINITIONAL_REPRESENTATION('',(#952),#956);
#952 = LINE('',#953,#954);
#953 = CARTESIAN_POINT('',(0.75,-0.5375));
#954 = VECTOR('',#955,1.);
#955 = DIRECTION('',(1.,0.));
#956 = ( GEOMETRIC_REPRESENTATION_CONTEXT(2) 
PARAMETRIC_REPRESENTATION_CONTEXT() REPRESENTATION_CONTEXT('2D SPACE',''
  ) );
#957 = ORIENTED_EDGE('',*,*,#958,.F.);
#958 = EDGE_CURVE('',#123,#931,#959,.T.);
#959 = SURFACE_CURVE('',#960,(#965,#971),.PCURVE_S1.);
#960 = CIRCLE('',#961,0.1875);
#961 = AXIS2_PLACEMENT_3D('',#962,#963,#964);
#962 = CARTESIAN_POINT('',(6.3125,4.25,0.4375));
#963 = DIRECTION('',(0.,-1.,0.));
#964 = DIRECTION('',(0.,0.,1.));
#965 = PCURVE('',#138,#966);
#966 = DEFINITIONAL_REPRESENTATION('',(#967),#970);
#967 = B_SPLINE_CURVE_WITH_KNOTS('',1,(#968,#969),.UNSPECIFIED.,.F.,.F.,
  (2,2),(0.,1.570796326795),.PIECEWISE_BEZIER_KNOTS.);
#968 = CARTESIAN_POINT('',(0.,8.5));
#969 = CARTESIAN_POINT('',(-1.570796326795,8.5));
#970 = ( GEOMETRIC_REPRESENTATION_CONTEXT(2) 
PARAMETRIC_REPRESENTATION_CONTEXT() REPRESENTATION_CONTEXT('2D SPACE',''
  ) );
#971 = PCURVE('',#171,#972);
#972 = DEFINITIONAL_REPRESENTATION('',(#973),#976);
#973 = B_SPLINE_CURVE_WITH_KNOTS('',1,(#974,#975),.UNSPECIFIED.,.F.,.F.,
  (2,2),(0.,1.570796326795),.PIECEWISE_BEZIER_KNOTS.);
#974 = CARTESIAN_POINT('',(0.,1.570796326795));
#975 = CARTESIAN_POINT('',(0.,3.14159265359));
#976 = ( GEOMETRIC_REPRESENTATION_CONTEXT(2) 
PARAMETRIC_REPRESENTATION_CONTEXT() REPRESENTATION_CONTEXT('2D SPACE',''
  ) );
#977 = ORIENTED_EDGE('',*,*,#122,.F.);
#978 = ADVANCED_FACE('',(#979),#171,.T.);
#979 = FACE_BOUND('',#980,.T.);
#980 = EDGE_LOOP('',(#981,#982,#983,#984));
#981 = ORIENTED_EDGE('',*,*,#958,.F.);
#982 = ORIENTED_EDGE('',*,*,#150,.T.);
#983 = ORIENTED_EDGE('',*,*,#876,.T.);
#984 = ORIENTED_EDGE('',*,*,#985,.F.);
#985 = EDGE_CURVE('',#931,#877,#986,.T.);
#986 = SURFACE_CURVE('',#987,(#992,#999),.PCURVE_S1.);
#987 = CIRCLE('',#988,0.75);
#988 = AXIS2_PLACEMENT_3D('',#989,#990,#991);
#989 = CARTESIAN_POINT('',(5.375,4.25,0.4375));
#990 = DIRECTION('',(0.,-0.,1.));
#991 = DIRECTION('',(1.,0.,0.));
#992 = PCURVE('',#171,#993);
#993 = DEFINITIONAL_REPRESENTATION('',(#994),#998);
#994 = LINE('',#995,#996);
#995 = CARTESIAN_POINT('',(0.,3.14159265359));
#996 = VECTOR('',#997,1.);
#997 = DIRECTION('',(1.,0.));
#998 = ( GEOMETRIC_REPRESENTATION_CONTEXT(2) 
PARAMETRIC_REPRESENTATION_CONTEXT() REPRESENTATION_CONTEXT('2D SPACE',''
  ) );
#999 = PCURVE('',#1000,#1005);
#1000 = CYLINDRICAL_SURFACE('',#1001,0.75);
#1001 = AXIS2_PLACEMENT_3D('',#1002,#1003,#1004);
#1002 = CARTESIAN_POINT('',(5.375,4.25,-0.1));
#1003 = DIRECTION('',(0.,0.,1.));
#1004 = DIRECTION('',(1.,0.,-0.));
#1005 = DEFINITIONAL_REPRESENTATION('',(#1006),#1010);
#1006 = LINE('',#1007,#1008);
#1007 = CARTESIAN_POINT('',(0.,0.5375));
#1008 = VECTOR('',#1009,1.);
#1009 = DIRECTION('',(1.,0.));
#1010 = ( GEOMETRIC_REPRESENTATION_CONTEXT(2) 
PARAMETRIC_REPRESENTATION_CONTEXT() REPRESENTATION_CONTEXT('2D SPACE',''
  ) );
#1011 = ADVANCED_FACE('',(#1012),#291,.T.);
#1012 = FACE_BOUND('',#1013,.F.);
#1013 = EDGE_LOOP('',(#1014,#1036,#1065,#1085));
#1014 = ORIENTED_EDGE('',*,*,#1015,.F.);
#1015 = EDGE_CURVE('',#1016,#273,#1018,.T.);
#1016 = VERTEX_POINT('',#1017);
#1017 = CARTESIAN_POINT('',(-7.875,-7.,0.38));
#1018 = SURFACE_CURVE('',#1019,(#1024,#1030),.PCURVE_S1.);
#1019 = CIRCLE('',#1020,0.245);
#1020 = AXIS2_PLACEMENT_3D('',#1021,#1022,#1023);
#1021 = CARTESIAN_POINT('',(-7.875,-6.755,0.38));
#1022 = DIRECTION('',(-1.,0.,0.));
#1023 = DIRECTION('',(0.,-1.,0.));
#1024 = PCURVE('',#291,#1025);
#1025 = DEFINITIONAL_REPRESENTATION('',(#1026),#1029);
#1026 = B_SPLINE_CURVE_WITH_KNOTS('',1,(#1027,#1028),.UNSPECIFIED.,.F.,
  .F.,(2,2),(0.,1.570796326795),.PIECEWISE_BEZIER_KNOTS.);
#1027 = CARTESIAN_POINT('',(0.,0.));
#1028 = CARTESIAN_POINT('',(0.,1.570796326795));
#1029 = ( GEOMETRIC_REPRESENTATION_CONTEXT(2) 
PARAMETRIC_REPRESENTATION_CONTEXT() REPRESENTATION_CONTEXT('2D SPACE',''
  ) );
#1030 = PCURVE('',#572,#1031);
#1031 = DEFINITIONAL_REPRESENTATION('',(#1032),#1035);
#1032 = B_SPLINE_CURVE_WITH_KNOTS('',1,(#1033,#1034),.UNSPECIFIED.,.F.,
  .F.,(2,2),(0.,1.570796326795),.PIECEWISE_BEZIER_KNOTS.);
#1033 = CARTESIAN_POINT('',(0.,15.75));
#1034 = CARTESIAN_POINT('',(1.570796326795,15.75));
#1035 = ( GEOMETRIC_REPRESENTATION_CONTEXT(2) 
PARAMETRIC_REPRESENTATION_CONTEXT() REPRESENTATION_CONTEXT('2D SPACE',''
  ) );
#1036 = ORIENTED_EDGE('',*,*,#1037,.T.);
#1037 = EDGE_CURVE('',#1016,#1038,#1040,.T.);
#1038 = VERTEX_POINT('',#1039);
#1039 = CARTESIAN_POINT('',(-8.125,-6.75,0.38));
#1040 = SURFACE_CURVE('',#1041,(#1046,#1053),.PCURVE_S1.);
#1041 = CIRCLE('',#1042,0.25);
#1042 = AXIS2_PLACEMENT_3D('',#1043,#1044,#1045);
#1043 = CARTESIAN_POINT('',(-7.875,-6.75,0.38));
#1044 = DIRECTION('',(-0.,0.,-1.));
#1045 = DIRECTION('',(-7.105427357601E-15,-1.,0.));
#1046 = PCURVE('',#291,#1047);
#1047 = DEFINITIONAL_REPRESENTATION('',(#1048),#1052);
#1048 = LINE('',#1049,#1050);
#1049 = CARTESIAN_POINT('',(-0.,0.));
#1050 = VECTOR('',#1051,1.);
#1051 = DIRECTION('',(-1.,0.));
#1052 = ( GEOMETRIC_REPRESENTATION_CONTEXT(2) 
PARAMETRIC_REPRESENTATION_CONTEXT() REPRESENTATION_CONTEXT('2D SPACE',''
  ) );
#1053 = PCURVE('',#1054,#1059);
#1054 = CYLINDRICAL_SURFACE('',#1055,0.25);
#1055 = AXIS2_PLACEMENT_3D('',#1056,#1057,#1058);
#1056 = CARTESIAN_POINT('',(-7.875,-6.75,0.));
#1057 = DIRECTION('',(0.,0.,-1.));
#1058 = DIRECTION('',(-7.105427357601E-15,-1.,-0.));
#1059 = DEFINITIONAL_REPRESENTATION('',(#1060),#1064);
#1060 = LINE('',#1061,#1062);
#1061 = CARTESIAN_POINT('',(0.,-0.38));
#1062 = VECTOR('',#1063,1.);
#1063 = DIRECTION('',(1.,0.));
#1064 = ( GEOMETRIC_REPRESENTATION_CONTEXT(2) 
PARAMETRIC_REPRESENTATION_CONTEXT() REPRESENTATION_CONTEXT('2D SPACE',''
  ) );
#1065 = ORIENTED_EDGE('',*,*,#1066,.T.);
#1066 = EDGE_CURVE('',#1038,#275,#1067,.T.);
#1067 = SURFACE_CURVE('',#1068,(#1073,#1079),.PCURVE_S1.);
#1068 = CIRCLE('',#1069,0.245);
#1069 = AXIS2_PLACEMENT_3D('',#1070,#1071,#1072);
#1070 = CARTESIAN_POINT('',(-7.88,-6.75,0.38));
#1071 = DIRECTION('',(0.,1.,0.));
#1072 = DIRECTION('',(-1.,0.,0.));
#1073 = PCURVE('',#291,#1074);
#1074 = DEFINITIONAL_REPRESENTATION('',(#1075),#1078);
#1075 = B_SPLINE_CURVE_WITH_KNOTS('',1,(#1076,#1077),.UNSPECIFIED.,.F.,
  .F.,(2,2),(0.,1.570796326795),.PIECEWISE_BEZIER_KNOTS.);
#1076 = CARTESIAN_POINT('',(-1.570796326795,0.));
#1077 = CARTESIAN_POINT('',(-1.570796326795,1.570796326795));
#1078 = ( GEOMETRIC_REPRESENTATION_CONTEXT(2) 
PARAMETRIC_REPRESENTATION_CONTEXT() REPRESENTATION_CONTEXT('2D SPACE',''
  ) );
#1079 = PCURVE('',#326,#1080);
#1080 = DEFINITIONAL_REPRESENTATION('',(#1081),#1084);
#1081 = B_SPLINE_CURVE_WITH_KNOTS('',1,(#1082,#1083),.UNSPECIFIED.,.F.,
  .F.,(2,2),(0.,1.570796326795),.PIECEWISE_BEZIER_KNOTS.);
#1082 = CARTESIAN_POINT('',(0.,0.));
#1083 = CARTESIAN_POINT('',(1.570796326795,0.));
#1084 = ( GEOMETRIC_REPRESENTATION_CONTEXT(2) 
PARAMETRIC_REPRESENTATION_CONTEXT() REPRESENTATION_CONTEXT('2D SPACE',''
  ) );
#1085 = ORIENTED_EDGE('',*,*,#272,.F.);
#1086 = ADVANCED_FACE('',(#1087),#572,.T.);
#1087 = FACE_BOUND('',#1088,.T.);
#1088 = EDGE_LOOP('',(#1089,#1111,#1112,#1113));
#1089 = ORIENTED_EDGE('',*,*,#1090,.T.);
#1090 = EDGE_CURVE('',#1091,#523,#1093,.T.);
#1091 = VERTEX_POINT('',#1092);
#1092 = CARTESIAN_POINT('',(7.875,-7.,0.38));
#1093 = SURFACE_CURVE('',#1094,(#1099,#1105),.PCURVE_S1.);
#1094 = CIRCLE('',#1095,0.245);
#1095 = AXIS2_PLACEMENT_3D('',#1096,#1097,#1098);
#1096 = CARTESIAN_POINT('',(7.875,-6.755,0.38));
#1097 = DIRECTION('',(-1.,-7.166659697558E-15,0.));
#1098 = DIRECTION('',(7.166659697558E-15,-1.,-0.));
#1099 = PCURVE('',#572,#1100);
#1100 = DEFINITIONAL_REPRESENTATION('',(#1101),#1104);
#1101 = B_SPLINE_CURVE_WITH_KNOTS('',1,(#1102,#1103),.UNSPECIFIED.,.F.,
  .F.,(2,2),(0.,1.570796326795),.PIECEWISE_BEZIER_KNOTS.);
#1102 = CARTESIAN_POINT('',(0.,0.));
#1103 = CARTESIAN_POINT('',(1.570796326795,0.));
#1104 = ( GEOMETRIC_REPRESENTATION_CONTEXT(2) 
PARAMETRIC_REPRESENTATION_CONTEXT() REPRESENTATION_CONTEXT('2D SPACE',''
  ) );
#1105 = PCURVE('',#539,#1106);
#1106 = DEFINITIONAL_REPRESENTATION('',(#1107),#1110);
#1107 = B_SPLINE_CURVE_WITH_KNOTS('',1,(#1108,#1109),.UNSPECIFIED.,.F.,
  .F.,(2,2),(0.,1.570796326795),.PIECEWISE_BEZIER_KNOTS.);
#1108 = CARTESIAN_POINT('',(-1.570796326795,0.));
#1109 = CARTESIAN_POINT('',(-1.570796326795,1.570796326795));
#1110 = ( GEOMETRIC_REPRESENTATION_CONTEXT(2) 
PARAMETRIC_REPRESENTATION_CONTEXT() REPRESENTATION_CONTEXT('2D SPACE',''
  ) );
#1111 = ORIENTED_EDGE('',*,*,#558,.T.);
#1112 = ORIENTED_EDGE('',*,*,#1015,.F.);
#1113 = ORIENTED_EDGE('',*,*,#1114,.F.);
#1114 = EDGE_CURVE('',#1091,#1016,#1115,.T.);
#1115 = SURFACE_CURVE('',#1116,(#1120,#1127),.PCURVE_S1.);
#1116 = LINE('',#1117,#1118);
#1117 = CARTESIAN_POINT('',(7.875,-7.,0.38));
#1118 = VECTOR('',#1119,1.);
#1119 = DIRECTION('',(-1.,0.,0.));
#1120 = PCURVE('',#572,#1121);
#1121 = DEFINITIONAL_REPRESENTATION('',(#1122),#1126);
#1122 = LINE('',#1123,#1124);
#1123 = CARTESIAN_POINT('',(0.,0.));
#1124 = VECTOR('',#1125,1.);
#1125 = DIRECTION('',(0.,1.));
#1126 = ( GEOMETRIC_REPRESENTATION_CONTEXT(2) 
PARAMETRIC_REPRESENTATION_CONTEXT() REPRESENTATION_CONTEXT('2D SPACE',''
  ) );
#1127 = PCURVE('',#1128,#1133);
#1128 = PLANE('',#1129);
#1129 = AXIS2_PLACEMENT_3D('',#1130,#1131,#1132);
#1130 = CARTESIAN_POINT('',(7.875,-7.,0.));
#1131 = DIRECTION('',(0.,-1.,0.));
#1132 = DIRECTION('',(-1.,0.,0.));
#1133 = DEFINITIONAL_REPRESENTATION('',(#1134),#1138);
#1134 = LINE('',#1135,#1136);
#1135 = CARTESIAN_POINT('',(0.,-0.38));
#1136 = VECTOR('',#1137,1.);
#1137 = DIRECTION('',(1.,0.));
#1138 = ( GEOMETRIC_REPRESENTATION_CONTEXT(2) 
PARAMETRIC_REPRESENTATION_CONTEXT() REPRESENTATION_CONTEXT('2D SPACE',''
  ) );
#1139 = ADVANCED_FACE('',(#1140),#326,.T.);
#1140 = FACE_BOUND('',#1141,.T.);
#1141 = EDGE_LOOP('',(#1142,#1143,#1144,#1166));
#1142 = ORIENTED_EDGE('',*,*,#1066,.T.);
#1143 = ORIENTED_EDGE('',*,*,#310,.T.);
#1144 = ORIENTED_EDGE('',*,*,#1145,.F.);
#1145 = EDGE_CURVE('',#1146,#311,#1148,.T.);
#1146 = VERTEX_POINT('',#1147);
#1147 = CARTESIAN_POINT('',(-8.125,6.75,0.38));
#1148 = SURFACE_CURVE('',#1149,(#1154,#1160),.PCURVE_S1.);
#1149 = CIRCLE('',#1150,0.245);
#1150 = AXIS2_PLACEMENT_3D('',#1151,#1152,#1153);
#1151 = CARTESIAN_POINT('',(-7.88,6.75,0.38));
#1152 = DIRECTION('',(0.,1.,0.));
#1153 = DIRECTION('',(-1.,0.,0.));
#1154 = PCURVE('',#326,#1155);
#1155 = DEFINITIONAL_REPRESENTATION('',(#1156),#1159);
#1156 = B_SPLINE_CURVE_WITH_KNOTS('',1,(#1157,#1158),.UNSPECIFIED.,.F.,
  .F.,(2,2),(0.,1.570796326795),.PIECEWISE_BEZIER_KNOTS.);
#1157 = CARTESIAN_POINT('',(0.,13.5));
#1158 = CARTESIAN_POINT('',(1.570796326795,13.5));
#1159 = ( GEOMETRIC_REPRESENTATION_CONTEXT(2) 
PARAMETRIC_REPRESENTATION_CONTEXT() REPRESENTATION_CONTEXT('2D SPACE',''
  ) );
#1160 = PCURVE('',#355,#1161);
#1161 = DEFINITIONAL_REPRESENTATION('',(#1162),#1165);
#1162 = B_SPLINE_CURVE_WITH_KNOTS('',1,(#1163,#1164),.UNSPECIFIED.,.F.,
  .F.,(2,2),(0.,1.570796326795),.PIECEWISE_BEZIER_KNOTS.);
#1163 = CARTESIAN_POINT('',(0.,0.));
#1164 = CARTESIAN_POINT('',(0.,1.570796326795));
#1165 = ( GEOMETRIC_REPRESENTATION_CONTEXT(2) 
PARAMETRIC_REPRESENTATION_CONTEXT() REPRESENTATION_CONTEXT('2D SPACE',''
  ) );
#1166 = ORIENTED_EDGE('',*,*,#1167,.F.);
#1167 = EDGE_CURVE('',#1038,#1146,#1168,.T.);
#1168 = SURFACE_CURVE('',#1169,(#1173,#1180),.PCURVE_S1.);
#1169 = LINE('',#1170,#1171);
#1170 = CARTESIAN_POINT('',(-8.125,-6.75,0.38));
#1171 = VECTOR('',#1172,1.);
#1172 = DIRECTION('',(0.,1.,0.));
#1173 = PCURVE('',#326,#1174);
#1174 = DEFINITIONAL_REPRESENTATION('',(#1175),#1179);
#1175 = LINE('',#1176,#1177);
#1176 = CARTESIAN_POINT('',(0.,0.));
#1177 = VECTOR('',#1178,1.);
#1178 = DIRECTION('',(0.,1.));
#1179 = ( GEOMETRIC_REPRESENTATION_CONTEXT(2) 
PARAMETRIC_REPRESENTATION_CONTEXT() REPRESENTATION_CONTEXT('2D SPACE',''
  ) );
#1180 = PCURVE('',#1181,#1186);
#1181 = PLANE('',#1182);
#1182 = AXIS2_PLACEMENT_3D('',#1183,#1184,#1185);
#1183 = CARTESIAN_POINT('',(-8.125,-6.75,0.));
#1184 = DIRECTION('',(-1.,0.,0.));
#1185 = DIRECTION('',(0.,1.,0.));
#1186 = DEFINITIONAL_REPRESENTATION('',(#1187),#1191);
#1187 = LINE('',#1188,#1189);
#1188 = CARTESIAN_POINT('',(0.,-0.38));
#1189 = VECTOR('',#1190,1.);
#1190 = DIRECTION('',(1.,0.));
#1191 = ( GEOMETRIC_REPRESENTATION_CONTEXT(2) 
PARAMETRIC_REPRESENTATION_CONTEXT() REPRESENTATION_CONTEXT('2D SPACE',''
  ) );
#1192 = ADVANCED_FACE('',(#1193),#539,.T.);
#1193 = FACE_BOUND('',#1194,.F.);
#1194 = EDGE_LOOP('',(#1195,#1217,#1244,#1245));
#1195 = ORIENTED_EDGE('',*,*,#1196,.F.);
#1196 = EDGE_CURVE('',#1197,#495,#1199,.T.);
#1197 = VERTEX_POINT('',#1198);
#1198 = CARTESIAN_POINT('',(8.125,-6.75,0.38));
#1199 = SURFACE_CURVE('',#1200,(#1205,#1211),.PCURVE_S1.);
#1200 = CIRCLE('',#1201,0.245);
#1201 = AXIS2_PLACEMENT_3D('',#1202,#1203,#1204);
#1202 = CARTESIAN_POINT('',(7.88,-6.75,0.38));
#1203 = DIRECTION('',(0.,-1.,0.));
#1204 = DIRECTION('',(1.,0.,0.));
#1205 = PCURVE('',#539,#1206);
#1206 = DEFINITIONAL_REPRESENTATION('',(#1207),#1210);
#1207 = B_SPLINE_CURVE_WITH_KNOTS('',1,(#1208,#1209),.UNSPECIFIED.,.F.,
  .F.,(2,2),(0.,1.570796326795),.PIECEWISE_BEZIER_KNOTS.);
#1208 = CARTESIAN_POINT('',(0.,0.));
#1209 = CARTESIAN_POINT('',(0.,1.570796326795));
#1210 = ( GEOMETRIC_REPRESENTATION_CONTEXT(2) 
PARAMETRIC_REPRESENTATION_CONTEXT() REPRESENTATION_CONTEXT('2D SPACE',''
  ) );
#1211 = PCURVE('',#510,#1212);
#1212 = DEFINITIONAL_REPRESENTATION('',(#1213),#1216);
#1213 = B_SPLINE_CURVE_WITH_KNOTS('',1,(#1214,#1215),.UNSPECIFIED.,.F.,
  .F.,(2,2),(0.,1.570796326795),.PIECEWISE_BEZIER_KNOTS.);
#1214 = CARTESIAN_POINT('',(0.,13.5));
#1215 = CARTESIAN_POINT('',(1.570796326795,13.5));
#1216 = ( GEOMETRIC_REPRESENTATION_CONTEXT(2) 
PARAMETRIC_REPRESENTATION_CONTEXT() REPRESENTATION_CONTEXT('2D SPACE',''
  ) );
#1217 = ORIENTED_EDGE('',*,*,#1218,.T.);
#1218 = EDGE_CURVE('',#1197,#1091,#1219,.T.);
#1219 = SURFACE_CURVE('',#1220,(#1225,#1232),.PCURVE_S1.);
#1220 = CIRCLE('',#1221,0.25);
#1221 = AXIS2_PLACEMENT_3D('',#1222,#1223,#1224);
#1222 = CARTESIAN_POINT('',(7.875,-6.75,0.38));
#1223 = DIRECTION('',(-0.,0.,-1.));
#1224 = DIRECTION('',(1.,-7.105427357601E-15,-0.));
#1225 = PCURVE('',#539,#1226);
#1226 = DEFINITIONAL_REPRESENTATION('',(#1227),#1231);
#1227 = LINE('',#1228,#1229);
#1228 = CARTESIAN_POINT('',(-0.,0.));
#1229 = VECTOR('',#1230,1.);
#1230 = DIRECTION('',(-1.,0.));
#1231 = ( GEOMETRIC_REPRESENTATION_CONTEXT(2) 
PARAMETRIC_REPRESENTATION_CONTEXT() REPRESENTATION_CONTEXT('2D SPACE',''
  ) );
#1232 = PCURVE('',#1233,#1238);
#1233 = CYLINDRICAL_SURFACE('',#1234,0.25);
#1234 = AXIS2_PLACEMENT_3D('',#1235,#1236,#1237);
#1235 = CARTESIAN_POINT('',(7.875,-6.75,0.));
#1236 = DIRECTION('',(0.,0.,-1.));
#1237 = DIRECTION('',(1.,-7.105427357601E-15,0.));
#1238 = DEFINITIONAL_REPRESENTATION('',(#1239),#1243);
#1239 = LINE('',#1240,#1241);
#1240 = CARTESIAN_POINT('',(0.,-0.38));
#1241 = VECTOR('',#1242,1.);
#1242 = DIRECTION('',(1.,0.));
#1243 = ( GEOMETRIC_REPRESENTATION_CONTEXT(2) 
PARAMETRIC_REPRESENTATION_CONTEXT() REPRESENTATION_CONTEXT('2D SPACE',''
  ) );
#1244 = ORIENTED_EDGE('',*,*,#1090,.T.);
#1245 = ORIENTED_EDGE('',*,*,#522,.F.);
#1246 = ADVANCED_FACE('',(#1247),#355,.T.);
#1247 = FACE_BOUND('',#1248,.F.);
#1248 = EDGE_LOOP('',(#1249,#1250,#1279,#1299));
#1249 = ORIENTED_EDGE('',*,*,#1145,.F.);
#1250 = ORIENTED_EDGE('',*,*,#1251,.T.);
#1251 = EDGE_CURVE('',#1146,#1252,#1254,.T.);
#1252 = VERTEX_POINT('',#1253);
#1253 = CARTESIAN_POINT('',(-7.875,7.,0.38));
#1254 = SURFACE_CURVE('',#1255,(#1260,#1267),.PCURVE_S1.);
#1255 = CIRCLE('',#1256,0.25);
#1256 = AXIS2_PLACEMENT_3D('',#1257,#1258,#1259);
#1257 = CARTESIAN_POINT('',(-7.875,6.75,0.38));
#1258 = DIRECTION('',(0.,0.,-1.));
#1259 = DIRECTION('',(-1.,7.105427357601E-15,0.));
#1260 = PCURVE('',#355,#1261);
#1261 = DEFINITIONAL_REPRESENTATION('',(#1262),#1266);
#1262 = LINE('',#1263,#1264);
#1263 = CARTESIAN_POINT('',(-0.,0.));
#1264 = VECTOR('',#1265,1.);
#1265 = DIRECTION('',(-1.,0.));
#1266 = ( GEOMETRIC_REPRESENTATION_CONTEXT(2) 
PARAMETRIC_REPRESENTATION_CONTEXT() REPRESENTATION_CONTEXT('2D SPACE',''
  ) );
#1267 = PCURVE('',#1268,#1273);
#1268 = CYLINDRICAL_SURFACE('',#1269,0.25);
#1269 = AXIS2_PLACEMENT_3D('',#1270,#1271,#1272);
#1270 = CARTESIAN_POINT('',(-7.875,6.75,0.));
#1271 = DIRECTION('',(0.,0.,-1.));
#1272 = DIRECTION('',(-1.,7.105427357601E-15,0.));
#1273 = DEFINITIONAL_REPRESENTATION('',(#1274),#1278);
#1274 = LINE('',#1275,#1276);
#1275 = CARTESIAN_POINT('',(0.,-0.38));
#1276 = VECTOR('',#1277,1.);
#1277 = DIRECTION('',(1.,0.));
#1278 = ( GEOMETRIC_REPRESENTATION_CONTEXT(2) 
PARAMETRIC_REPRESENTATION_CONTEXT() REPRESENTATION_CONTEXT('2D SPACE',''
  ) );
#1279 = ORIENTED_EDGE('',*,*,#1280,.T.);
#1280 = EDGE_CURVE('',#1252,#339,#1281,.T.);
#1281 = SURFACE_CURVE('',#1282,(#1287,#1293),.PCURVE_S1.);
#1282 = CIRCLE('',#1283,0.245);
#1283 = AXIS2_PLACEMENT_3D('',#1284,#1285,#1286);
#1284 = CARTESIAN_POINT('',(-7.875,6.755,0.38));
#1285 = DIRECTION('',(1.,7.166659697558E-15,0.));
#1286 = DIRECTION('',(-7.166659697558E-15,1.,0.));
#1287 = PCURVE('',#355,#1288);
#1288 = DEFINITIONAL_REPRESENTATION('',(#1289),#1292);
#1289 = B_SPLINE_CURVE_WITH_KNOTS('',1,(#1290,#1291),.UNSPECIFIED.,.F.,
  .F.,(2,2),(0.,1.570796326795),.PIECEWISE_BEZIER_KNOTS.);
#1290 = CARTESIAN_POINT('',(-1.570796326795,0.));
#1291 = CARTESIAN_POINT('',(-1.570796326795,1.570796326795));
#1292 = ( GEOMETRIC_REPRESENTATION_CONTEXT(2) 
PARAMETRIC_REPRESENTATION_CONTEXT() REPRESENTATION_CONTEXT('2D SPACE',''
  ) );
#1293 = PCURVE('',#390,#1294);
#1294 = DEFINITIONAL_REPRESENTATION('',(#1295),#1298);
#1295 = B_SPLINE_CURVE_WITH_KNOTS('',1,(#1296,#1297),.UNSPECIFIED.,.F.,
  .F.,(2,2),(0.,1.570796326795),.PIECEWISE_BEZIER_KNOTS.);
#1296 = CARTESIAN_POINT('',(0.,0.));
#1297 = CARTESIAN_POINT('',(1.570796326795,0.));
#1298 = ( GEOMETRIC_REPRESENTATION_CONTEXT(2) 
PARAMETRIC_REPRESENTATION_CONTEXT() REPRESENTATION_CONTEXT('2D SPACE',''
  ) );
#1299 = ORIENTED_EDGE('',*,*,#338,.F.);
#1300 = ADVANCED_FACE('',(#1301),#510,.T.);
#1301 = FACE_BOUND('',#1302,.T.);
#1302 = EDGE_LOOP('',(#1303,#1325,#1326,#1327));
#1303 = ORIENTED_EDGE('',*,*,#1304,.T.);
#1304 = EDGE_CURVE('',#1305,#459,#1307,.T.);
#1305 = VERTEX_POINT('',#1306);
#1306 = CARTESIAN_POINT('',(8.125,6.75,0.38));
#1307 = SURFACE_CURVE('',#1308,(#1313,#1319),.PCURVE_S1.);
#1308 = CIRCLE('',#1309,0.245);
#1309 = AXIS2_PLACEMENT_3D('',#1310,#1311,#1312);
#1310 = CARTESIAN_POINT('',(7.88,6.75,0.38));
#1311 = DIRECTION('',(7.166659697558E-15,-1.,-0.));
#1312 = DIRECTION('',(1.,7.166659697558E-15,0.));
#1313 = PCURVE('',#510,#1314);
#1314 = DEFINITIONAL_REPRESENTATION('',(#1315),#1318);
#1315 = B_SPLINE_CURVE_WITH_KNOTS('',1,(#1316,#1317),.UNSPECIFIED.,.F.,
  .F.,(2,2),(0.,1.570796326795),.PIECEWISE_BEZIER_KNOTS.);
#1316 = CARTESIAN_POINT('',(0.,0.));
#1317 = CARTESIAN_POINT('',(1.570796326795,0.));
#1318 = ( GEOMETRIC_REPRESENTATION_CONTEXT(2) 
PARAMETRIC_REPRESENTATION_CONTEXT() REPRESENTATION_CONTEXT('2D SPACE',''
  ) );
#1319 = PCURVE('',#475,#1320);
#1320 = DEFINITIONAL_REPRESENTATION('',(#1321),#1324);
#1321 = B_SPLINE_CURVE_WITH_KNOTS('',1,(#1322,#1323),.UNSPECIFIED.,.F.,
  .F.,(2,2),(0.,1.570796326795),.PIECEWISE_BEZIER_KNOTS.);
#1322 = CARTESIAN_POINT('',(-1.570796326795,0.));
#1323 = CARTESIAN_POINT('',(-1.570796326795,1.570796326795));
#1324 = ( GEOMETRIC_REPRESENTATION_CONTEXT(2) 
PARAMETRIC_REPRESENTATION_CONTEXT() REPRESENTATION_CONTEXT('2D SPACE',''
  ) );
#1325 = ORIENTED_EDGE('',*,*,#494,.T.);
#1326 = ORIENTED_EDGE('',*,*,#1196,.F.);
#1327 = ORIENTED_EDGE('',*,*,#1328,.F.);
#1328 = EDGE_CURVE('',#1305,#1197,#1329,.T.);
#1329 = SURFACE_CURVE('',#1330,(#1334,#1341),.PCURVE_S1.);
#1330 = LINE('',#1331,#1332);
#1331 = CARTESIAN_POINT('',(8.125,6.75,0.38));
#1332 = VECTOR('',#1333,1.);
#1333 = DIRECTION('',(0.,-1.,0.));
#1334 = PCURVE('',#510,#1335);
#1335 = DEFINITIONAL_REPRESENTATION('',(#1336),#1340);
#1336 = LINE('',#1337,#1338);
#1337 = CARTESIAN_POINT('',(0.,0.));
#1338 = VECTOR('',#1339,1.);
#1339 = DIRECTION('',(0.,1.));
#1340 = ( GEOMETRIC_REPRESENTATION_CONTEXT(2) 
PARAMETRIC_REPRESENTATION_CONTEXT() REPRESENTATION_CONTEXT('2D SPACE',''
  ) );
#1341 = PCURVE('',#1342,#1347);
#1342 = PLANE('',#1343);
#1343 = AXIS2_PLACEMENT_3D('',#1344,#1345,#1346);
#1344 = CARTESIAN_POINT('',(8.125,6.75,0.));
#1345 = DIRECTION('',(1.,0.,-0.));
#1346 = DIRECTION('',(0.,-1.,0.));
#1347 = DEFINITIONAL_REPRESENTATION('',(#1348),#1352);
#1348 = LINE('',#1349,#1350);
#1349 = CARTESIAN_POINT('',(0.,-0.38));
#1350 = VECTOR('',#1351,1.);
#1351 = DIRECTION('',(1.,0.));
#1352 = ( GEOMETRIC_REPRESENTATION_CONTEXT(2) 
PARAMETRIC_REPRESENTATION_CONTEXT() REPRESENTATION_CONTEXT('2D SPACE',''
  ) );
#1353 = ADVANCED_FACE('',(#1354),#390,.T.);
#1354 = FACE_BOUND('',#1355,.T.);
#1355 = EDGE_LOOP('',(#1356,#1357,#1358,#1385));
#1356 = ORIENTED_EDGE('',*,*,#1280,.T.);
#1357 = ORIENTED_EDGE('',*,*,#374,.T.);
#1358 = ORIENTED_EDGE('',*,*,#1359,.F.);
#1359 = EDGE_CURVE('',#1360,#375,#1362,.T.);
#1360 = VERTEX_POINT('',#1361);
#1361 = CARTESIAN_POINT('',(-3.928,7.,0.38));
#1362 = SURFACE_CURVE('',#1363,(#1368,#1374),.PCURVE_S1.);
#1363 = CIRCLE('',#1364,0.245);
#1364 = AXIS2_PLACEMENT_3D('',#1365,#1366,#1367);
#1365 = CARTESIAN_POINT('',(-3.928,6.755,0.38));
#1366 = DIRECTION('',(1.,0.,0.));
#1367 = DIRECTION('',(-0.,1.,0.));
#1368 = PCURVE('',#390,#1369);
#1369 = DEFINITIONAL_REPRESENTATION('',(#1370),#1373);
#1370 = B_SPLINE_CURVE_WITH_KNOTS('',1,(#1371,#1372),.UNSPECIFIED.,.F.,
  .F.,(2,2),(0.,1.570796326795),.PIECEWISE_BEZIER_KNOTS.);
#1371 = CARTESIAN_POINT('',(0.,3.947));
#1372 = CARTESIAN_POINT('',(1.570796326795,3.947));
#1373 = ( GEOMETRIC_REPRESENTATION_CONTEXT(2) 
PARAMETRIC_REPRESENTATION_CONTEXT() REPRESENTATION_CONTEXT('2D SPACE',''
  ) );
#1374 = PCURVE('',#1375,#1380);
#1375 = TOROIDAL_SURFACE('',#1376,2.243693484727,0.245);
#1376 = AXIS2_PLACEMENT_3D('',#1377,#1378,#1379);
#1377 = CARTESIAN_POINT('',(-3.927736751004,8.998693467391,0.38));
#1378 = DIRECTION('',(-0.,0.,-1.));
#1379 = DIRECTION('',(-1.317105386846E-04,-0.999999991326,0.));
#1380 = DEFINITIONAL_REPRESENTATION('',(#1381),#1384);
#1381 = B_SPLINE_CURVE_WITH_KNOTS('',1,(#1382,#1383),.UNSPECIFIED.,.F.,
  .F.,(2,2),(0.,1.570796326795),.PIECEWISE_BEZIER_KNOTS.);
#1382 = CARTESIAN_POINT('',(0.,3.14159265359));
#1383 = CARTESIAN_POINT('',(0.,4.712388980385));
#1384 = ( GEOMETRIC_REPRESENTATION_CONTEXT(2) 
PARAMETRIC_REPRESENTATION_CONTEXT() REPRESENTATION_CONTEXT('2D SPACE',''
  ) );
#1385 = ORIENTED_EDGE('',*,*,#1386,.F.);
#1386 = EDGE_CURVE('',#1252,#1360,#1387,.T.);
#1387 = SURFACE_CURVE('',#1388,(#1392,#1399),.PCURVE_S1.);
#1388 = LINE('',#1389,#1390);
#1389 = CARTESIAN_POINT('',(-7.875,7.,0.38));
#1390 = VECTOR('',#1391,1.);
#1391 = DIRECTION('',(1.,0.,0.));
#1392 = PCURVE('',#390,#1393);
#1393 = DEFINITIONAL_REPRESENTATION('',(#1394),#1398);
#1394 = LINE('',#1395,#1396);
#1395 = CARTESIAN_POINT('',(0.,0.));
#1396 = VECTOR('',#1397,1.);
#1397 = DIRECTION('',(0.,1.));
#1398 = ( GEOMETRIC_REPRESENTATION_CONTEXT(2) 
PARAMETRIC_REPRESENTATION_CONTEXT() REPRESENTATION_CONTEXT('2D SPACE',''
  ) );
#1399 = PCURVE('',#1400,#1405);
#1400 = PLANE('',#1401);
#1401 = AXIS2_PLACEMENT_3D('',#1402,#1403,#1404);
#1402 = CARTESIAN_POINT('',(-7.875,7.,0.));
#1403 = DIRECTION('',(0.,1.,0.));
#1404 = DIRECTION('',(1.,0.,0.));
#1405 = DEFINITIONAL_REPRESENTATION('',(#1406),#1410);
#1406 = LINE('',#1407,#1408);
#1407 = CARTESIAN_POINT('',(0.,-0.38));
#1408 = VECTOR('',#1409,1.);
#1409 = DIRECTION('',(1.,0.));
#1410 = ( GEOMETRIC_REPRESENTATION_CONTEXT(2) 
PARAMETRIC_REPRESENTATION_CONTEXT() REPRESENTATION_CONTEXT('2D SPACE',''
  ) );
#1411 = ADVANCED_FACE('',(#1412),#475,.T.);
#1412 = FACE_BOUND('',#1413,.F.);
#1413 = EDGE_LOOP('',(#1414,#1436,#1463,#1464));
#1414 = ORIENTED_EDGE('',*,*,#1415,.F.);
#1415 = EDGE_CURVE('',#1416,#431,#1418,.T.);
#1416 = VERTEX_POINT('',#1417);
#1417 = CARTESIAN_POINT('',(7.875,7.,0.38));
#1418 = SURFACE_CURVE('',#1419,(#1424,#1430),.PCURVE_S1.);
#1419 = CIRCLE('',#1420,0.245);
#1420 = AXIS2_PLACEMENT_3D('',#1421,#1422,#1423);
#1421 = CARTESIAN_POINT('',(7.875,6.755,0.38));
#1422 = DIRECTION('',(1.,0.,0.));
#1423 = DIRECTION('',(-0.,1.,0.));
#1424 = PCURVE('',#475,#1425);
#1425 = DEFINITIONAL_REPRESENTATION('',(#1426),#1429);
#1426 = B_SPLINE_CURVE_WITH_KNOTS('',1,(#1427,#1428),.UNSPECIFIED.,.F.,
  .F.,(2,2),(0.,1.570796326795),.PIECEWISE_BEZIER_KNOTS.);
#1427 = CARTESIAN_POINT('',(0.,0.));
#1428 = CARTESIAN_POINT('',(0.,1.570796326795));
#1429 = ( GEOMETRIC_REPRESENTATION_CONTEXT(2) 
PARAMETRIC_REPRESENTATION_CONTEXT() REPRESENTATION_CONTEXT('2D SPACE',''
  ) );
#1430 = PCURVE('',#446,#1431);
#1431 = DEFINITIONAL_REPRESENTATION('',(#1432),#1435);
#1432 = B_SPLINE_CURVE_WITH_KNOTS('',1,(#1433,#1434),.UNSPECIFIED.,.F.,
  .F.,(2,2),(0.,1.570796326795),.PIECEWISE_BEZIER_KNOTS.);
#1433 = CARTESIAN_POINT('',(0.,3.947));
#1434 = CARTESIAN_POINT('',(1.570796326795,3.947));
#1435 = ( GEOMETRIC_REPRESENTATION_CONTEXT(2) 
PARAMETRIC_REPRESENTATION_CONTEXT() REPRESENTATION_CONTEXT('2D SPACE',''
  ) );
#1436 = ORIENTED_EDGE('',*,*,#1437,.T.);
#1437 = EDGE_CURVE('',#1416,#1305,#1438,.T.);
#1438 = SURFACE_CURVE('',#1439,(#1444,#1451),.PCURVE_S1.);
#1439 = CIRCLE('',#1440,0.25);
#1440 = AXIS2_PLACEMENT_3D('',#1441,#1442,#1443);
#1441 = CARTESIAN_POINT('',(7.875,6.75,0.38));
#1442 = DIRECTION('',(0.,0.,-1.));
#1443 = DIRECTION('',(7.105427357601E-15,1.,0.));
#1444 = PCURVE('',#475,#1445);
#1445 = DEFINITIONAL_REPRESENTATION('',(#1446),#1450);
#1446 = LINE('',#1447,#1448);
#1447 = CARTESIAN_POINT('',(-0.,0.));
#1448 = VECTOR('',#1449,1.);
#1449 = DIRECTION('',(-1.,0.));
#1450 = ( GEOMETRIC_REPRESENTATION_CONTEXT(2) 
PARAMETRIC_REPRESENTATION_CONTEXT() REPRESENTATION_CONTEXT('2D SPACE',''
  ) );
#1451 = PCURVE('',#1452,#1457);
#1452 = CYLINDRICAL_SURFACE('',#1453,0.25);
#1453 = AXIS2_PLACEMENT_3D('',#1454,#1455,#1456);
#1454 = CARTESIAN_POINT('',(7.875,6.75,0.));
#1455 = DIRECTION('',(0.,0.,-1.));
#1456 = DIRECTION('',(7.105427357601E-15,1.,0.));
#1457 = DEFINITIONAL_REPRESENTATION('',(#1458),#1462);
#1458 = LINE('',#1459,#1460);
#1459 = CARTESIAN_POINT('',(0.,-0.38));
#1460 = VECTOR('',#1461,1.);
#1461 = DIRECTION('',(1.,0.));
#1462 = ( GEOMETRIC_REPRESENTATION_CONTEXT(2) 
PARAMETRIC_REPRESENTATION_CONTEXT() REPRESENTATION_CONTEXT('2D SPACE',''
  ) );
#1463 = ORIENTED_EDGE('',*,*,#1304,.T.);
#1464 = ORIENTED_EDGE('',*,*,#458,.F.);
#1465 = ADVANCED_FACE('',(#1466),#418,.T.);
#1466 = FACE_BOUND('',#1467,.T.);
#1467 = EDGE_LOOP('',(#1468,#1498,#1536,#1741,#1871,#1872,#2065));
#1468 = ORIENTED_EDGE('',*,*,#1469,.F.);
#1469 = EDGE_CURVE('',#1470,#1472,#1474,.T.);
#1470 = VERTEX_POINT('',#1471);
#1471 = CARTESIAN_POINT('',(-2.957271236968,7.055,0.5875));
#1472 = VERTEX_POINT('',#1473);
#1473 = CARTESIAN_POINT('',(2.957723422073,7.055,0.5875));
#1474 = SURFACE_CURVE('',#1475,(#1479,#1486),.PCURVE_S1.);
#1475 = LINE('',#1476,#1477);
#1476 = CARTESIAN_POINT('',(-11.125,7.055,0.5875));
#1477 = VECTOR('',#1478,1.);
#1478 = DIRECTION('',(1.,0.,0.));
#1479 = PCURVE('',#418,#1480);
#1480 = DEFINITIONAL_REPRESENTATION('',(#1481),#1485);
#1481 = LINE('',#1482,#1483);
#1482 = CARTESIAN_POINT('',(0.248709989094,0.));
#1483 = VECTOR('',#1484,1.);
#1484 = DIRECTION('',(0.,-1.));
#1485 = ( GEOMETRIC_REPRESENTATION_CONTEXT(2) 
PARAMETRIC_REPRESENTATION_CONTEXT() REPRESENTATION_CONTEXT('2D SPACE',''
  ) );
#1486 = PCURVE('',#1487,#1492);
#1487 = CYLINDRICAL_SURFACE('',#1488,1.21875);
#1488 = AXIS2_PLACEMENT_3D('',#1489,#1490,#1491);
#1489 = CARTESIAN_POINT('',(-11.125,7.355,1.76875));
#1490 = DIRECTION('',(-1.,-0.,-0.));
#1491 = DIRECTION('',(0.,-0.246153846154,-0.969230769231));
#1492 = DEFINITIONAL_REPRESENTATION('',(#1493),#1497);
#1493 = LINE('',#1494,#1495);
#1494 = CARTESIAN_POINT('',(-0.,0.));
#1495 = VECTOR('',#1496,1.);
#1496 = DIRECTION('',(-0.,-1.));
#1497 = ( GEOMETRIC_REPRESENTATION_CONTEXT(2) 
PARAMETRIC_REPRESENTATION_CONTEXT() REPRESENTATION_CONTEXT('2D SPACE',''
  ) );
#1498 = ORIENTED_EDGE('',*,*,#1499,.T.);
#1499 = EDGE_CURVE('',#1470,#1500,#1502,.T.);
#1500 = VERTEX_POINT('',#1501);
#1501 = CARTESIAN_POINT('',(-3.005910117938,7.0300906434,0.593548067215)
  );
#1502 = SURFACE_CURVE('',#1503,(#1508,#1516),.PCURVE_S1.);
#1503 = ( BOUNDED_CURVE() B_SPLINE_CURVE(3,(#1504,#1505,#1506,#1507),
.UNSPECIFIED.,.F.,.F.) B_SPLINE_CURVE_WITH_KNOTS((4,4),(7.789340194817,
7.851064525281),.PIECEWISE_BEZIER_KNOTS.) CURVE() 
GEOMETRIC_REPRESENTATION_ITEM() RATIONAL_B_SPLINE_CURVE((1.,1.,1.,1.)) 
REPRESENTATION_ITEM('') );
#1504 = CARTESIAN_POINT('',(-2.957271236968,7.055,0.5875));
#1505 = CARTESIAN_POINT('',(-2.973681926307,7.04604053163,0.589775420538
    ));
#1506 = CARTESIAN_POINT('',(-2.989919848389,7.037672500864,
    0.591791391192));
#1507 = CARTESIAN_POINT('',(-3.005910117938,7.0300906434,0.593548067215)
  );
#1508 = PCURVE('',#418,#1509);
#1509 = DEFINITIONAL_REPRESENTATION('',(#1510),#1515);
#1510 = B_SPLINE_CURVE_WITH_KNOTS('',3,(#1511,#1512,#1513,#1514),
  .UNSPECIFIED.,.F.,.F.,(4,4),(7.789340194817,7.851064525281),
  .PIECEWISE_BEZIER_KNOTS.);
#1511 = CARTESIAN_POINT('',(0.248709989094,-8.167728763032));
#1512 = CARTESIAN_POINT('',(0.241125253965,-8.151318073693));
#1513 = CARTESIAN_POINT('',(0.234063132651,-8.135080151611));
#1514 = CARTESIAN_POINT('',(0.227677324679,-8.119089882062));
#1515 = ( GEOMETRIC_REPRESENTATION_CONTEXT(2) 
PARAMETRIC_REPRESENTATION_CONTEXT() REPRESENTATION_CONTEXT('2D SPACE',''
  ) );
#1516 = PCURVE('',#1517,#1530);
#1517 = ( BOUNDED_SURFACE() B_SPLINE_SURFACE(2,3,(
    (#1518,#1519,#1520,#1521)
    ,(#1522,#1523,#1524,#1525)
    ,(#1526,#1527,#1528,#1529
)),.UNSPECIFIED.,.F.,.F.,.F.) B_SPLINE_SURFACE_WITH_KNOTS((3,3),(4,4),(
    0.,6.172433046353E-02),(7.789340194817,7.851064525281),
.PIECEWISE_BEZIER_KNOTS.) GEOMETRIC_REPRESENTATION_ITEM() 
RATIONAL_B_SPLINE_SURFACE((
    (1.,1.,1.,1.)
    ,(0.781231289599,0.779881686568,0.778733764327,0.777933205503)
,(1.,1.,1.,1.))) REPRESENTATION_ITEM('') SURFACE() );
#1518 = CARTESIAN_POINT('',(-3.077614522287,7.189807666095,
    0.372432300306));
#1519 = CARTESIAN_POINT('',(-3.096083284125,7.181127900371,
    0.375041917768));
#1520 = CARTESIAN_POINT('',(-3.114612061972,7.17276316864,0.377526132723
    ));
#1521 = CARTESIAN_POINT('',(-3.133363303756,7.164641540046,0.38));
#1522 = CARTESIAN_POINT('',(-3.059605796572,7.198271228598,
    0.551113656229));
#1523 = CARTESIAN_POINT('',(-3.077007103027,7.189868265449,
    0.554406508593));
#1524 = CARTESIAN_POINT('',(-3.094359887699,7.181796563164,
    0.557431394982));
#1525 = CARTESIAN_POINT('',(-3.1117897829,7.173985567811,0.560208379035)
  );
#1526 = CARTESIAN_POINT('',(-2.957271236968,7.055,0.5875));
#1527 = CARTESIAN_POINT('',(-2.973681926307,7.04604053163,0.589775420538
    ));
#1528 = CARTESIAN_POINT('',(-2.989919848389,7.037672500864,
    0.591791391192));
#1529 = CARTESIAN_POINT('',(-3.005910117938,7.0300906434,0.593548067215)
  );
#1530 = DEFINITIONAL_REPRESENTATION('',(#1531),#1535);
#1531 = LINE('',#1532,#1533);
#1532 = CARTESIAN_POINT('',(6.172433046353E-02,0.));
#1533 = VECTOR('',#1534,1.);
#1534 = DIRECTION('',(0.,1.));
#1535 = ( GEOMETRIC_REPRESENTATION_CONTEXT(2) 
PARAMETRIC_REPRESENTATION_CONTEXT() REPRESENTATION_CONTEXT('2D SPACE',''
  ) );
#1536 = ORIENTED_EDGE('',*,*,#1537,.T.);
#1537 = EDGE_CURVE('',#1500,#1538,#1540,.T.);
#1538 = VERTEX_POINT('',#1539);
#1539 = CARTESIAN_POINT('',(-3.900131112443,6.755377160313,
    0.624999783969));
#1540 = SURFACE_CURVE('',#1541,(#1568,#1655),.PCURVE_S1.);
#1541 = ( BOUNDED_CURVE() B_SPLINE_CURVE(9,(#1542,#1543,#1544,#1545,
    #1546,#1547,#1548,#1549,#1550,#1551,#1552,#1553,#1554,#1555,#1556,
    #1557,#1558,#1559,#1560,#1561,#1562,#1563,#1564,#1565,#1566,#1567),
.UNSPECIFIED.,.F.,.F.) B_SPLINE_CURVE_WITH_KNOTS((10,8,8,10),(
    7.851064525281,7.921652449637,8.379156646392,8.897274586622),
.UNSPECIFIED.) CURVE() GEOMETRIC_REPRESENTATION_ITEM() 
RATIONAL_B_SPLINE_CURVE((1.,1.,1.,1.,1.,1.,1.,1.,1.,1.,1.,1.,1.,1.,1.,1.
,1.,1.,1.,1.,1.,1.,1.,1.,1.,1.)) REPRESENTATION_ITEM('') );
#1542 = CARTESIAN_POINT('',(-3.005910117938,7.0300906434,0.593548067215)
  );
#1543 = CARTESIAN_POINT('',(-3.012005606967,7.027200440153,
    0.594217711926));
#1544 = CARTESIAN_POINT('',(-3.018043547943,7.02433689442,0.594872299248
    ));
#1545 = CARTESIAN_POINT('',(-3.023994928372,7.021591198164,
    0.595494622287));
#1546 = CARTESIAN_POINT('',(-3.029937420274,7.018715847815,
    0.596132558131));
#1547 = CARTESIAN_POINT('',(-3.035742978419,7.016132584406,
    0.596704058778));
#1548 = CARTESIAN_POINT('',(-3.04149768315,7.013526897253,0.597273116712
    ));
#1549 = CARTESIAN_POINT('',(-3.047277548096,7.010662640239,
    0.597884000803));
#1550 = CARTESIAN_POINT('',(-3.05269594727,7.008896979491,0.59826443303)
  );
#1551 = CARTESIAN_POINT('',(-3.095596206234,6.985148081922,
    0.603256866605));
#1552 = CARTESIAN_POINT('',(-3.133331992019,6.963738845656,0.60733982402
    ));
#1553 = CARTESIAN_POINT('',(-3.172227534656,6.943516854239,
    0.610709306863));
#1554 = CARTESIAN_POINT('',(-3.211915356988,6.923394270976,
    0.613734889587));
#1555 = CARTESIAN_POINT('',(-3.252723744369,6.90424184532,0.616187539547
    ));
#1556 = CARTESIAN_POINT('',(-3.294549085114,6.885790805861,
    0.618258949964));
#1557 = CARTESIAN_POINT('',(-3.33747818332,6.868379714835,0.619910422401
    ));
#1558 = CARTESIAN_POINT('',(-3.381513835405,6.852068308817,
    0.621222135096));
#1559 = CARTESIAN_POINT('',(-3.477776465227,6.819942607852,
    0.623388617867));
#1560 = CARTESIAN_POINT('',(-3.530309353467,6.8044773499,0.624161135191)
  );
#1561 = CARTESIAN_POINT('',(-3.584271663271,6.790797969132,
    0.624629973862));
#1562 = CARTESIAN_POINT('',(-3.639486568925,6.779108038932,
    0.624874712503));
#1563 = CARTESIAN_POINT('',(-3.69580205236,6.769574538466,0.624974770141
    ));
#1564 = CARTESIAN_POINT('',(-3.753068124083,6.762322154216,
    0.624999838832));
#1565 = CARTESIAN_POINT('',(-3.811031243499,6.7574444875,0.625000077156)
  );
#1566 = CARTESIAN_POINT('',(-3.869305715338,6.75500493196,0.625));
#1567 = CARTESIAN_POINT('',(-3.927131462995,6.755000068903,0.625));
#1568 = PCURVE('',#418,#1569);
#1569 = DEFINITIONAL_REPRESENTATION('',(#1570),#1654);
#1570 = B_SPLINE_CURVE_WITH_KNOTS('',10,(#1571,#1572,#1573,#1574,#1575,
    #1576,#1577,#1578,#1579,#1580,#1581,#1582,#1583,#1584,#1585,#1586,
    #1587,#1588,#1589,#1590,#1591,#1592,#1593,#1594,#1595,#1596,#1597,
    #1598,#1599,#1600,#1601,#1602,#1603,#1604,#1605,#1606,#1607,#1608,
    #1609,#1610,#1611,#1612,#1613,#1614,#1615,#1616,#1617,#1618,#1619,
    #1620,#1621,#1622,#1623,#1624,#1625,#1626,#1627,#1628,#1629,#1630,
    #1631,#1632,#1633,#1634,#1635,#1636,#1637,#1638,#1639,#1640,#1641,
    #1642,#1643,#1644,#1645,#1646,#1647,#1648,#1649,#1650,#1651,#1652,
    #1653),.UNSPECIFIED.,.F.,.F.,(11,9,9,9,9,9,9,9,9,11),(7.851064525281
    ,7.914757378577,7.930680591901,7.946603805225,7.978450231873,
    8.105835938465,8.360607351649,8.615378764833,8.742764471426,
    8.870150178018),.UNSPECIFIED.);
#1571 = CARTESIAN_POINT('',(0.227677324679,-8.119089882062));
#1572 = CARTESIAN_POINT('',(0.225700485105,-8.114139811879));
#1573 = CARTESIAN_POINT('',(0.2237567357,-8.109233282337));
#1574 = CARTESIAN_POINT('',(0.221804306703,-8.104357047979));
#1575 = CARTESIAN_POINT('',(0.219905882444,-8.099530971412));
#1576 = CARTESIAN_POINT('',(0.218060431473,-8.094755218466));
#1577 = CARTESIAN_POINT('',(0.216219911935,-8.090015350163));
#1578 = CARTESIAN_POINT('',(0.214378362528,-8.085310157651));
#1579 = CARTESIAN_POINT('',(0.212620889433,-8.0806670867));
#1580 = CARTESIAN_POINT('',(0.211020059564,-8.07611009787));
#1581 = CARTESIAN_POINT('',(0.208828998255,-8.070403486646));
#1582 = CARTESIAN_POINT('',(0.208376177547,-8.069260458756));
#1583 = CARTESIAN_POINT('',(0.207908547671,-8.068113716572));
#1584 = CARTESIAN_POINT('',(0.207484578939,-8.066982663224));
#1585 = CARTESIAN_POINT('',(0.20682248135,-8.065786902342));
#1586 = CARTESIAN_POINT('',(0.206220259351,-8.064604858545));
#1587 = CARTESIAN_POINT('',(0.205823448199,-8.063478064025));
#1588 = CARTESIAN_POINT('',(0.205194969921,-8.062289355427));
#1589 = CARTESIAN_POINT('',(0.204671908201,-8.06112787695));
#1590 = CARTESIAN_POINT('',(0.203586055357,-8.058793485279));
#1591 = CARTESIAN_POINT('',(0.203042734329,-8.057625662512));
#1592 = CARTESIAN_POINT('',(0.202499053898,-8.056457200733));
#1593 = CARTESIAN_POINT('',(0.201955049268,-8.055288087872));
#1594 = CARTESIAN_POINT('',(0.201410755642,-8.054118311836));
#1595 = CARTESIAN_POINT('',(0.200866208225,-8.052947860566));
#1596 = CARTESIAN_POINT('',(0.200321442221,-8.051776721967));
#1597 = CARTESIAN_POINT('',(0.199776492833,-8.050604883971));
#1598 = CARTESIAN_POINT('',(0.199231395265,-8.049432334496));
#1599 = CARTESIAN_POINT('',(0.197595763633,-8.045912515404));
#1600 = CARTESIAN_POINT('',(0.19650494434,-8.043563056824));
#1601 = CARTESIAN_POINT('',(0.195413895993,-8.041210628548));
#1602 = CARTESIAN_POINT('',(0.194322787743,-8.038855173404));
#1603 = CARTESIAN_POINT('',(0.193231788739,-8.03649663421));
#1604 = CARTESIAN_POINT('',(0.192141068132,-8.034134953797));
#1605 = CARTESIAN_POINT('',(0.191050795074,-8.031770074982));
#1606 = CARTESIAN_POINT('',(0.189961138714,-8.029401940594));
#1607 = CARTESIAN_POINT('',(0.188872268202,-8.027030493455));
#1608 = CARTESIAN_POINT('',(0.183432690642,-8.015156408124));
#1609 = CARTESIAN_POINT('',(0.179096609326,-8.005603139641));
#1610 = CARTESIAN_POINT('',(0.174781066826,-7.995994194335));
#1611 = CARTESIAN_POINT('',(0.170490359357,-7.986328090027));
#1612 = CARTESIAN_POINT('',(0.16622812127,-7.976603538943));
#1613 = CARTESIAN_POINT('',(0.161997325047,-7.966819447748));
#1614 = CARTESIAN_POINT('',(0.157800281302,-7.956974917501));
#1615 = CARTESIAN_POINT('',(0.153638638784,-7.947069243702));
#1616 = CARTESIAN_POINT('',(0.149513384373,-7.937101916256));
#1617 = CARTESIAN_POINT('',(0.137247760504,-7.907014025958));
#1618 = CARTESIAN_POINT('',(0.129221025724,-7.886706680315));
#1619 = CARTESIAN_POINT('',(0.121357160913,-7.866144789883));
#1620 = CARTESIAN_POINT('',(0.113668663936,-7.845323295403));
#1621 = CARTESIAN_POINT('',(0.106168008349,-7.824237871032));
#1622 = CARTESIAN_POINT('',(9.886764340286E-02,-7.80288492435));
#1623 = CARTESIAN_POINT('',(9.177999404304E-02,-7.781261596348));
#1624 = CARTESIAN_POINT('',(8.491746090769E-02,-7.75936576144));
#1625 = CARTESIAN_POINT('',(7.829242032889E-02,-7.737196027457));
#1626 = CARTESIAN_POINT('',(6.554202833613E-02,-7.692307443835));
#1627 = CARTESIAN_POINT('',(5.94157088318E-02,-7.66958749807));
#1628 = CARTESIAN_POINT('',(5.355161661439E-02,-7.646593245317));
#1629 = CARTESIAN_POINT('',(4.796262920841E-02,-7.623328326466));
#1630 = CARTESIAN_POINT('',(4.266115086766E-02,-7.599798676268));
#1631 = CARTESIAN_POINT('',(3.765911257574E-02,-7.576012523437));
#1632 = CARTESIAN_POINT('',(3.296797204548E-02,-7.551980390524));
#1633 = CARTESIAN_POINT('',(2.859871371947E-02,-7.527715094036));
#1634 = CARTESIAN_POINT('',(2.456184876963E-02,-7.50323174435));
#1635 = CARTESIAN_POINT('',(1.902019826145E-02,-7.466205746466));
#1636 = CARTESIAN_POINT('',(1.725872061689E-02,-7.453812359622));
#1637 = CARTESIAN_POINT('',(1.558392735182E-02,-7.441370155734));
#1638 = CARTESIAN_POINT('',(1.399676365425E-02,-7.428881705345));
#1639 = CARTESIAN_POINT('',(1.249817471215E-02,-7.416349578927));
#1640 = CARTESIAN_POINT('',(1.108910571355E-02,-7.403776347052));
#1641 = CARTESIAN_POINT('',(9.770501846397E-03,-7.39116458018));
#1642 = CARTESIAN_POINT('',(8.543308298728E-03,-7.378516848871));
#1643 = CARTESIAN_POINT('',(7.408470258511E-03,-7.365835723616));
#1644 = CARTESIAN_POINT('',(5.32539556899E-03,-7.340411826265));
#1645 = CARTESIAN_POINT('',(4.376726676608E-03,-7.327610694082));
#1646 = CARTESIAN_POINT('',(3.524779319817E-03,-7.315269793077));
#1647 = CARTESIAN_POINT('',(2.743443147954E-03,-7.300934270361));
#1648 = CARTESIAN_POINT('',(2.146137265854E-03,-7.291564474457));
#1649 = CARTESIAN_POINT('',(1.453654177101E-03,-7.273875440069));
#1650 = CARTESIAN_POINT('',(1.101814538974E-03,-7.265131756929));
#1651 = CARTESIAN_POINT('',(6.64265051354E-04,-7.250803847786));
#1652 = CARTESIAN_POINT('',(3.840265196409E-04,-7.237696739599));
#1653 = CARTESIAN_POINT('',(1.989813483795E-04,-7.224871944996));
#1654 = ( GEOMETRIC_REPRESENTATION_CONTEXT(2) 
PARAMETRIC_REPRESENTATION_CONTEXT() REPRESENTATION_CONTEXT('2D SPACE',''
  ) );
#1655 = PCURVE('',#1656,#1735);
#1656 = ( BOUNDED_SURFACE() B_SPLINE_SURFACE(2,9,(
    (#1657,#1658,#1659,#1660,#1661,#1662,#1663,#1664,#1665,#1666,#1667
      ,#1668,#1669,#1670,#1671,#1672,#1673,#1674,#1675,#1676,#1677,#1678
      ,#1679,#1680,#1681,#1682)
    ,(#1683,#1684,#1685,#1686,#1687,#1688,#1689,#1690,#1691,#1692,#1693
      ,#1694,#1695,#1696,#1697,#1698,#1699,#1700,#1701,#1702,#1703,#1704
      ,#1705,#1706,#1707,#1708)
    ,(#1709,#1710,#1711,#1712,#1713,#1714,#1715,#1716,#1717,#1718,#1719
      ,#1720,#1721,#1722,#1723,#1724,#1725,#1726,#1727,#1728,#1729,#1730
      ,#1731,#1732,#1733,#1734
)),.UNSPECIFIED.,.F.,.F.,.F.) B_SPLINE_SURFACE_WITH_KNOTS((3,3),(10,8,8,
    10),(0.,1.046210061341),(7.851064525281,7.921652449637,
    8.379156646392,8.897274586622),.UNSPECIFIED.) 
GEOMETRIC_REPRESENTATION_ITEM() RATIONAL_B_SPLINE_SURFACE((
    (1.,1.,1.,1.,1.,1.,1.,1.,1.,1.,1.,1.,1.,1.,1.,1.,1.,1.,1.,1.,1.,1.
      ,1.,1.,1.,1.)
    ,(0.777933205503,0.792820773344,0.806705793558,0.820032533444
      ,0.83168210291,0.843715612831,0.854491561592,0.863140596348
      ,0.876847103042,0.906819465009,0.918216330827,0.936894632256
      ,0.945610441092,0.958390425753,0.965996266542,0.973804332366
      ,0.979855175122,0.990424764097,0.994546615124,0.997372740371
      ,0.99904540114,0.999808337015,1.000007680478,0.999996443074,1.,1.)
    ,(1.,1.,1.,1.,1.,1.,1.,1.,1.,1.,1.,1.,1.,1.,1.,1.,1.,1.,1.,1.,1.,1.
,1.,1.,1.,1.))) REPRESENTATION_ITEM('') SURFACE() );
#1657 = CARTESIAN_POINT('',(-3.133363303756,7.164641540046,0.38));
#1658 = CARTESIAN_POINT('',(-3.139219668082,7.162105003185,
    0.391732116327));
#1659 = CARTESIAN_POINT('',(-3.144719591239,7.159097757254,
    0.403053041367));
#1660 = CARTESIAN_POINT('',(-3.149841142024,7.155440974132,
    0.414300847577));
#1661 = CARTESIAN_POINT('',(-3.154806953322,7.151867806599,
    0.424357585424));
#1662 = CARTESIAN_POINT('',(-3.159341455835,7.147325614753,0.43508223981
    ));
#1663 = CARTESIAN_POINT('',(-3.163683215574,7.142669087782,
    0.444927883256));
#1664 = CARTESIAN_POINT('',(-3.168083679447,7.138634365037,
    0.452983116183));
#1665 = CARTESIAN_POINT('',(-3.171673451387,7.131830845821,
    0.465760671148));
#1666 = CARTESIAN_POINT('',(-3.201999715957,7.105669481869,
    0.498515265542));
#1667 = CARTESIAN_POINT('',(-3.228811818971,7.083665740007,
    0.514973873497));
#1668 = CARTESIAN_POINT('',(-3.257170033895,7.059794749668,
    0.536692304027));
#1669 = CARTESIAN_POINT('',(-3.285919219151,7.033977702281,
    0.550665198765));
#1670 = CARTESIAN_POINT('',(-3.316917054688,7.008860822383,
    0.566409480057));
#1671 = CARTESIAN_POINT('',(-3.348923269905,6.982527807393,
    0.577888301419));
#1672 = CARTESIAN_POINT('',(-3.382979921206,6.956757826021,
    0.588474325651));
#1673 = CARTESIAN_POINT('',(-3.418857181887,6.931301416903,
    0.597000437567));
#1674 = CARTESIAN_POINT('',(-3.499675157376,6.878931499158,
    0.611796212211));
#1675 = CARTESIAN_POINT('',(-3.545164872111,6.852238857241,
    0.617563410253));
#1676 = CARTESIAN_POINT('',(-3.593392660263,6.827308414219,
    0.621466913734));
#1677 = CARTESIAN_POINT('',(-3.644304774047,6.804822705968,
    0.623733610368));
#1678 = CARTESIAN_POINT('',(-3.697787168828,6.785603571204,
    0.624746154299));
#1679 = CARTESIAN_POINT('',(-3.753561615291,6.770498632655,
    0.625007379111));
#1680 = CARTESIAN_POINT('',(-3.811033185701,6.760182921895,
    0.624996503399));
#1681 = CARTESIAN_POINT('',(-3.869305715175,6.755004132308,0.625));
#1682 = CARTESIAN_POINT('',(-3.928032269082,6.755000002125,0.625));
#1683 = CARTESIAN_POINT('',(-3.1117897829,7.173985567811,0.560208379035)
  );
#1684 = CARTESIAN_POINT('',(-3.113177047721,7.164076870122,
    0.562866323752));
#1685 = CARTESIAN_POINT('',(-3.114892844472,7.154650075343,0.56536399345
    ));
#1686 = CARTESIAN_POINT('',(-3.116802258961,7.145410720426,
    0.567758325149));
#1687 = CARTESIAN_POINT('',(-3.119144969556,7.137088517679,
    0.569926506057));
#1688 = CARTESIAN_POINT('',(-3.121397245363,7.128413487119,
    0.572097896043));
#1689 = CARTESIAN_POINT('',(-3.12394771072,7.120349242047,0.574101753032
    ));
#1690 = CARTESIAN_POINT('',(-3.126992507539,7.113445870501,
    0.575854134271));
#1691 = CARTESIAN_POINT('',(-3.128752431739,7.103917252512,
    0.578028965886));
#1692 = CARTESIAN_POINT('',(-3.158018078278,7.068503299541,
    0.587367002188));
#1693 = CARTESIAN_POINT('',(-3.188523290626,7.04272132775,0.593710388063
    ));
#1694 = CARTESIAN_POINT('',(-3.217901007166,7.015175146053,
    0.599762842708));
#1695 = CARTESIAN_POINT('',(-3.252269124393,6.989293681456,
    0.604728281561));
#1696 = CARTESIAN_POINT('',(-3.285835186774,6.963939473071,
    0.609062997455));
#1697 = CARTESIAN_POINT('',(-3.322864409368,6.939524504483,
    0.612638122402));
#1698 = CARTESIAN_POINT('',(-3.360786069174,6.916223911541,0.61557522727
    ));
#1699 = CARTESIAN_POINT('',(-3.400651251123,6.894124240201,
    0.617930163695));
#1700 = CARTESIAN_POINT('',(-3.488610065942,6.850274965696,0.62185377227
    ));
#1701 = CARTESIAN_POINT('',(-3.537425731545,6.828745146288,0.62330532906
    ));
#1702 = CARTESIAN_POINT('',(-3.588539862665,6.809194808212,
    0.624229312824));
#1703 = CARTESIAN_POINT('',(-3.641725114606,6.792000590422,
    0.624733427673));
#1704 = CARTESIAN_POINT('',(-3.696745234892,6.777593132406,0.62494655861
    ));
#1705 = CARTESIAN_POINT('',(-3.753319696963,6.766410510629,
    0.625000259323));
#1706 = CARTESIAN_POINT('',(-3.811030758423,6.758813658053,
    0.624999861321));
#1707 = CARTESIAN_POINT('',(-3.869305715257,6.755004532134,0.625));
#1708 = CARTESIAN_POINT('',(-3.927581838919,6.754999984784,0.625));
#1709 = CARTESIAN_POINT('',(-3.005910117938,7.0300906434,0.593548067215)
  );
#1710 = CARTESIAN_POINT('',(-3.012005606967,7.027200440153,
    0.594217711926));
#1711 = CARTESIAN_POINT('',(-3.018043547943,7.02433689442,0.594872299248
    ));
#1712 = CARTESIAN_POINT('',(-3.023994928372,7.021591198164,
    0.595494622287));
#1713 = CARTESIAN_POINT('',(-3.029937420274,7.018715847815,
    0.596132558131));
#1714 = CARTESIAN_POINT('',(-3.035742978419,7.016132584406,
    0.596704058778));
#1715 = CARTESIAN_POINT('',(-3.04149768315,7.013526897253,0.597273116712
    ));
#1716 = CARTESIAN_POINT('',(-3.047277548096,7.010662640239,
    0.597884000803));
#1717 = CARTESIAN_POINT('',(-3.05269594727,7.008896979491,0.59826443303)
  );
#1718 = CARTESIAN_POINT('',(-3.095596206234,6.985148081922,
    0.603256866605));
#1719 = CARTESIAN_POINT('',(-3.133331992019,6.963738845656,0.60733982402
    ));
#1720 = CARTESIAN_POINT('',(-3.172227534656,6.943516854239,
    0.610709306863));
#1721 = CARTESIAN_POINT('',(-3.211915356988,6.923394270976,
    0.613734889587));
#1722 = CARTESIAN_POINT('',(-3.252723744369,6.90424184532,0.616187539547
    ));
#1723 = CARTESIAN_POINT('',(-3.294549085114,6.885790805861,
    0.618258949964));
#1724 = CARTESIAN_POINT('',(-3.33747818332,6.868379714835,0.619910422401
    ));
#1725 = CARTESIAN_POINT('',(-3.381513835405,6.852068308817,
    0.621222135096));
#1726 = CARTESIAN_POINT('',(-3.477776465227,6.819942607852,
    0.623388617867));
#1727 = CARTESIAN_POINT('',(-3.530309353467,6.8044773499,0.624161135191)
  );
#1728 = CARTESIAN_POINT('',(-3.584271663271,6.790797969132,
    0.624629973862));
#1729 = CARTESIAN_POINT('',(-3.639486568925,6.779108038932,
    0.624874712503));
#1730 = CARTESIAN_POINT('',(-3.69580205236,6.769574538466,0.624974770141
    ));
#1731 = CARTESIAN_POINT('',(-3.753068124083,6.762322154216,
    0.624999838832));
#1732 = CARTESIAN_POINT('',(-3.811031243499,6.7574444875,0.625000077156)
  );
#1733 = CARTESIAN_POINT('',(-3.869305715338,6.75500493196,0.625));
#1734 = CARTESIAN_POINT('',(-3.927131462995,6.755000068903,0.625));
#1735 = DEFINITIONAL_REPRESENTATION('',(#1736),#1740);
#1736 = LINE('',#1737,#1738);
#1737 = CARTESIAN_POINT('',(1.046210061341,0.));
#1738 = VECTOR('',#1739,1.);
#1739 = DIRECTION('',(0.,1.));
#1740 = ( GEOMETRIC_REPRESENTATION_CONTEXT(2) 
PARAMETRIC_REPRESENTATION_CONTEXT() REPRESENTATION_CONTEXT('2D SPACE',''
  ) );
#1741 = ORIENTED_EDGE('',*,*,#1742,.T.);
#1742 = EDGE_CURVE('',#1538,#375,#1743,.T.);
#1743 = SURFACE_CURVE('',#1744,(#1771,#1785),.PCURVE_S1.);
#1744 = ( BOUNDED_CURVE() B_SPLINE_CURVE(9,(#1745,#1746,#1747,#1748,
    #1749,#1750,#1751,#1752,#1753,#1754,#1755,#1756,#1757,#1758,#1759,
    #1760,#1761,#1762,#1763,#1764,#1765,#1766,#1767,#1768,#1769,#1770),
.UNSPECIFIED.,.F.,.F.) B_SPLINE_CURVE_WITH_KNOTS((10,8,8,10),(
    7.851064525281,7.921652449637,8.379156646392,8.897274586622),
.UNSPECIFIED.) CURVE() GEOMETRIC_REPRESENTATION_ITEM() 
RATIONAL_B_SPLINE_CURVE((1.,1.,1.,1.,1.,1.,1.,1.,1.,1.,1.,1.,1.,1.,1.,1.
,1.,1.,1.,1.,1.,1.,1.,1.,1.,1.)) REPRESENTATION_ITEM('') );
#1745 = CARTESIAN_POINT('',(-3.005910117938,7.0300906434,0.593548067215)
  );
#1746 = CARTESIAN_POINT('',(-3.012005606967,7.027200440153,
    0.594217711926));
#1747 = CARTESIAN_POINT('',(-3.018043547943,7.02433689442,0.594872299248
    ));
#1748 = CARTESIAN_POINT('',(-3.023994928372,7.021591198164,
    0.595494622287));
#1749 = CARTESIAN_POINT('',(-3.029937420274,7.018715847815,
    0.596132558131));
#1750 = CARTESIAN_POINT('',(-3.035742978419,7.016132584406,
    0.596704058778));
#1751 = CARTESIAN_POINT('',(-3.04149768315,7.013526897253,0.597273116712
    ));
#1752 = CARTESIAN_POINT('',(-3.047277548096,7.010662640239,
    0.597884000803));
#1753 = CARTESIAN_POINT('',(-3.05269594727,7.008896979491,0.59826443303)
  );
#1754 = CARTESIAN_POINT('',(-3.095596206234,6.985148081922,
    0.603256866605));
#1755 = CARTESIAN_POINT('',(-3.133331992019,6.963738845656,0.60733982402
    ));
#1756 = CARTESIAN_POINT('',(-3.172227534656,6.943516854239,
    0.610709306863));
#1757 = CARTESIAN_POINT('',(-3.211915356988,6.923394270976,
    0.613734889587));
#1758 = CARTESIAN_POINT('',(-3.252723744369,6.90424184532,0.616187539547
    ));
#1759 = CARTESIAN_POINT('',(-3.294549085114,6.885790805861,
    0.618258949964));
#1760 = CARTESIAN_POINT('',(-3.33747818332,6.868379714835,0.619910422401
    ));
#1761 = CARTESIAN_POINT('',(-3.381513835405,6.852068308817,
    0.621222135096));
#1762 = CARTESIAN_POINT('',(-3.477776465227,6.819942607852,
    0.623388617867));
#1763 = CARTESIAN_POINT('',(-3.530309353467,6.8044773499,0.624161135191)
  );
#1764 = CARTESIAN_POINT('',(-3.584271663271,6.790797969132,
    0.624629973862));
#1765 = CARTESIAN_POINT('',(-3.639486568925,6.779108038932,
    0.624874712503));
#1766 = CARTESIAN_POINT('',(-3.69580205236,6.769574538466,0.624974770141
    ));
#1767 = CARTESIAN_POINT('',(-3.753068124083,6.762322154216,
    0.624999838832));
#1768 = CARTESIAN_POINT('',(-3.811031243499,6.7574444875,0.625000077156)
  );
#1769 = CARTESIAN_POINT('',(-3.869305715338,6.75500493196,0.625));
#1770 = CARTESIAN_POINT('',(-3.927131462995,6.755000068903,0.625));
#1771 = PCURVE('',#418,#1772);
#1772 = DEFINITIONAL_REPRESENTATION('',(#1773),#1784);
#1773 = B_SPLINE_CURVE_WITH_KNOTS('',9,(#1774,#1775,#1776,#1777,#1778,
    #1779,#1780,#1781,#1782,#1783),.UNSPECIFIED.,.F.,.F.,(10,10),(
    8.870150178018,8.897274586622),.PIECEWISE_BEZIER_KNOTS.);
#1774 = CARTESIAN_POINT('',(1.989813483795E-04,-7.224871944996));
#1775 = CARTESIAN_POINT('',(1.549802459545E-04,-7.221822391759));
#1776 = CARTESIAN_POINT('',(1.164486849733E-04,-7.218772513653));
#1777 = CARTESIAN_POINT('',(8.338856098298E-05,-7.215722357404));
#1778 = CARTESIAN_POINT('',(5.580141044665E-05,-7.212671969534));
#1779 = CARTESIAN_POINT('',(3.368840124724E-05,-7.209621396289));
#1780 = CARTESIAN_POINT('',(1.705032264705E-05,-7.206570683578));
#1781 = CARTESIAN_POINT('',(5.887574679502E-06,-7.203519876897));
#1782 = CARTESIAN_POINT('',(2.001569498254E-07,-7.200469021253));
#1783 = CARTESIAN_POINT('',(-1.234317877754E-08,-7.197418161081));
#1784 = ( GEOMETRIC_REPRESENTATION_CONTEXT(2) 
PARAMETRIC_REPRESENTATION_CONTEXT() REPRESENTATION_CONTEXT('2D SPACE',''
  ) );
#1785 = PCURVE('',#1786,#1865);
#1786 = ( BOUNDED_SURFACE() B_SPLINE_SURFACE(2,9,(
    (#1787,#1788,#1789,#1790,#1791,#1792,#1793,#1794,#1795,#1796,#1797
      ,#1798,#1799,#1800,#1801,#1802,#1803,#1804,#1805,#1806,#1807,#1808
      ,#1809,#1810,#1811,#1812)
    ,(#1813,#1814,#1815,#1816,#1817,#1818,#1819,#1820,#1821,#1822,#1823
      ,#1824,#1825,#1826,#1827,#1828,#1829,#1830,#1831,#1832,#1833,#1834
      ,#1835,#1836,#1837,#1838)
    ,(#1839,#1840,#1841,#1842,#1843,#1844,#1845,#1846,#1847,#1848,#1849
      ,#1850,#1851,#1852,#1853,#1854,#1855,#1856,#1857,#1858,#1859,#1860
      ,#1861,#1862,#1863,#1864
)),.UNSPECIFIED.,.F.,.F.,.F.) B_SPLINE_SURFACE_WITH_KNOTS((3,3),(10,8,8,
    10),(0.,1.046210061341),(7.851064525281,7.921652449637,
    8.379156646392,8.897274586622),.UNSPECIFIED.) 
GEOMETRIC_REPRESENTATION_ITEM() RATIONAL_B_SPLINE_SURFACE((
    (1.,1.,1.,1.,1.,1.,1.,1.,1.,1.,1.,1.,1.,1.,1.,1.,1.,1.,1.,1.,1.,1.
      ,1.,1.,1.,1.)
    ,(0.777933205503,0.792820773344,0.806705793558,0.820032533444
      ,0.83168210291,0.843715612831,0.854491561592,0.863140596348
      ,0.876847103042,0.906819465009,0.918216330827,0.936894632256
      ,0.945610441092,0.958390425753,0.965996266542,0.973804332366
      ,0.979855175122,0.990424764097,0.994546615124,0.997372740371
      ,0.99904540114,0.999808337015,1.000007680478,0.999996443074,1.,1.)
    ,(1.,1.,1.,1.,1.,1.,1.,1.,1.,1.,1.,1.,1.,1.,1.,1.,1.,1.,1.,1.,1.,1.
,1.,1.,1.,1.))) REPRESENTATION_ITEM('') SURFACE() );
#1787 = CARTESIAN_POINT('',(-3.133363303756,7.164641540046,0.38));
#1788 = CARTESIAN_POINT('',(-3.139219668082,7.162105003185,
    0.391732116327));
#1789 = CARTESIAN_POINT('',(-3.144719591239,7.159097757254,
    0.403053041367));
#1790 = CARTESIAN_POINT('',(-3.149841142024,7.155440974132,
    0.414300847577));
#1791 = CARTESIAN_POINT('',(-3.154806953322,7.151867806599,
    0.424357585424));
#1792 = CARTESIAN_POINT('',(-3.159341455835,7.147325614753,0.43508223981
    ));
#1793 = CARTESIAN_POINT('',(-3.163683215574,7.142669087782,
    0.444927883256));
#1794 = CARTESIAN_POINT('',(-3.168083679447,7.138634365037,
    0.452983116183));
#1795 = CARTESIAN_POINT('',(-3.171673451387,7.131830845821,
    0.465760671148));
#1796 = CARTESIAN_POINT('',(-3.201999715957,7.105669481869,
    0.498515265542));
#1797 = CARTESIAN_POINT('',(-3.228811818971,7.083665740007,
    0.514973873497));
#1798 = CARTESIAN_POINT('',(-3.257170033895,7.059794749668,
    0.536692304027));
#1799 = CARTESIAN_POINT('',(-3.285919219151,7.033977702281,
    0.550665198765));
#1800 = CARTESIAN_POINT('',(-3.316917054688,7.008860822383,
    0.566409480057));
#1801 = CARTESIAN_POINT('',(-3.348923269905,6.982527807393,
    0.577888301419));
#1802 = CARTESIAN_POINT('',(-3.382979921206,6.956757826021,
    0.588474325651));
#1803 = CARTESIAN_POINT('',(-3.418857181887,6.931301416903,
    0.597000437567));
#1804 = CARTESIAN_POINT('',(-3.499675157376,6.878931499158,
    0.611796212211));
#1805 = CARTESIAN_POINT('',(-3.545164872111,6.852238857241,
    0.617563410253));
#1806 = CARTESIAN_POINT('',(-3.593392660263,6.827308414219,
    0.621466913734));
#1807 = CARTESIAN_POINT('',(-3.644304774047,6.804822705968,
    0.623733610368));
#1808 = CARTESIAN_POINT('',(-3.697787168828,6.785603571204,
    0.624746154299));
#1809 = CARTESIAN_POINT('',(-3.753561615291,6.770498632655,
    0.625007379111));
#1810 = CARTESIAN_POINT('',(-3.811033185701,6.760182921895,
    0.624996503399));
#1811 = CARTESIAN_POINT('',(-3.869305715175,6.755004132308,0.625));
#1812 = CARTESIAN_POINT('',(-3.928032269082,6.755000002125,0.625));
#1813 = CARTESIAN_POINT('',(-3.1117897829,7.173985567811,0.560208379035)
  );
#1814 = CARTESIAN_POINT('',(-3.113177047721,7.164076870122,
    0.562866323752));
#1815 = CARTESIAN_POINT('',(-3.114892844472,7.154650075343,0.56536399345
    ));
#1816 = CARTESIAN_POINT('',(-3.116802258961,7.145410720426,
    0.567758325149));
#1817 = CARTESIAN_POINT('',(-3.119144969556,7.137088517679,
    0.569926506057));
#1818 = CARTESIAN_POINT('',(-3.121397245363,7.128413487119,
    0.572097896043));
#1819 = CARTESIAN_POINT('',(-3.12394771072,7.120349242047,0.574101753032
    ));
#1820 = CARTESIAN_POINT('',(-3.126992507539,7.113445870501,
    0.575854134271));
#1821 = CARTESIAN_POINT('',(-3.128752431739,7.103917252512,
    0.578028965886));
#1822 = CARTESIAN_POINT('',(-3.158018078278,7.068503299541,
    0.587367002188));
#1823 = CARTESIAN_POINT('',(-3.188523290626,7.04272132775,0.593710388063
    ));
#1824 = CARTESIAN_POINT('',(-3.217901007166,7.015175146053,
    0.599762842708));
#1825 = CARTESIAN_POINT('',(-3.252269124393,6.989293681456,
    0.604728281561));
#1826 = CARTESIAN_POINT('',(-3.285835186774,6.963939473071,
    0.609062997455));
#1827 = CARTESIAN_POINT('',(-3.322864409368,6.939524504483,
    0.612638122402));
#1828 = CARTESIAN_POINT('',(-3.360786069174,6.916223911541,0.61557522727
    ));
#1829 = CARTESIAN_POINT('',(-3.400651251123,6.894124240201,
    0.617930163695));
#1830 = CARTESIAN_POINT('',(-3.488610065942,6.850274965696,0.62185377227
    ));
#1831 = CARTESIAN_POINT('',(-3.537425731545,6.828745146288,0.62330532906
    ));
#1832 = CARTESIAN_POINT('',(-3.588539862665,6.809194808212,
    0.624229312824));
#1833 = CARTESIAN_POINT('',(-3.641725114606,6.792000590422,
    0.624733427673));
#1834 = CARTESIAN_POINT('',(-3.696745234892,6.777593132406,0.62494655861
    ));
#1835 = CARTESIAN_POINT('',(-3.753319696963,6.766410510629,
    0.625000259323));
#1836 = CARTESIAN_POINT('',(-3.811030758423,6.758813658053,
    0.624999861321));
#1837 = CARTESIAN_POINT('',(-3.869305715257,6.755004532134,0.625));
#1838 = CARTESIAN_POINT('',(-3.927581838919,6.754999984784,0.625));
#1839 = CARTESIAN_POINT('',(-3.005910117938,7.0300906434,0.593548067215)
  );
#1840 = CARTESIAN_POINT('',(-3.012005606967,7.027200440153,
    0.594217711926));
#1841 = CARTESIAN_POINT('',(-3.018043547943,7.02433689442,0.594872299248
    ));
#1842 = CARTESIAN_POINT('',(-3.023994928372,7.021591198164,
    0.595494622287));
#1843 = CARTESIAN_POINT('',(-3.029937420274,7.018715847815,
    0.596132558131));
#1844 = CARTESIAN_POINT('',(-3.035742978419,7.016132584406,
    0.596704058778));
#1845 = CARTESIAN_POINT('',(-3.04149768315,7.013526897253,0.597273116712
    ));
#1846 = CARTESIAN_POINT('',(-3.047277548096,7.010662640239,
    0.597884000803));
#1847 = CARTESIAN_POINT('',(-3.05269594727,7.008896979491,0.59826443303)
  );
#1848 = CARTESIAN_POINT('',(-3.095596206234,6.985148081922,
    0.603256866605));
#1849 = CARTESIAN_POINT('',(-3.133331992019,6.963738845656,0.60733982402
    ));
#1850 = CARTESIAN_POINT('',(-3.172227534656,6.943516854239,
    0.610709306863));
#1851 = CARTESIAN_POINT('',(-3.211915356988,6.923394270976,
    0.613734889587));
#1852 = CARTESIAN_POINT('',(-3.252723744369,6.90424184532,0.616187539547
    ));
#1853 = CARTESIAN_POINT('',(-3.294549085114,6.885790805861,
    0.618258949964));
#1854 = CARTESIAN_POINT('',(-3.33747818332,6.868379714835,0.619910422401
    ));
#1855 = CARTESIAN_POINT('',(-3.381513835405,6.852068308817,
    0.621222135096));
#1856 = CARTESIAN_POINT('',(-3.477776465227,6.819942607852,
    0.623388617867));
#1857 = CARTESIAN_POINT('',(-3.530309353467,6.8044773499,0.624161135191)
  );
#1858 = CARTESIAN_POINT('',(-3.584271663271,6.790797969132,
    0.624629973862));
#1859 = CARTESIAN_POINT('',(-3.639486568925,6.779108038932,
    0.624874712503));
#1860 = CARTESIAN_POINT('',(-3.69580205236,6.769574538466,0.624974770141
    ));
#1861 = CARTESIAN_POINT('',(-3.753068124083,6.762322154216,
    0.624999838832));
#1862 = CARTESIAN_POINT('',(-3.811031243499,6.7574444875,0.625000077156)
  );
#1863 = CARTESIAN_POINT('',(-3.869305715338,6.75500493196,0.625));
#1864 = CARTESIAN_POINT('',(-3.927131462995,6.755000068903,0.625));
#1865 = DEFINITIONAL_REPRESENTATION('',(#1866),#1870);
#1866 = LINE('',#1867,#1868);
#1867 = CARTESIAN_POINT('',(1.046210061341,0.));
#1868 = VECTOR('',#1869,1.);
#1869 = DIRECTION('',(0.,1.));
#1870 = ( GEOMETRIC_REPRESENTATION_CONTEXT(2) 
PARAMETRIC_REPRESENTATION_CONTEXT() REPRESENTATION_CONTEXT('2D SPACE',''
  ) );
#1871 = ORIENTED_EDGE('',*,*,#402,.T.);
#1872 = ORIENTED_EDGE('',*,*,#1873,.T.);
#1873 = EDGE_CURVE('',#403,#1874,#1876,.T.);
#1874 = VERTEX_POINT('',#1875);
#1875 = CARTESIAN_POINT('',(3.006437371238,7.030065164243,0.593553970312
    ));
#1876 = SURFACE_CURVE('',#1877,(#1913,#1952),.PCURVE_S1.);
#1877 = ( BOUNDED_CURVE() B_SPLINE_CURVE(12,(#1878,#1879,#1880,#1881,
    #1882,#1883,#1884,#1885,#1886,#1887,#1888,#1889,#1890,#1891,#1892,
    #1893,#1894,#1895,#1896,#1897,#1898,#1899,#1900,#1901,#1902,#1903,
    #1904,#1905,#1906,#1907,#1908,#1909,#1910,#1911,#1912),
.UNSPECIFIED.,.F.,.F.) B_SPLINE_CURVE_WITH_KNOTS((13,11,11,13),(
    1.001848371377E-05,0.517249777909,0.974460336471,1.044989739269),
.UNSPECIFIED.) CURVE() GEOMETRIC_REPRESENTATION_ITEM() 
RATIONAL_B_SPLINE_CURVE((1.,1.,1.,0.999999999999,1.000000000001,
    0.999999999998,1.000000000002,0.999999999999,1.000000000001,1.,1.,1.
    ,1.,1.,1.,1.000000000001,0.999999999999,1.000000000001,
    0.999999999999,1.000000000001,1.,1.,1.,1.,1.,1.,1.,1.,1.,1.,1.,1.,1.
,1.,1.)) REPRESENTATION_ITEM('') );
#1878 = CARTESIAN_POINT('',(3.927752889934,6.755000085421,0.625));
#1879 = CARTESIAN_POINT('',(3.884085495287,6.755023889282,0.624999999998
    ));
#1880 = CARTESIAN_POINT('',(3.840417673249,6.756400427658,0.625000000285
    ));
#1881 = CARTESIAN_POINT('',(3.796906721045,6.75899140804,0.624999881212)
  );
#1882 = CARTESIAN_POINT('',(3.753512758071,6.763157738027,0.624993264712
    ));
#1883 = CARTESIAN_POINT('',(3.710757289617,6.768157538149,0.624967254374
    ));
#1884 = CARTESIAN_POINT('',(3.668203289433,6.774973533322,0.624903408289
    ));
#1885 = CARTESIAN_POINT('',(3.626415877661,6.782442589458,0.624778422542
    ));
#1886 = CARTESIAN_POINT('',(3.585115680344,6.791459901326,0.624565015233
    ));
#1887 = CARTESIAN_POINT('',(3.544558529256,6.801349822169,0.624233988881
    ));
#1888 = CARTESIAN_POINT('',(3.504704898529,6.812339277309,0.623754870262
    ));
#1889 = CARTESIAN_POINT('',(3.465620937532,6.824250036795,0.623098423183
    ));
#1890 = CARTESIAN_POINT('',(3.393443200333,6.848328181326,0.621474105167
    ));
#1891 = CARTESIAN_POINT('',(3.36018167857,6.860304590776,0.620550718557)
  );
#1892 = CARTESIAN_POINT('',(3.327526045923,6.872903030972,0.619449382709
    ));
#1893 = CARTESIAN_POINT('',(3.295470931292,6.886091643615,0.61814401223)
  );
#1894 = CARTESIAN_POINT('',(3.264002515641,6.899800859377,0.616623992769
    ));
#1895 = CARTESIAN_POINT('',(3.233114280622,6.91397963704,0.614873075719)
  );
#1896 = CARTESIAN_POINT('',(3.202798391763,6.928589584607,0.612870713473
    ));
#1897 = CARTESIAN_POINT('',(3.173030593963,6.943565366125,0.610608374458
    ));
#1898 = CARTESIAN_POINT('',(3.143780563904,6.958833416717,0.60808736041)
  );
#1899 = CARTESIAN_POINT('',(3.115048458835,6.974398660967,0.605288487779
    ));
#1900 = CARTESIAN_POINT('',(3.086851924174,6.99028065648,0.602177690833)
  );
#1901 = CARTESIAN_POINT('',(3.054664395921,7.00808593822,0.598434961715)
  );
#1902 = CARTESIAN_POINT('',(3.050534715917,7.009699979739,0.598090636154
    ));
#1903 = CARTESIAN_POINT('',(3.046319437727,7.011500196203,0.597705847173
    ));
#1904 = CARTESIAN_POINT('',(3.042030049737,7.013462385012,0.597283615678
    ));
#1905 = CARTESIAN_POINT('',(3.037706442494,7.015446318884,0.596852098468
    ));
#1906 = CARTESIAN_POINT('',(3.033354086693,7.017428834945,0.596416432174
    ));
#1907 = CARTESIAN_POINT('',(3.028960097936,7.019454561675,0.595967814882
    ));
#1908 = CARTESIAN_POINT('',(3.02452129244,7.021538349108,0.595502930999)
  );
#1909 = CARTESIAN_POINT('',(3.020049415194,7.023643099756,0.595028753603
    ));
#1910 = CARTESIAN_POINT('',(3.015550799496,7.025746329778,0.594549687382
    ));
#1911 = CARTESIAN_POINT('',(3.011009794046,7.027898421972,0.594055943972
    ));
#1912 = CARTESIAN_POINT('',(3.006437371238,7.030065164243,0.593553970312
    ));
#1913 = PCURVE('',#418,#1914);
#1914 = DEFINITIONAL_REPRESENTATION('',(#1915),#1951);
#1915 = B_SPLINE_CURVE_WITH_KNOTS('',12,(#1916,#1917,#1918,#1919,#1920,
    #1921,#1922,#1923,#1924,#1925,#1926,#1927,#1928,#1929,#1930,#1931,
    #1932,#1933,#1934,#1935,#1936,#1937,#1938,#1939,#1940,#1941,#1942,
    #1943,#1944,#1945,#1946,#1947,#1948,#1949,#1950),.UNSPECIFIED.,.F.,
  .F.,(13,11,11,13),(1.001848371377E-05,0.517249777909,0.974460336471,
    1.044989739269),.UNSPECIFIED.);
#1916 = CARTESIAN_POINT('',(7.143003565718E-08,-15.05275288993));
#1917 = CARTESIAN_POINT('',(1.960146195473E-05,-15.00908549528));
#1918 = CARTESIAN_POINT('',(1.149068858995E-03,-14.96541767324));
#1919 = CARTESIAN_POINT('',(3.275001380331E-03,-14.92190672104));
#1920 = CARTESIAN_POINT('',(6.693528980952E-03,-14.87851275806));
#1921 = CARTESIAN_POINT('',(1.079592883087E-02,-14.83575728962));
#1922 = CARTESIAN_POINT('',(1.638861316737E-02,-14.79320328942));
#1923 = CARTESIAN_POINT('',(2.251747959516E-02,-14.75141587767));
#1924 = CARTESIAN_POINT('',(2.99176982138E-02,-14.71011568033));
#1925 = CARTESIAN_POINT('',(3.80360613428E-02,-14.66955852926));
#1926 = CARTESIAN_POINT('',(4.706061431254E-02,-14.62970489852));
#1927 = CARTESIAN_POINT('',(5.684763202608E-02,-14.59062093753));
#1928 = CARTESIAN_POINT('',(7.664896191327E-02,-14.51844320033));
#1929 = CARTESIAN_POINT('',(8.650451855326E-02,-14.48518167857));
#1930 = CARTESIAN_POINT('',(9.687995206504E-02,-14.45252604592));
#1931 = CARTESIAN_POINT('',(0.107752769148,-14.42047093129));
#1932 = CARTESIAN_POINT('',(0.119067999704,-14.38900251563));
#1933 = CARTESIAN_POINT('',(0.130787225889,-14.35811428063));
#1934 = CARTESIAN_POINT('',(0.142883736133,-14.32779839175));
#1935 = CARTESIAN_POINT('',(0.155307803751,-14.29803059397));
#1936 = CARTESIAN_POINT('',(0.168001912813,-14.2687805639));
#1937 = CARTESIAN_POINT('',(0.180975586031,-14.24004845883));
#1938 = CARTESIAN_POINT('',(0.194253310464,-14.21185192417));
#1939 = CARTESIAN_POINT('',(0.209182046395,-14.17966439592));
#1940 = CARTESIAN_POINT('',(0.21053618329,-14.17553471591));
#1941 = CARTESIAN_POINT('',(0.212046647155,-14.17131943773));
#1942 = CARTESIAN_POINT('',(0.213693498831,-14.16703004973));
#1943 = CARTESIAN_POINT('',(0.21535939464,-14.1627064425));
#1944 = CARTESIAN_POINT('',(0.21702487633,-14.15835408668));
#1945 = CARTESIAN_POINT('',(0.218727272725,-14.15396009794));
#1946 = CARTESIAN_POINT('',(0.220479075547,-14.14952129243));
#1947 = CARTESIAN_POINT('',(0.222249328232,-14.14504941519));
#1948 = CARTESIAN_POINT('',(0.224019243104,-14.14055079949));
#1949 = CARTESIAN_POINT('',(0.225830938626,-14.13600979404));
#1950 = CARTESIAN_POINT('',(0.227655864951,-14.13143737123));
#1951 = ( GEOMETRIC_REPRESENTATION_CONTEXT(2) 
PARAMETRIC_REPRESENTATION_CONTEXT() REPRESENTATION_CONTEXT('2D SPACE',''
  ) );
#1952 = PCURVE('',#1953,#2059);
#1953 = ( BOUNDED_SURFACE() B_SPLINE_SURFACE(2,12,(
    (#1954,#1955,#1956,#1957,#1958,#1959,#1960,#1961,#1962,#1963,#1964
      ,#1965,#1966,#1967,#1968,#1969,#1970,#1971,#1972,#1973,#1974,#1975
      ,#1976,#1977,#1978,#1979,#1980,#1981,#1982,#1983,#1984,#1985,#1986
      ,#1987,#1988)
    ,(#1989,#1990,#1991,#1992,#1993,#1994,#1995,#1996,#1997,#1998,#1999
      ,#2000,#2001,#2002,#2003,#2004,#2005,#2006,#2007,#2008,#2009,#2010
      ,#2011,#2012,#2013,#2014,#2015,#2016,#2017,#2018,#2019,#2020,#2021
      ,#2022,#2023)
    ,(#2024,#2025,#2026,#2027,#2028,#2029,#2030,#2031,#2032,#2033,#2034
      ,#2035,#2036,#2037,#2038,#2039,#2040,#2041,#2042,#2043,#2044,#2045
      ,#2046,#2047,#2048,#2049,#2050,#2051,#2052,#2053,#2054,#2055,#2056
      ,#2057,#2058
)),.UNSPECIFIED.,.F.,.F.,.F.) B_SPLINE_SURFACE_WITH_KNOTS((3,3),(13,11,
    11,13),(0.,1.044979720785),(1.001848371377E-05,0.517249777909,
    0.974460336471,1.044989739269),.UNSPECIFIED.) 
GEOMETRIC_REPRESENTATION_ITEM() RATIONAL_B_SPLINE_SURFACE((
    (1.,1.,1.,0.999999999999,1.000000000001,0.999999999998
      ,1.000000000002,0.999999999999,1.000000000001,1.,1.,1.,1.,1.,1.
      ,1.000000000001,0.999999999999,1.000000000001,0.999999999999
      ,1.000000000001,1.,1.,1.,1.,1.,1.,1.,1.,1.,1.,1.,1.,1.,1.,1.)
    ,(1.,0.999999999997,1.000000003088,0.999999107891,0.999949418215
      ,0.999754554224,0.999286549399,0.998418284265,0.997038232476
      ,0.9950591308,0.992402943203,0.9890060903,0.981079551857
      ,0.976763320117,0.971595960485,0.965992548591,0.959451912427
      ,0.951871888875,0.943596074212,0.934458940675,0.923742524979
      ,0.911814589493,0.900285211766,0.877789790865,0.869509285978
      ,0.861557333677,0.853994429248,0.846066383024,0.837578897991
      ,0.828720124073,0.819565836774,0.809935642986,0.79970237142
      ,0.789090560196,0.777933708854)
    ,(1.,1.,1.,0.999999999999,1.000000000001,0.999999999998
      ,1.000000000002,0.999999999999,1.000000000001,1.,1.,1.,1.,1.,1.
      ,1.000000000001,0.999999999999,1.000000000001,0.999999999999
      ,1.000000000001,1.,1.,1.,1.,1.,1.,1.,1.,1.,1.,1.,1.,1.,1.,1.
))) REPRESENTATION_ITEM('') SURFACE() );
#1954 = CARTESIAN_POINT('',(3.927752889934,6.755000085421,0.625));
#1955 = CARTESIAN_POINT('',(3.884085487659,6.755019719397,0.625));
#1956 = CARTESIAN_POINT('',(3.840421571268,6.758130605148,0.62500000447)
  );
#1957 = CARTESIAN_POINT('',(3.797104011314,6.762966841861,0.624998808365
    ));
#1958 = CARTESIAN_POINT('',(3.754286573789,6.773118257371,0.624932710572
    ));
#1959 = CARTESIAN_POINT('',(3.712643244316,6.781310841571,0.624673234508
    ));
#1960 = CARTESIAN_POINT('',(3.671890467944,6.797544515751,0.6240480921)
  );
#1961 = CARTESIAN_POINT('',(3.63263223687,6.810193226667,0.622876920401)
  );
#1962 = CARTESIAN_POINT('',(3.594653034439,6.828597065188,0.620993399665
    ));
#1963 = CARTESIAN_POINT('',(3.558179538292,6.846211516631,0.618261661902
    ));
#1964 = CARTESIAN_POINT('',(3.523151847422,6.865766117759,0.614563871814
    ));
#1965 = CARTESIAN_POINT('',(3.489581278949,6.885966252278,0.609810958885
    ));
#1966 = CARTESIAN_POINT('',(3.428977121223,6.925220484942,0.598715749465
    ));
#1967 = CARTESIAN_POINT('',(3.401644807726,6.944128081291,0.592643706441
    ));
#1968 = CARTESIAN_POINT('',(3.375339580471,6.963303305203,0.585524579614
    ));
#1969 = CARTESIAN_POINT('',(3.350091739631,6.982734072263,0.577595552914
    ));
#1970 = CARTESIAN_POINT('',(3.325772877858,7.002164538172,0.568529420432
    ));
#1971 = CARTESIAN_POINT('',(3.302301662092,7.021423411928,0.558278939111
    ));
#1972 = CARTESIAN_POINT('',(3.279681728257,7.040503078086,0.547069053653
    ));
#1973 = CARTESIAN_POINT('',(3.257858422087,7.059312489171,0.534781153605
    ));
#1974 = CARTESIAN_POINT('',(3.236654113473,7.077500554208,0.521003777453
    ));
#1975 = CARTESIAN_POINT('',(3.215962414195,7.094740194133,0.506161578442
    ));
#1976 = CARTESIAN_POINT('',(3.195949839717,7.111376359376,0.491378911679
    ));
#1977 = CARTESIAN_POINT('',(3.173187176184,7.130996186027,0.466801456925
    ));
#1978 = CARTESIAN_POINT('',(3.170395583801,7.135415075476,0.458950504223
    ));
#1979 = CARTESIAN_POINT('',(3.167371945256,7.139324125264,0.451514686355
    ));
#1980 = CARTESIAN_POINT('',(3.164173961424,7.142808318724,0.444516163946
    ));
#1981 = CARTESIAN_POINT('',(3.160886219593,7.146200929963,0.437282467762
    ));
#1982 = CARTESIAN_POINT('',(3.157501469377,7.149524323041,0.429666660212
    ));
#1983 = CARTESIAN_POINT('',(3.153971121885,7.152634388112,0.421867179511
    ));
#1984 = CARTESIAN_POINT('',(3.15027385783,7.155472909256,0.413972255713)
  );
#1985 = CARTESIAN_POINT('',(3.146425535731,7.158116960635,0.405834493993
    ));
#1986 = CARTESIAN_POINT('',(3.14242789663,7.160599229502,0.397361926646)
  );
#1987 = CARTESIAN_POINT('',(3.138227867203,7.16275796651,0.388792541428)
  );
#1988 = CARTESIAN_POINT('',(3.133833568455,7.164660065654,0.38));
#1989 = CARTESIAN_POINT('',(3.927752889878,6.755000024108,0.625));
#1990 = CARTESIAN_POINT('',(3.884085491473,6.75502180434,0.625));
#1991 = CARTESIAN_POINT('',(3.840419623016,6.757265516044,0.625000000812
    ));
#1992 = CARTESIAN_POINT('',(3.797005243204,6.760979132807,0.624999747532
    ));
#1993 = CARTESIAN_POINT('',(3.753891112122,6.768138652906,0.624985743715
    ));
#1994 = CARTESIAN_POINT('',(3.711663551525,6.774739055409,0.624930691234
    ));
#1995 = CARTESIAN_POINT('',(3.669959370589,6.78628112801,0.624796631273)
  );
#1996 = CARTESIAN_POINT('',(3.629375362991,6.796382240118,0.624538754314
    ));
#1997 = CARTESIAN_POINT('',(3.589688870037,6.810186778231,0.624108962439
    ));
#1998 = CARTESIAN_POINT('',(3.551170149194,6.824104126033,0.623460575914
    ));
#1999 = CARTESIAN_POINT('',(3.513805283325,6.839646474739,0.622548404065
    ));
#2000 = CARTESIAN_POINT('',(3.477671487886,6.856106714135,0.62133267547)
  );
#2001 = CARTESIAN_POINT('',(3.411706195227,6.888979659323,0.61839018197)
  );
#2002 = CARTESIAN_POINT('',(3.381509211612,6.905238182734,0.616729620301
    ));
#2003 = CARTESIAN_POINT('',(3.352326905231,6.922179663448,0.614766070029
    ));
#2004 = CARTESIAN_POINT('',(3.323905932026,6.939770185521,0.612473499045
    ));
#2005 = CARTESIAN_POINT('',(3.296498435979,6.957932786208,0.609823460554
    ));
#2006 = CARTESIAN_POINT('',(3.270126940405,6.976613033959,0.606793466683
    ));
#2007 = CARTESIAN_POINT('',(3.244599352723,6.995772130013,0.603367106637
    ));
#2008 = CARTESIAN_POINT('',(3.219970057613,7.015389912978,0.599519912619
    ));
#2009 = CARTESIAN_POINT('',(3.196541880522,7.035439131056,0.595221758591
    ));
#2010 = CARTESIAN_POINT('',(3.174212498053,7.055716790353,0.590491836673
    ));
#2011 = CARTESIAN_POINT('',(3.152379152326,7.076005843989,0.585391708958
    ));
#2012 = CARTESIAN_POINT('',(3.130284643067,7.102732079753,0.578344835979
    ));
#2013 = CARTESIAN_POINT('',(3.128500763283,7.108881828536,0.576905588881
    ));
#2014 = CARTESIAN_POINT('',(3.126599684245,7.11483260845,0.575473408535)
  );
#2015 = CARTESIAN_POINT('',(3.124579505022,7.120579707792,0.574052472436
    ));
#2016 = CARTESIAN_POINT('',(3.122633266191,7.126515456019,0.572571588738
    ));
#2017 = CARTESIAN_POINT('',(3.120815201408,7.132729674728,0.571011425783
    ));
#2018 = CARTESIAN_POINT('',(3.1190853965,7.139105132513,0.569390411769)
  );
#2019 = CARTESIAN_POINT('',(3.117431390791,7.145595917776,0.567715516363
    ));
#2020 = CARTESIAN_POINT('',(3.115905054531,7.152315012061,0.565965158796
    ));
#2021 = CARTESIAN_POINT('',(3.114548402864,7.15934401054,0.564122231588)
  );
#2022 = CARTESIAN_POINT('',(3.1133186142,7.166532102206,0.5622112389));
#2023 = CARTESIAN_POINT('',(3.11226733733,7.173995140966,0.560209415189)
  );
#2024 = CARTESIAN_POINT('',(3.927752889934,6.755000085421,0.625));
#2025 = CARTESIAN_POINT('',(3.884085495287,6.755023889282,0.624999999998
    ));
#2026 = CARTESIAN_POINT('',(3.840417673249,6.756400427658,0.625000000285
    ));
#2027 = CARTESIAN_POINT('',(3.796906721045,6.75899140804,0.624999881212)
  );
#2028 = CARTESIAN_POINT('',(3.753512758071,6.763157738027,0.624993264712
    ));
#2029 = CARTESIAN_POINT('',(3.710757289617,6.768157538149,0.624967254374
    ));
#2030 = CARTESIAN_POINT('',(3.668203289433,6.774973533322,0.624903408289
    ));
#2031 = CARTESIAN_POINT('',(3.626415877661,6.782442589458,0.624778422542
    ));
#2032 = CARTESIAN_POINT('',(3.585115680344,6.791459901326,0.624565015233
    ));
#2033 = CARTESIAN_POINT('',(3.544558529256,6.801349822169,0.624233988881
    ));
#2034 = CARTESIAN_POINT('',(3.504704898529,6.812339277309,0.623754870262
    ));
#2035 = CARTESIAN_POINT('',(3.465620937532,6.824250036795,0.623098423183
    ));
#2036 = CARTESIAN_POINT('',(3.393443200333,6.848328181326,0.621474105167
    ));
#2037 = CARTESIAN_POINT('',(3.36018167857,6.860304590776,0.620550718557)
  );
#2038 = CARTESIAN_POINT('',(3.327526045923,6.872903030972,0.619449382709
    ));
#2039 = CARTESIAN_POINT('',(3.295470931292,6.886091643615,0.61814401223)
  );
#2040 = CARTESIAN_POINT('',(3.264002515641,6.899800859377,0.616623992769
    ));
#2041 = CARTESIAN_POINT('',(3.233114280622,6.91397963704,0.614873075719)
  );
#2042 = CARTESIAN_POINT('',(3.202798391763,6.928589584607,0.612870713473
    ));
#2043 = CARTESIAN_POINT('',(3.173030593963,6.943565366125,0.610608374458
    ));
#2044 = CARTESIAN_POINT('',(3.143780563904,6.958833416717,0.60808736041)
  );
#2045 = CARTESIAN_POINT('',(3.115048458835,6.974398660967,0.605288487779
    ));
#2046 = CARTESIAN_POINT('',(3.086851924174,6.99028065648,0.602177690833)
  );
#2047 = CARTESIAN_POINT('',(3.054664395921,7.00808593822,0.598434961715)
  );
#2048 = CARTESIAN_POINT('',(3.050534715917,7.009699979739,0.598090636154
    ));
#2049 = CARTESIAN_POINT('',(3.046319437727,7.011500196203,0.597705847173
    ));
#2050 = CARTESIAN_POINT('',(3.042030049737,7.013462385012,0.597283615678
    ));
#2051 = CARTESIAN_POINT('',(3.037706442494,7.015446318884,0.596852098468
    ));
#2052 = CARTESIAN_POINT('',(3.033354086693,7.017428834945,0.596416432174
    ));
#2053 = CARTESIAN_POINT('',(3.028960097936,7.019454561675,0.595967814882
    ));
#2054 = CARTESIAN_POINT('',(3.02452129244,7.021538349108,0.595502930999)
  );
#2055 = CARTESIAN_POINT('',(3.020049415194,7.023643099756,0.595028753603
    ));
#2056 = CARTESIAN_POINT('',(3.015550799496,7.025746329778,0.594549687382
    ));
#2057 = CARTESIAN_POINT('',(3.011009794046,7.027898421972,0.594055943972
    ));
#2058 = CARTESIAN_POINT('',(3.006437371238,7.030065164243,0.593553970312
    ));
#2059 = DEFINITIONAL_REPRESENTATION('',(#2060),#2064);
#2060 = LINE('',#2061,#2062);
#2061 = CARTESIAN_POINT('',(1.044979720785,0.));
#2062 = VECTOR('',#2063,1.);
#2063 = DIRECTION('',(0.,1.));
#2064 = ( GEOMETRIC_REPRESENTATION_CONTEXT(2) 
PARAMETRIC_REPRESENTATION_CONTEXT() REPRESENTATION_CONTEXT('2D SPACE',''
  ) );
#2065 = ORIENTED_EDGE('',*,*,#2066,.T.);
#2066 = EDGE_CURVE('',#1874,#1472,#2067,.T.);
#2067 = SURFACE_CURVE('',#2068,(#2073,#2081),.PCURVE_S1.);
#2068 = B_SPLINE_CURVE_WITH_KNOTS('',3,(#2069,#2070,#2071,#2072),
  .UNSPECIFIED.,.F.,.F.,(4,4),(1.044989739269,1.106749330078),
  .PIECEWISE_BEZIER_KNOTS.);
#2069 = CARTESIAN_POINT('',(3.006437371238,7.030065164243,0.593553970312
    ));
#2070 = CARTESIAN_POINT('',(2.990421868457,7.037654459529,0.591795742591
    ));
#2071 = CARTESIAN_POINT('',(2.97415950097,7.046030729992,0.589777909843)
  );
#2072 = CARTESIAN_POINT('',(2.957723422073,7.055,0.5875));
#2073 = PCURVE('',#418,#2074);
#2074 = DEFINITIONAL_REPRESENTATION('',(#2075),#2080);
#2075 = B_SPLINE_CURVE_WITH_KNOTS('',3,(#2076,#2077,#2078,#2079),
  .UNSPECIFIED.,.F.,.F.,(4,4),(1.044989739269,1.106749330078),
  .PIECEWISE_BEZIER_KNOTS.);
#2076 = CARTESIAN_POINT('',(0.227655864951,-14.13143737123));
#2077 = CARTESIAN_POINT('',(0.234047905637,-14.11542186845));
#2078 = CARTESIAN_POINT('',(0.241116956283,-14.09915950097));
#2079 = CARTESIAN_POINT('',(0.248709989094,-14.08272342207));
#2080 = ( GEOMETRIC_REPRESENTATION_CONTEXT(2) 
PARAMETRIC_REPRESENTATION_CONTEXT() REPRESENTATION_CONTEXT('2D SPACE',''
  ) );
#2081 = PCURVE('',#2082,#2095);
#2082 = ( BOUNDED_SURFACE() B_SPLINE_SURFACE(2,3,(
    (#2083,#2084,#2085,#2086)
    ,(#2087,#2088,#2089,#2090)
    ,(#2091,#2092,#2093,#2094
)),.UNSPECIFIED.,.F.,.F.,.F.) B_SPLINE_SURFACE_WITH_KNOTS((3,3),(4,4),(
    0.,6.175959080904E-02),(1.044989739269,1.106749330078),
.PIECEWISE_BEZIER_KNOTS.) GEOMETRIC_REPRESENTATION_ITEM() 
RATIONAL_B_SPLINE_SURFACE((
    (1.,1.,1.,1.)
    ,(0.777933708854,0.778736170876,0.779886589064,0.781239027101)
,(1.,1.,1.,1.))) REPRESENTATION_ITEM('') SURFACE() );
#2083 = CARTESIAN_POINT('',(3.133833568455,7.164660065654,0.38));
#2084 = CARTESIAN_POINT('',(3.115052650702,7.172789501003,0.377524435366
    ));
#2085 = CARTESIAN_POINT('',(3.096496257071,7.181161783421,0.375038682101
    ));
#2086 = CARTESIAN_POINT('',(3.07800247483,7.189848316121,0.372427543441)
  );
#2087 = CARTESIAN_POINT('',(3.11226733733,7.173995140966,0.560209415189)
  );
#2088 = CARTESIAN_POINT('',(3.094808887666,7.181813745087,0.557429677141
    ));
#2089 = CARTESIAN_POINT('',(3.07742938456,7.189892781574,0.55440180784)
  );
#2090 = CARTESIAN_POINT('',(3.060003240884,7.198302559401,0.5511056992)
  );
#2091 = CARTESIAN_POINT('',(3.006437371238,7.030065164243,0.593553970312
    ));
#2092 = CARTESIAN_POINT('',(2.990421868457,7.037654459529,0.591795742591
    ));
#2093 = CARTESIAN_POINT('',(2.97415950097,7.046030729992,0.589777909843)
  );
#2094 = CARTESIAN_POINT('',(2.957723422073,7.055,0.5875));
#2095 = DEFINITIONAL_REPRESENTATION('',(#2096),#2100);
#2096 = LINE('',#2097,#2098);
#2097 = CARTESIAN_POINT('',(6.175959080904E-02,0.));
#2098 = VECTOR('',#2099,1.);
#2099 = DIRECTION('',(0.,1.));
#2100 = ( GEOMETRIC_REPRESENTATION_CONTEXT(2) 
PARAMETRIC_REPRESENTATION_CONTEXT() REPRESENTATION_CONTEXT('2D SPACE',''
  ) );
#2101 = ADVANCED_FACE('',(#2102),#446,.T.);
#2102 = FACE_BOUND('',#2103,.T.);
#2103 = EDGE_LOOP('',(#2104,#2131,#2132,#2133));
#2104 = ORIENTED_EDGE('',*,*,#2105,.T.);
#2105 = EDGE_CURVE('',#2106,#403,#2108,.T.);
#2106 = VERTEX_POINT('',#2107);
#2107 = CARTESIAN_POINT('',(3.928,7.,0.38));
#2108 = SURFACE_CURVE('',#2109,(#2114,#2120),.PCURVE_S1.);
#2109 = CIRCLE('',#2110,0.245);
#2110 = AXIS2_PLACEMENT_3D('',#2111,#2112,#2113);
#2111 = CARTESIAN_POINT('',(3.927908228421,6.755000017188,0.38));
#2112 = DIRECTION('',(0.999999929846,-3.745778728993E-04,-0.));
#2113 = DIRECTION('',(-3.745778728993E-04,-0.999999929846,0.));
#2114 = PCURVE('',#446,#2115);
#2115 = DEFINITIONAL_REPRESENTATION('',(#2116),#2119);
#2116 = B_SPLINE_CURVE_WITH_KNOTS('',1,(#2117,#2118),.UNSPECIFIED.,.F.,
  .F.,(2,2),(3.14159265359,4.712388980385),.PIECEWISE_BEZIER_KNOTS.);
#2117 = CARTESIAN_POINT('',(1.24344978758E-14,0.));
#2118 = CARTESIAN_POINT('',(1.570796326795,0.));
#2119 = ( GEOMETRIC_REPRESENTATION_CONTEXT(2) 
PARAMETRIC_REPRESENTATION_CONTEXT() REPRESENTATION_CONTEXT('2D SPACE',''
  ) );
#2120 = PCURVE('',#2121,#2126);
#2121 = TOROIDAL_SURFACE('',#2122,2.246104115375,0.245);
#2122 = AXIS2_PLACEMENT_3D('',#2123,#2124,#2125);
#2123 = CARTESIAN_POINT('',(3.928749569323,9.001103974989,0.38));
#2124 = DIRECTION('',(-0.,0.,-1.));
#2125 = DIRECTION('',(-0.713980626168,-0.700165455772,0.));
#2126 = DEFINITIONAL_REPRESENTATION('',(#2127),#2130);
#2127 = B_SPLINE_CURVE_WITH_KNOTS('',1,(#2128,#2129),.UNSPECIFIED.,.F.,
  .F.,(2,2),(3.14159265359,4.712388980385),.PIECEWISE_BEZIER_KNOTS.);
#2128 = CARTESIAN_POINT('',(-0.794792541565,3.14159265359));
#2129 = CARTESIAN_POINT('',(-0.794792541565,4.712388980385));
#2130 = ( GEOMETRIC_REPRESENTATION_CONTEXT(2) 
PARAMETRIC_REPRESENTATION_CONTEXT() REPRESENTATION_CONTEXT('2D SPACE',''
  ) );
#2131 = ORIENTED_EDGE('',*,*,#430,.T.);
#2132 = ORIENTED_EDGE('',*,*,#1415,.F.);
#2133 = ORIENTED_EDGE('',*,*,#2134,.F.);
#2134 = EDGE_CURVE('',#2106,#1416,#2135,.T.);
#2135 = SURFACE_CURVE('',#2136,(#2140,#2147),.PCURVE_S1.);
#2136 = LINE('',#2137,#2138);
#2137 = CARTESIAN_POINT('',(3.928,7.,0.38));
#2138 = VECTOR('',#2139,1.);
#2139 = DIRECTION('',(1.,0.,0.));
#2140 = PCURVE('',#446,#2141);
#2141 = DEFINITIONAL_REPRESENTATION('',(#2142),#2146);
#2142 = LINE('',#2143,#2144);
#2143 = CARTESIAN_POINT('',(0.,0.));
#2144 = VECTOR('',#2145,1.);
#2145 = DIRECTION('',(0.,1.));
#2146 = ( GEOMETRIC_REPRESENTATION_CONTEXT(2) 
PARAMETRIC_REPRESENTATION_CONTEXT() REPRESENTATION_CONTEXT('2D SPACE',''
  ) );
#2147 = PCURVE('',#2148,#2153);
#2148 = PLANE('',#2149);
#2149 = AXIS2_PLACEMENT_3D('',#2150,#2151,#2152);
#2150 = CARTESIAN_POINT('',(3.928,7.,0.));
#2151 = DIRECTION('',(0.,1.,0.));
#2152 = DIRECTION('',(1.,0.,0.));
#2153 = DEFINITIONAL_REPRESENTATION('',(#2154),#2158);
#2154 = LINE('',#2155,#2156);
#2155 = CARTESIAN_POINT('',(0.,-0.38));
#2156 = VECTOR('',#2157,1.);
#2157 = DIRECTION('',(1.,0.));
#2158 = ( GEOMETRIC_REPRESENTATION_CONTEXT(2) 
PARAMETRIC_REPRESENTATION_CONTEXT() REPRESENTATION_CONTEXT('2D SPACE',''
  ) );
#2159 = ADVANCED_FACE('',(#2160),#647,.F.);
#2160 = FACE_BOUND('',#2161,.T.);
#2161 = EDGE_LOOP('',(#2162,#2185,#2214,#2235));
#2162 = ORIENTED_EDGE('',*,*,#2163,.F.);
#2163 = EDGE_CURVE('',#2164,#611,#2166,.T.);
#2164 = VERTEX_POINT('',#2165);
#2165 = CARTESIAN_POINT('',(-5.375,-5.,0.375));
#2166 = SURFACE_CURVE('',#2167,(#2171,#2178),.PCURVE_S1.);
#2167 = LINE('',#2168,#2169);
#2168 = CARTESIAN_POINT('',(-5.375,-5.,-0.1));
#2169 = VECTOR('',#2170,1.);
#2170 = DIRECTION('',(0.,0.,1.));
#2171 = PCURVE('',#647,#2172);
#2172 = DEFINITIONAL_REPRESENTATION('',(#2173),#2177);
#2173 = LINE('',#2174,#2175);
#2174 = CARTESIAN_POINT('',(-0.,0.));
#2175 = VECTOR('',#2176,1.);
#2176 = DIRECTION('',(-0.,1.));
#2177 = ( GEOMETRIC_REPRESENTATION_CONTEXT(2) 
PARAMETRIC_REPRESENTATION_CONTEXT() REPRESENTATION_CONTEXT('2D SPACE',''
  ) );
#2178 = PCURVE('',#732,#2179);
#2179 = DEFINITIONAL_REPRESENTATION('',(#2180),#2184);
#2180 = LINE('',#2181,#2182);
#2181 = CARTESIAN_POINT('',(0.75,0.));
#2182 = VECTOR('',#2183,1.);
#2183 = DIRECTION('',(0.,-1.));
#2184 = ( GEOMETRIC_REPRESENTATION_CONTEXT(2) 
PARAMETRIC_REPRESENTATION_CONTEXT() REPRESENTATION_CONTEXT('2D SPACE',''
  ) );
#2185 = ORIENTED_EDGE('',*,*,#2186,.F.);
#2186 = EDGE_CURVE('',#2187,#2164,#2189,.T.);
#2187 = VERTEX_POINT('',#2188);
#2188 = CARTESIAN_POINT('',(-6.125,-4.25,0.375));
#2189 = SURFACE_CURVE('',#2190,(#2195,#2202),.PCURVE_S1.);
#2190 = CIRCLE('',#2191,0.75);
#2191 = AXIS2_PLACEMENT_3D('',#2192,#2193,#2194);
#2192 = CARTESIAN_POINT('',(-5.375,-4.25,0.375));
#2193 = DIRECTION('',(0.,0.,1.));
#2194 = DIRECTION('',(0.,-1.,0.));
#2195 = PCURVE('',#647,#2196);
#2196 = DEFINITIONAL_REPRESENTATION('',(#2197),#2201);
#2197 = LINE('',#2198,#2199);
#2198 = CARTESIAN_POINT('',(-6.28318530718,0.475));
#2199 = VECTOR('',#2200,1.);
#2200 = DIRECTION('',(1.,-0.));
#2201 = ( GEOMETRIC_REPRESENTATION_CONTEXT(2) 
PARAMETRIC_REPRESENTATION_CONTEXT() REPRESENTATION_CONTEXT('2D SPACE',''
  ) );
#2202 = PCURVE('',#2203,#2208);
#2203 = PLANE('',#2204);
#2204 = AXIS2_PLACEMENT_3D('',#2205,#2206,#2207);
#2205 = CARTESIAN_POINT('',(0.,0.,0.375));
#2206 = DIRECTION('',(0.,0.,1.));
#2207 = DIRECTION('',(1.,0.,-0.));
#2208 = DEFINITIONAL_REPRESENTATION('',(#2209),#2213);
#2209 = CIRCLE('',#2210,0.75);
#2210 = AXIS2_PLACEMENT_2D('',#2211,#2212);
#2211 = CARTESIAN_POINT('',(-5.375,-4.25));
#2212 = DIRECTION('',(0.,-1.));
#2213 = ( GEOMETRIC_REPRESENTATION_CONTEXT(2) 
PARAMETRIC_REPRESENTATION_CONTEXT() REPRESENTATION_CONTEXT('2D SPACE',''
  ) );
#2214 = ORIENTED_EDGE('',*,*,#2215,.T.);
#2215 = EDGE_CURVE('',#2187,#588,#2216,.T.);
#2216 = SURFACE_CURVE('',#2217,(#2221,#2228),.PCURVE_S1.);
#2217 = LINE('',#2218,#2219);
#2218 = CARTESIAN_POINT('',(-6.125,-4.25,-0.1));
#2219 = VECTOR('',#2220,1.);
#2220 = DIRECTION('',(0.,0.,1.));
#2221 = PCURVE('',#647,#2222);
#2222 = DEFINITIONAL_REPRESENTATION('',(#2223),#2227);
#2223 = LINE('',#2224,#2225);
#2224 = CARTESIAN_POINT('',(-1.570796326795,0.));
#2225 = VECTOR('',#2226,1.);
#2226 = DIRECTION('',(-0.,1.));
#2227 = ( GEOMETRIC_REPRESENTATION_CONTEXT(2) 
PARAMETRIC_REPRESENTATION_CONTEXT() REPRESENTATION_CONTEXT('2D SPACE',''
  ) );
#2228 = PCURVE('',#698,#2229);
#2229 = DEFINITIONAL_REPRESENTATION('',(#2230),#2234);
#2230 = LINE('',#2231,#2232);
#2231 = CARTESIAN_POINT('',(9.25,0.));
#2232 = VECTOR('',#2233,1.);
#2233 = DIRECTION('',(0.,-1.));
#2234 = ( GEOMETRIC_REPRESENTATION_CONTEXT(2) 
PARAMETRIC_REPRESENTATION_CONTEXT() REPRESENTATION_CONTEXT('2D SPACE',''
  ) );
#2235 = ORIENTED_EDGE('',*,*,#632,.T.);
#2236 = ADVANCED_FACE('',(#2237),#698,.T.);
#2237 = FACE_BOUND('',#2238,.T.);
#2238 = EDGE_LOOP('',(#2239,#2240,#2261,#2282));
#2239 = ORIENTED_EDGE('',*,*,#2215,.F.);
#2240 = ORIENTED_EDGE('',*,*,#2241,.F.);
#2241 = EDGE_CURVE('',#2242,#2187,#2244,.T.);
#2242 = VERTEX_POINT('',#2243);
#2243 = CARTESIAN_POINT('',(-6.125,4.25,0.375));
#2244 = SURFACE_CURVE('',#2245,(#2249,#2255),.PCURVE_S1.);
#2245 = LINE('',#2246,#2247);
#2246 = CARTESIAN_POINT('',(-6.125,2.5,0.375));
#2247 = VECTOR('',#2248,1.);
#2248 = DIRECTION('',(0.,-1.,0.));
#2249 = PCURVE('',#698,#2250);
#2250 = DEFINITIONAL_REPRESENTATION('',(#2251),#2254);
#2251 = B_SPLINE_CURVE_WITH_KNOTS('',1,(#2252,#2253),.UNSPECIFIED.,.F.,
  .F.,(2,2),(-1.75,6.75),.PIECEWISE_BEZIER_KNOTS.);
#2252 = CARTESIAN_POINT('',(0.75,-0.475));
#2253 = CARTESIAN_POINT('',(9.25,-0.475));
#2254 = ( GEOMETRIC_REPRESENTATION_CONTEXT(2) 
PARAMETRIC_REPRESENTATION_CONTEXT() REPRESENTATION_CONTEXT('2D SPACE',''
  ) );
#2255 = PCURVE('',#2203,#2256);
#2256 = DEFINITIONAL_REPRESENTATION('',(#2257),#2260);
#2257 = B_SPLINE_CURVE_WITH_KNOTS('',1,(#2258,#2259),.UNSPECIFIED.,.F.,
  .F.,(2,2),(-1.75,6.75),.PIECEWISE_BEZIER_KNOTS.);
#2258 = CARTESIAN_POINT('',(-6.125,4.25));
#2259 = CARTESIAN_POINT('',(-6.125,-4.25));
#2260 = ( GEOMETRIC_REPRESENTATION_CONTEXT(2) 
PARAMETRIC_REPRESENTATION_CONTEXT() REPRESENTATION_CONTEXT('2D SPACE',''
  ) );
#2261 = ORIENTED_EDGE('',*,*,#2262,.T.);
#2262 = EDGE_CURVE('',#2242,#663,#2263,.T.);
#2263 = SURFACE_CURVE('',#2264,(#2268,#2275),.PCURVE_S1.);
#2264 = LINE('',#2265,#2266);
#2265 = CARTESIAN_POINT('',(-6.125,4.25,-0.1));
#2266 = VECTOR('',#2267,1.);
#2267 = DIRECTION('',(0.,0.,1.));
#2268 = PCURVE('',#698,#2269);
#2269 = DEFINITIONAL_REPRESENTATION('',(#2270),#2274);
#2270 = LINE('',#2271,#2272);
#2271 = CARTESIAN_POINT('',(0.75,0.));
#2272 = VECTOR('',#2273,1.);
#2273 = DIRECTION('',(0.,-1.));
#2274 = ( GEOMETRIC_REPRESENTATION_CONTEXT(2) 
PARAMETRIC_REPRESENTATION_CONTEXT() REPRESENTATION_CONTEXT('2D SPACE',''
  ) );
#2275 = PCURVE('',#807,#2276);
#2276 = DEFINITIONAL_REPRESENTATION('',(#2277),#2281);
#2277 = LINE('',#2278,#2279);
#2278 = CARTESIAN_POINT('',(1.570796326795,0.));
#2279 = VECTOR('',#2280,1.);
#2280 = DIRECTION('',(0.,1.));
#2281 = ( GEOMETRIC_REPRESENTATION_CONTEXT(2) 
PARAMETRIC_REPRESENTATION_CONTEXT() REPRESENTATION_CONTEXT('2D SPACE',''
  ) );
#2282 = ORIENTED_EDGE('',*,*,#684,.T.);
#2283 = ADVANCED_FACE('',(#2284),#732,.T.);
#2284 = FACE_BOUND('',#2285,.T.);
#2285 = EDGE_LOOP('',(#2286,#2309,#2328,#2329));
#2286 = ORIENTED_EDGE('',*,*,#2287,.F.);
#2287 = EDGE_CURVE('',#2288,#717,#2290,.T.);
#2288 = VERTEX_POINT('',#2289);
#2289 = CARTESIAN_POINT('',(5.375,-5.,0.375));
#2290 = SURFACE_CURVE('',#2291,(#2295,#2302),.PCURVE_S1.);
#2291 = LINE('',#2292,#2293);
#2292 = CARTESIAN_POINT('',(5.375,-5.,-0.1));
#2293 = VECTOR('',#2294,1.);
#2294 = DIRECTION('',(0.,0.,1.));
#2295 = PCURVE('',#732,#2296);
#2296 = DEFINITIONAL_REPRESENTATION('',(#2297),#2301);
#2297 = LINE('',#2298,#2299);
#2298 = CARTESIAN_POINT('',(11.5,0.));
#2299 = VECTOR('',#2300,1.);
#2300 = DIRECTION('',(0.,-1.));
#2301 = ( GEOMETRIC_REPRESENTATION_CONTEXT(2) 
PARAMETRIC_REPRESENTATION_CONTEXT() REPRESENTATION_CONTEXT('2D SPACE',''
  ) );
#2302 = PCURVE('',#861,#2303);
#2303 = DEFINITIONAL_REPRESENTATION('',(#2304),#2308);
#2304 = LINE('',#2305,#2306);
#2305 = CARTESIAN_POINT('',(0.,0.));
#2306 = VECTOR('',#2307,1.);
#2307 = DIRECTION('',(0.,1.));
#2308 = ( GEOMETRIC_REPRESENTATION_CONTEXT(2) 
PARAMETRIC_REPRESENTATION_CONTEXT() REPRESENTATION_CONTEXT('2D SPACE',''
  ) );
#2309 = ORIENTED_EDGE('',*,*,#2310,.F.);
#2310 = EDGE_CURVE('',#2164,#2288,#2311,.T.);
#2311 = SURFACE_CURVE('',#2312,(#2316,#2322),.PCURVE_S1.);
#2312 = LINE('',#2313,#2314);
#2313 = CARTESIAN_POINT('',(-3.0625,-5.,0.375));
#2314 = VECTOR('',#2315,1.);
#2315 = DIRECTION('',(1.,0.,0.));
#2316 = PCURVE('',#732,#2317);
#2317 = DEFINITIONAL_REPRESENTATION('',(#2318),#2321);
#2318 = B_SPLINE_CURVE_WITH_KNOTS('',1,(#2319,#2320),.UNSPECIFIED.,.F.,
  .F.,(2,2),(-2.3125,8.4375),.PIECEWISE_BEZIER_KNOTS.);
#2319 = CARTESIAN_POINT('',(0.75,-0.475));
#2320 = CARTESIAN_POINT('',(11.5,-0.475));
#2321 = ( GEOMETRIC_REPRESENTATION_CONTEXT(2) 
PARAMETRIC_REPRESENTATION_CONTEXT() REPRESENTATION_CONTEXT('2D SPACE',''
  ) );
#2322 = PCURVE('',#2203,#2323);
#2323 = DEFINITIONAL_REPRESENTATION('',(#2324),#2327);
#2324 = B_SPLINE_CURVE_WITH_KNOTS('',1,(#2325,#2326),.UNSPECIFIED.,.F.,
  .F.,(2,2),(-2.3125,8.4375),.PIECEWISE_BEZIER_KNOTS.);
#2325 = CARTESIAN_POINT('',(-5.375,-5.));
#2326 = CARTESIAN_POINT('',(5.375,-5.));
#2327 = ( GEOMETRIC_REPRESENTATION_CONTEXT(2) 
PARAMETRIC_REPRESENTATION_CONTEXT() REPRESENTATION_CONTEXT('2D SPACE',''
  ) );
#2328 = ORIENTED_EDGE('',*,*,#2163,.T.);
#2329 = ORIENTED_EDGE('',*,*,#716,.T.);
#2330 = ADVANCED_FACE('',(#2331),#807,.F.);
#2331 = FACE_BOUND('',#2332,.F.);
#2332 = EDGE_LOOP('',(#2333,#2356,#2378,#2379));
#2333 = ORIENTED_EDGE('',*,*,#2334,.F.);
#2334 = EDGE_CURVE('',#2335,#769,#2337,.T.);
#2335 = VERTEX_POINT('',#2336);
#2336 = CARTESIAN_POINT('',(-5.375,5.,0.375));
#2337 = SURFACE_CURVE('',#2338,(#2342,#2349),.PCURVE_S1.);
#2338 = LINE('',#2339,#2340);
#2339 = CARTESIAN_POINT('',(-5.375,5.,-0.1));
#2340 = VECTOR('',#2341,1.);
#2341 = DIRECTION('',(0.,0.,1.));
#2342 = PCURVE('',#807,#2343);
#2343 = DEFINITIONAL_REPRESENTATION('',(#2344),#2348);
#2344 = LINE('',#2345,#2346);
#2345 = CARTESIAN_POINT('',(0.,0.));
#2346 = VECTOR('',#2347,1.);
#2347 = DIRECTION('',(0.,1.));
#2348 = ( GEOMETRIC_REPRESENTATION_CONTEXT(2) 
PARAMETRIC_REPRESENTATION_CONTEXT() REPRESENTATION_CONTEXT('2D SPACE',''
  ) );
#2349 = PCURVE('',#912,#2350);
#2350 = DEFINITIONAL_REPRESENTATION('',(#2351),#2355);
#2351 = LINE('',#2352,#2353);
#2352 = CARTESIAN_POINT('',(11.5,0.));
#2353 = VECTOR('',#2354,1.);
#2354 = DIRECTION('',(0.,-1.));
#2355 = ( GEOMETRIC_REPRESENTATION_CONTEXT(2) 
PARAMETRIC_REPRESENTATION_CONTEXT() REPRESENTATION_CONTEXT('2D SPACE',''
  ) );
#2356 = ORIENTED_EDGE('',*,*,#2357,.T.);
#2357 = EDGE_CURVE('',#2335,#2242,#2358,.T.);
#2358 = SURFACE_CURVE('',#2359,(#2364,#2371),.PCURVE_S1.);
#2359 = CIRCLE('',#2360,0.75);
#2360 = AXIS2_PLACEMENT_3D('',#2361,#2362,#2363);
#2361 = CARTESIAN_POINT('',(-5.375,4.25,0.375));
#2362 = DIRECTION('',(0.,0.,1.));
#2363 = DIRECTION('',(-0.,1.,0.));
#2364 = PCURVE('',#807,#2365);
#2365 = DEFINITIONAL_REPRESENTATION('',(#2366),#2370);
#2366 = LINE('',#2367,#2368);
#2367 = CARTESIAN_POINT('',(0.,0.475));
#2368 = VECTOR('',#2369,1.);
#2369 = DIRECTION('',(1.,0.));
#2370 = ( GEOMETRIC_REPRESENTATION_CONTEXT(2) 
PARAMETRIC_REPRESENTATION_CONTEXT() REPRESENTATION_CONTEXT('2D SPACE',''
  ) );
#2371 = PCURVE('',#2203,#2372);
#2372 = DEFINITIONAL_REPRESENTATION('',(#2373),#2377);
#2373 = CIRCLE('',#2374,0.75);
#2374 = AXIS2_PLACEMENT_2D('',#2375,#2376);
#2375 = CARTESIAN_POINT('',(-5.375,4.25));
#2376 = DIRECTION('',(0.,1.));
#2377 = ( GEOMETRIC_REPRESENTATION_CONTEXT(2) 
PARAMETRIC_REPRESENTATION_CONTEXT() REPRESENTATION_CONTEXT('2D SPACE',''
  ) );
#2378 = ORIENTED_EDGE('',*,*,#2262,.T.);
#2379 = ORIENTED_EDGE('',*,*,#792,.F.);
#2380 = ADVANCED_FACE('',(#2381),#861,.F.);
#2381 = FACE_BOUND('',#2382,.F.);
#2382 = EDGE_LOOP('',(#2383,#2384,#2408,#2429));
#2383 = ORIENTED_EDGE('',*,*,#2287,.F.);
#2384 = ORIENTED_EDGE('',*,*,#2385,.T.);
#2385 = EDGE_CURVE('',#2288,#2386,#2388,.T.);
#2386 = VERTEX_POINT('',#2387);
#2387 = CARTESIAN_POINT('',(6.125,-4.25,0.375));
#2388 = SURFACE_CURVE('',#2389,(#2394,#2401),.PCURVE_S1.);
#2389 = CIRCLE('',#2390,0.75);
#2390 = AXIS2_PLACEMENT_3D('',#2391,#2392,#2393);
#2391 = CARTESIAN_POINT('',(5.375,-4.25,0.375));
#2392 = DIRECTION('',(0.,0.,1.));
#2393 = DIRECTION('',(0.,-1.,0.));
#2394 = PCURVE('',#861,#2395);
#2395 = DEFINITIONAL_REPRESENTATION('',(#2396),#2400);
#2396 = LINE('',#2397,#2398);
#2397 = CARTESIAN_POINT('',(0.,0.475));
#2398 = VECTOR('',#2399,1.);
#2399 = DIRECTION('',(1.,0.));
#2400 = ( GEOMETRIC_REPRESENTATION_CONTEXT(2) 
PARAMETRIC_REPRESENTATION_CONTEXT() REPRESENTATION_CONTEXT('2D SPACE',''
  ) );
#2401 = PCURVE('',#2203,#2402);
#2402 = DEFINITIONAL_REPRESENTATION('',(#2403),#2407);
#2403 = CIRCLE('',#2404,0.75);
#2404 = AXIS2_PLACEMENT_2D('',#2405,#2406);
#2405 = CARTESIAN_POINT('',(5.375,-4.25));
#2406 = DIRECTION('',(0.,-1.));
#2407 = ( GEOMETRIC_REPRESENTATION_CONTEXT(2) 
PARAMETRIC_REPRESENTATION_CONTEXT() REPRESENTATION_CONTEXT('2D SPACE',''
  ) );
#2408 = ORIENTED_EDGE('',*,*,#2409,.T.);
#2409 = EDGE_CURVE('',#2386,#825,#2410,.T.);
#2410 = SURFACE_CURVE('',#2411,(#2415,#2422),.PCURVE_S1.);
#2411 = LINE('',#2412,#2413);
#2412 = CARTESIAN_POINT('',(6.125,-4.25,-0.1));
#2413 = VECTOR('',#2414,1.);
#2414 = DIRECTION('',(0.,0.,1.));
#2415 = PCURVE('',#861,#2416);
#2416 = DEFINITIONAL_REPRESENTATION('',(#2417),#2421);
#2417 = LINE('',#2418,#2419);
#2418 = CARTESIAN_POINT('',(1.570796326795,0.));
#2419 = VECTOR('',#2420,1.);
#2420 = DIRECTION('',(0.,1.));
#2421 = ( GEOMETRIC_REPRESENTATION_CONTEXT(2) 
PARAMETRIC_REPRESENTATION_CONTEXT() REPRESENTATION_CONTEXT('2D SPACE',''
  ) );
#2422 = PCURVE('',#946,#2423);
#2423 = DEFINITIONAL_REPRESENTATION('',(#2424),#2428);
#2424 = LINE('',#2425,#2426);
#2425 = CARTESIAN_POINT('',(0.75,0.));
#2426 = VECTOR('',#2427,1.);
#2427 = DIRECTION('',(0.,-1.));
#2428 = ( GEOMETRIC_REPRESENTATION_CONTEXT(2) 
PARAMETRIC_REPRESENTATION_CONTEXT() REPRESENTATION_CONTEXT('2D SPACE',''
  ) );
#2429 = ORIENTED_EDGE('',*,*,#846,.F.);
#2430 = ADVANCED_FACE('',(#2431),#912,.T.);
#2431 = FACE_BOUND('',#2432,.T.);
#2432 = EDGE_LOOP('',(#2433,#2434,#2455,#2476));
#2433 = ORIENTED_EDGE('',*,*,#2334,.F.);
#2434 = ORIENTED_EDGE('',*,*,#2435,.F.);
#2435 = EDGE_CURVE('',#2436,#2335,#2438,.T.);
#2436 = VERTEX_POINT('',#2437);
#2437 = CARTESIAN_POINT('',(5.375,5.,0.375));
#2438 = SURFACE_CURVE('',#2439,(#2443,#2449),.PCURVE_S1.);
#2439 = LINE('',#2440,#2441);
#2440 = CARTESIAN_POINT('',(3.0625,5.,0.375));
#2441 = VECTOR('',#2442,1.);
#2442 = DIRECTION('',(-1.,0.,0.));
#2443 = PCURVE('',#912,#2444);
#2444 = DEFINITIONAL_REPRESENTATION('',(#2445),#2448);
#2445 = B_SPLINE_CURVE_WITH_KNOTS('',1,(#2446,#2447),.UNSPECIFIED.,.F.,
  .F.,(2,2),(-2.3125,8.4375),.PIECEWISE_BEZIER_KNOTS.);
#2446 = CARTESIAN_POINT('',(0.75,-0.475));
#2447 = CARTESIAN_POINT('',(11.5,-0.475));
#2448 = ( GEOMETRIC_REPRESENTATION_CONTEXT(2) 
PARAMETRIC_REPRESENTATION_CONTEXT() REPRESENTATION_CONTEXT('2D SPACE',''
  ) );
#2449 = PCURVE('',#2203,#2450);
#2450 = DEFINITIONAL_REPRESENTATION('',(#2451),#2454);
#2451 = B_SPLINE_CURVE_WITH_KNOTS('',1,(#2452,#2453),.UNSPECIFIED.,.F.,
  .F.,(2,2),(-2.3125,8.4375),.PIECEWISE_BEZIER_KNOTS.);
#2452 = CARTESIAN_POINT('',(5.375,5.));
#2453 = CARTESIAN_POINT('',(-5.375,5.));
#2454 = ( GEOMETRIC_REPRESENTATION_CONTEXT(2) 
PARAMETRIC_REPRESENTATION_CONTEXT() REPRESENTATION_CONTEXT('2D SPACE',''
  ) );
#2455 = ORIENTED_EDGE('',*,*,#2456,.T.);
#2456 = EDGE_CURVE('',#2436,#877,#2457,.T.);
#2457 = SURFACE_CURVE('',#2458,(#2462,#2469),.PCURVE_S1.);
#2458 = LINE('',#2459,#2460);
#2459 = CARTESIAN_POINT('',(5.375,5.,-0.1));
#2460 = VECTOR('',#2461,1.);
#2461 = DIRECTION('',(0.,0.,1.));
#2462 = PCURVE('',#912,#2463);
#2463 = DEFINITIONAL_REPRESENTATION('',(#2464),#2468);
#2464 = LINE('',#2465,#2466);
#2465 = CARTESIAN_POINT('',(0.75,0.));
#2466 = VECTOR('',#2467,1.);
#2467 = DIRECTION('',(0.,-1.));
#2468 = ( GEOMETRIC_REPRESENTATION_CONTEXT(2) 
PARAMETRIC_REPRESENTATION_CONTEXT() REPRESENTATION_CONTEXT('2D SPACE',''
  ) );
#2469 = PCURVE('',#1000,#2470);
#2470 = DEFINITIONAL_REPRESENTATION('',(#2471),#2475);
#2471 = LINE('',#2472,#2473);
#2472 = CARTESIAN_POINT('',(1.570796326795,0.));
#2473 = VECTOR('',#2474,1.);
#2474 = DIRECTION('',(0.,1.));
#2475 = ( GEOMETRIC_REPRESENTATION_CONTEXT(2) 
PARAMETRIC_REPRESENTATION_CONTEXT() REPRESENTATION_CONTEXT('2D SPACE',''
  ) );
#2476 = ORIENTED_EDGE('',*,*,#898,.T.);
#2477 = ADVANCED_FACE('',(#2478),#946,.T.);
#2478 = FACE_BOUND('',#2479,.T.);
#2479 = EDGE_LOOP('',(#2480,#2503,#2522,#2523));
#2480 = ORIENTED_EDGE('',*,*,#2481,.F.);
#2481 = EDGE_CURVE('',#2482,#931,#2484,.T.);
#2482 = VERTEX_POINT('',#2483);
#2483 = CARTESIAN_POINT('',(6.125,4.25,0.375));
#2484 = SURFACE_CURVE('',#2485,(#2489,#2496),.PCURVE_S1.);
#2485 = LINE('',#2486,#2487);
#2486 = CARTESIAN_POINT('',(6.125,4.25,-0.1));
#2487 = VECTOR('',#2488,1.);
#2488 = DIRECTION('',(0.,0.,1.));
#2489 = PCURVE('',#946,#2490);
#2490 = DEFINITIONAL_REPRESENTATION('',(#2491),#2495);
#2491 = LINE('',#2492,#2493);
#2492 = CARTESIAN_POINT('',(9.25,0.));
#2493 = VECTOR('',#2494,1.);
#2494 = DIRECTION('',(0.,-1.));
#2495 = ( GEOMETRIC_REPRESENTATION_CONTEXT(2) 
PARAMETRIC_REPRESENTATION_CONTEXT() REPRESENTATION_CONTEXT('2D SPACE',''
  ) );
#2496 = PCURVE('',#1000,#2497);
#2497 = DEFINITIONAL_REPRESENTATION('',(#2498),#2502);
#2498 = LINE('',#2499,#2500);
#2499 = CARTESIAN_POINT('',(0.,0.));
#2500 = VECTOR('',#2501,1.);
#2501 = DIRECTION('',(0.,1.));
#2502 = ( GEOMETRIC_REPRESENTATION_CONTEXT(2) 
PARAMETRIC_REPRESENTATION_CONTEXT() REPRESENTATION_CONTEXT('2D SPACE',''
  ) );
#2503 = ORIENTED_EDGE('',*,*,#2504,.F.);
#2504 = EDGE_CURVE('',#2386,#2482,#2505,.T.);
#2505 = SURFACE_CURVE('',#2506,(#2510,#2516),.PCURVE_S1.);
#2506 = LINE('',#2507,#2508);
#2507 = CARTESIAN_POINT('',(6.125,-2.5,0.375));
#2508 = VECTOR('',#2509,1.);
#2509 = DIRECTION('',(0.,1.,-0.));
#2510 = PCURVE('',#946,#2511);
#2511 = DEFINITIONAL_REPRESENTATION('',(#2512),#2515);
#2512 = B_SPLINE_CURVE_WITH_KNOTS('',1,(#2513,#2514),.UNSPECIFIED.,.F.,
  .F.,(2,2),(-1.75,6.75),.PIECEWISE_BEZIER_KNOTS.);
#2513 = CARTESIAN_POINT('',(0.75,-0.475));
#2514 = CARTESIAN_POINT('',(9.25,-0.475));
#2515 = ( GEOMETRIC_REPRESENTATION_CONTEXT(2) 
PARAMETRIC_REPRESENTATION_CONTEXT() REPRESENTATION_CONTEXT('2D SPACE',''
  ) );
#2516 = PCURVE('',#2203,#2517);
#2517 = DEFINITIONAL_REPRESENTATION('',(#2518),#2521);
#2518 = B_SPLINE_CURVE_WITH_KNOTS('',1,(#2519,#2520),.UNSPECIFIED.,.F.,
  .F.,(2,2),(-1.75,6.75),.PIECEWISE_BEZIER_KNOTS.);
#2519 = CARTESIAN_POINT('',(6.125,-4.25));
#2520 = CARTESIAN_POINT('',(6.125,4.25));
#2521 = ( GEOMETRIC_REPRESENTATION_CONTEXT(2) 
PARAMETRIC_REPRESENTATION_CONTEXT() REPRESENTATION_CONTEXT('2D SPACE',''
  ) );
#2522 = ORIENTED_EDGE('',*,*,#2409,.T.);
#2523 = ORIENTED_EDGE('',*,*,#930,.T.);
#2524 = ADVANCED_FACE('',(#2525),#1000,.F.);
#2525 = FACE_BOUND('',#2526,.F.);
#2526 = EDGE_LOOP('',(#2527,#2528,#2550,#2551));
#2527 = ORIENTED_EDGE('',*,*,#2481,.F.);
#2528 = ORIENTED_EDGE('',*,*,#2529,.T.);
#2529 = EDGE_CURVE('',#2482,#2436,#2530,.T.);
#2530 = SURFACE_CURVE('',#2531,(#2536,#2543),.PCURVE_S1.);
#2531 = CIRCLE('',#2532,0.75);
#2532 = AXIS2_PLACEMENT_3D('',#2533,#2534,#2535);
#2533 = CARTESIAN_POINT('',(5.375,4.25,0.375));
#2534 = DIRECTION('',(0.,0.,1.));
#2535 = DIRECTION('',(1.,0.,-0.));
#2536 = PCURVE('',#1000,#2537);
#2537 = DEFINITIONAL_REPRESENTATION('',(#2538),#2542);
#2538 = LINE('',#2539,#2540);
#2539 = CARTESIAN_POINT('',(0.,0.475));
#2540 = VECTOR('',#2541,1.);
#2541 = DIRECTION('',(1.,0.));
#2542 = ( GEOMETRIC_REPRESENTATION_CONTEXT(2) 
PARAMETRIC_REPRESENTATION_CONTEXT() REPRESENTATION_CONTEXT('2D SPACE',''
  ) );
#2543 = PCURVE('',#2203,#2544);
#2544 = DEFINITIONAL_REPRESENTATION('',(#2545),#2549);
#2545 = CIRCLE('',#2546,0.75);
#2546 = AXIS2_PLACEMENT_2D('',#2547,#2548);
#2547 = CARTESIAN_POINT('',(5.375,4.25));
#2548 = DIRECTION('',(1.,0.));
#2549 = ( GEOMETRIC_REPRESENTATION_CONTEXT(2) 
PARAMETRIC_REPRESENTATION_CONTEXT() REPRESENTATION_CONTEXT('2D SPACE',''
  ) );
#2550 = ORIENTED_EDGE('',*,*,#2456,.T.);
#2551 = ORIENTED_EDGE('',*,*,#985,.F.);
#2552 = ADVANCED_FACE('',(#2553),#1054,.T.);
#2553 = FACE_BOUND('',#2554,.T.);
#2554 = EDGE_LOOP('',(#2555,#2578,#2579,#2602));
#2555 = ORIENTED_EDGE('',*,*,#2556,.T.);
#2556 = EDGE_CURVE('',#2557,#1016,#2559,.T.);
#2557 = VERTEX_POINT('',#2558);
#2558 = CARTESIAN_POINT('',(-7.875,-7.,0.125));
#2559 = SURFACE_CURVE('',#2560,(#2564,#2571),.PCURVE_S1.);
#2560 = LINE('',#2561,#2562);
#2561 = CARTESIAN_POINT('',(-7.875,-7.,0.));
#2562 = VECTOR('',#2563,1.);
#2563 = DIRECTION('',(0.,0.,1.));
#2564 = PCURVE('',#1054,#2565);
#2565 = DEFINITIONAL_REPRESENTATION('',(#2566),#2570);
#2566 = LINE('',#2567,#2568);
#2567 = CARTESIAN_POINT('',(0.,0.));
#2568 = VECTOR('',#2569,1.);
#2569 = DIRECTION('',(0.,-1.));
#2570 = ( GEOMETRIC_REPRESENTATION_CONTEXT(2) 
PARAMETRIC_REPRESENTATION_CONTEXT() REPRESENTATION_CONTEXT('2D SPACE',''
  ) );
#2571 = PCURVE('',#1128,#2572);
#2572 = DEFINITIONAL_REPRESENTATION('',(#2573),#2577);
#2573 = LINE('',#2574,#2575);
#2574 = CARTESIAN_POINT('',(15.75,0.));
#2575 = VECTOR('',#2576,1.);
#2576 = DIRECTION('',(0.,-1.));
#2577 = ( GEOMETRIC_REPRESENTATION_CONTEXT(2) 
PARAMETRIC_REPRESENTATION_CONTEXT() REPRESENTATION_CONTEXT('2D SPACE',''
  ) );
#2578 = ORIENTED_EDGE('',*,*,#1037,.T.);
#2579 = ORIENTED_EDGE('',*,*,#2580,.F.);
#2580 = EDGE_CURVE('',#2581,#1038,#2583,.T.);
#2581 = VERTEX_POINT('',#2582);
#2582 = CARTESIAN_POINT('',(-8.125,-6.75,0.125));
#2583 = SURFACE_CURVE('',#2584,(#2588,#2595),.PCURVE_S1.);
#2584 = LINE('',#2585,#2586);
#2585 = CARTESIAN_POINT('',(-8.125,-6.75,0.));
#2586 = VECTOR('',#2587,1.);
#2587 = DIRECTION('',(0.,0.,1.));
#2588 = PCURVE('',#1054,#2589);
#2589 = DEFINITIONAL_REPRESENTATION('',(#2590),#2594);
#2590 = LINE('',#2591,#2592);
#2591 = CARTESIAN_POINT('',(1.570796326795,0.));
#2592 = VECTOR('',#2593,1.);
#2593 = DIRECTION('',(0.,-1.));
#2594 = ( GEOMETRIC_REPRESENTATION_CONTEXT(2) 
PARAMETRIC_REPRESENTATION_CONTEXT() REPRESENTATION_CONTEXT('2D SPACE',''
  ) );
#2595 = PCURVE('',#1181,#2596);
#2596 = DEFINITIONAL_REPRESENTATION('',(#2597),#2601);
#2597 = LINE('',#2598,#2599);
#2598 = CARTESIAN_POINT('',(0.,0.));
#2599 = VECTOR('',#2600,1.);
#2600 = DIRECTION('',(0.,-1.));
#2601 = ( GEOMETRIC_REPRESENTATION_CONTEXT(2) 
PARAMETRIC_REPRESENTATION_CONTEXT() REPRESENTATION_CONTEXT('2D SPACE',''
  ) );
#2602 = ORIENTED_EDGE('',*,*,#2603,.F.);
#2603 = EDGE_CURVE('',#2557,#2581,#2604,.T.);
#2604 = SURFACE_CURVE('',#2605,(#2610,#2617),.PCURVE_S1.);
#2605 = CIRCLE('',#2606,0.25);
#2606 = AXIS2_PLACEMENT_3D('',#2607,#2608,#2609);
#2607 = CARTESIAN_POINT('',(-7.875,-6.75,0.125));
#2608 = DIRECTION('',(-0.,0.,-1.));
#2609 = DIRECTION('',(-7.105427357601E-15,-1.,0.));
#2610 = PCURVE('',#1054,#2611);
#2611 = DEFINITIONAL_REPRESENTATION('',(#2612),#2616);
#2612 = LINE('',#2613,#2614);
#2613 = CARTESIAN_POINT('',(0.,-0.125));
#2614 = VECTOR('',#2615,1.);
#2615 = DIRECTION('',(1.,0.));
#2616 = ( GEOMETRIC_REPRESENTATION_CONTEXT(2) 
PARAMETRIC_REPRESENTATION_CONTEXT() REPRESENTATION_CONTEXT('2D SPACE',''
  ) );
#2617 = PCURVE('',#2618,#2623);
#2618 = TOROIDAL_SURFACE('',#2619,0.125,0.125);
#2619 = AXIS2_PLACEMENT_3D('',#2620,#2621,#2622);
#2620 = CARTESIAN_POINT('',(-7.875,-6.75,0.125));
#2621 = DIRECTION('',(-0.,0.,-1.));
#2622 = DIRECTION('',(-7.105427357601E-15,-1.,0.));
#2623 = DEFINITIONAL_REPRESENTATION('',(#2624),#2628);
#2624 = LINE('',#2625,#2626);
#2625 = CARTESIAN_POINT('',(0.,0.));
#2626 = VECTOR('',#2627,1.);
#2627 = DIRECTION('',(1.,0.));
#2628 = ( GEOMETRIC_REPRESENTATION_CONTEXT(2) 
PARAMETRIC_REPRESENTATION_CONTEXT() REPRESENTATION_CONTEXT('2D SPACE',''
  ) );
#2629 = ADVANCED_FACE('',(#2630),#1128,.T.);
#2630 = FACE_BOUND('',#2631,.T.);
#2631 = EDGE_LOOP('',(#2632,#2655,#2656,#2657));
#2632 = ORIENTED_EDGE('',*,*,#2633,.T.);
#2633 = EDGE_CURVE('',#2634,#1091,#2636,.T.);
#2634 = VERTEX_POINT('',#2635);
#2635 = CARTESIAN_POINT('',(7.875,-7.,0.125));
#2636 = SURFACE_CURVE('',#2637,(#2641,#2648),.PCURVE_S1.);
#2637 = LINE('',#2638,#2639);
#2638 = CARTESIAN_POINT('',(7.875,-7.,0.));
#2639 = VECTOR('',#2640,1.);
#2640 = DIRECTION('',(0.,0.,1.));
#2641 = PCURVE('',#1128,#2642);
#2642 = DEFINITIONAL_REPRESENTATION('',(#2643),#2647);
#2643 = LINE('',#2644,#2645);
#2644 = CARTESIAN_POINT('',(0.,-0.));
#2645 = VECTOR('',#2646,1.);
#2646 = DIRECTION('',(0.,-1.));
#2647 = ( GEOMETRIC_REPRESENTATION_CONTEXT(2) 
PARAMETRIC_REPRESENTATION_CONTEXT() REPRESENTATION_CONTEXT('2D SPACE',''
  ) );
#2648 = PCURVE('',#1233,#2649);
#2649 = DEFINITIONAL_REPRESENTATION('',(#2650),#2654);
#2650 = LINE('',#2651,#2652);
#2651 = CARTESIAN_POINT('',(1.570796326795,0.));
#2652 = VECTOR('',#2653,1.);
#2653 = DIRECTION('',(0.,-1.));
#2654 = ( GEOMETRIC_REPRESENTATION_CONTEXT(2) 
PARAMETRIC_REPRESENTATION_CONTEXT() REPRESENTATION_CONTEXT('2D SPACE',''
  ) );
#2655 = ORIENTED_EDGE('',*,*,#1114,.T.);
#2656 = ORIENTED_EDGE('',*,*,#2556,.F.);
#2657 = ORIENTED_EDGE('',*,*,#2658,.F.);
#2658 = EDGE_CURVE('',#2634,#2557,#2659,.T.);
#2659 = SURFACE_CURVE('',#2660,(#2664,#2671),.PCURVE_S1.);
#2660 = LINE('',#2661,#2662);
#2661 = CARTESIAN_POINT('',(7.875,-7.,0.125));
#2662 = VECTOR('',#2663,1.);
#2663 = DIRECTION('',(-1.,0.,0.));
#2664 = PCURVE('',#1128,#2665);
#2665 = DEFINITIONAL_REPRESENTATION('',(#2666),#2670);
#2666 = LINE('',#2667,#2668);
#2667 = CARTESIAN_POINT('',(0.,-0.125));
#2668 = VECTOR('',#2669,1.);
#2669 = DIRECTION('',(1.,0.));
#2670 = ( GEOMETRIC_REPRESENTATION_CONTEXT(2) 
PARAMETRIC_REPRESENTATION_CONTEXT() REPRESENTATION_CONTEXT('2D SPACE',''
  ) );
#2671 = PCURVE('',#2672,#2677);
#2672 = CYLINDRICAL_SURFACE('',#2673,0.125);
#2673 = AXIS2_PLACEMENT_3D('',#2674,#2675,#2676);
#2674 = CARTESIAN_POINT('',(7.875,-6.875,0.125));
#2675 = DIRECTION('',(-1.,0.,0.));
#2676 = DIRECTION('',(0.,-1.,0.));
#2677 = DEFINITIONAL_REPRESENTATION('',(#2678),#2682);
#2678 = LINE('',#2679,#2680);
#2679 = CARTESIAN_POINT('',(-0.,0.));
#2680 = VECTOR('',#2681,1.);
#2681 = DIRECTION('',(-0.,1.));
#2682 = ( GEOMETRIC_REPRESENTATION_CONTEXT(2) 
PARAMETRIC_REPRESENTATION_CONTEXT() REPRESENTATION_CONTEXT('2D SPACE',''
  ) );
#2683 = ADVANCED_FACE('',(#2684),#1181,.T.);
#2684 = FACE_BOUND('',#2685,.T.);
#2685 = EDGE_LOOP('',(#2686,#2687,#2688,#2711));
#2686 = ORIENTED_EDGE('',*,*,#2580,.T.);
#2687 = ORIENTED_EDGE('',*,*,#1167,.T.);
#2688 = ORIENTED_EDGE('',*,*,#2689,.F.);
#2689 = EDGE_CURVE('',#2690,#1146,#2692,.T.);
#2690 = VERTEX_POINT('',#2691);
#2691 = CARTESIAN_POINT('',(-8.125,6.75,0.125));
#2692 = SURFACE_CURVE('',#2693,(#2697,#2704),.PCURVE_S1.);
#2693 = LINE('',#2694,#2695);
#2694 = CARTESIAN_POINT('',(-8.125,6.75,0.));
#2695 = VECTOR('',#2696,1.);
#2696 = DIRECTION('',(0.,0.,1.));
#2697 = PCURVE('',#1181,#2698);
#2698 = DEFINITIONAL_REPRESENTATION('',(#2699),#2703);
#2699 = LINE('',#2700,#2701);
#2700 = CARTESIAN_POINT('',(13.5,0.));
#2701 = VECTOR('',#2702,1.);
#2702 = DIRECTION('',(0.,-1.));
#2703 = ( GEOMETRIC_REPRESENTATION_CONTEXT(2) 
PARAMETRIC_REPRESENTATION_CONTEXT() REPRESENTATION_CONTEXT('2D SPACE',''
  ) );
#2704 = PCURVE('',#1268,#2705);
#2705 = DEFINITIONAL_REPRESENTATION('',(#2706),#2710);
#2706 = LINE('',#2707,#2708);
#2707 = CARTESIAN_POINT('',(0.,0.));
#2708 = VECTOR('',#2709,1.);
#2709 = DIRECTION('',(0.,-1.));
#2710 = ( GEOMETRIC_REPRESENTATION_CONTEXT(2) 
PARAMETRIC_REPRESENTATION_CONTEXT() REPRESENTATION_CONTEXT('2D SPACE',''
  ) );
#2711 = ORIENTED_EDGE('',*,*,#2712,.F.);
#2712 = EDGE_CURVE('',#2581,#2690,#2713,.T.);
#2713 = SURFACE_CURVE('',#2714,(#2718,#2725),.PCURVE_S1.);
#2714 = LINE('',#2715,#2716);
#2715 = CARTESIAN_POINT('',(-8.125,-6.75,0.125));
#2716 = VECTOR('',#2717,1.);
#2717 = DIRECTION('',(0.,1.,0.));
#2718 = PCURVE('',#1181,#2719);
#2719 = DEFINITIONAL_REPRESENTATION('',(#2720),#2724);
#2720 = LINE('',#2721,#2722);
#2721 = CARTESIAN_POINT('',(0.,-0.125));
#2722 = VECTOR('',#2723,1.);
#2723 = DIRECTION('',(1.,0.));
#2724 = ( GEOMETRIC_REPRESENTATION_CONTEXT(2) 
PARAMETRIC_REPRESENTATION_CONTEXT() REPRESENTATION_CONTEXT('2D SPACE',''
  ) );
#2725 = PCURVE('',#2726,#2731);
#2726 = CYLINDRICAL_SURFACE('',#2727,0.125);
#2727 = AXIS2_PLACEMENT_3D('',#2728,#2729,#2730);
#2728 = CARTESIAN_POINT('',(-8.,-6.75,0.125));
#2729 = DIRECTION('',(0.,1.,0.));
#2730 = DIRECTION('',(-1.,0.,0.));
#2731 = DEFINITIONAL_REPRESENTATION('',(#2732),#2736);
#2732 = LINE('',#2733,#2734);
#2733 = CARTESIAN_POINT('',(-0.,0.));
#2734 = VECTOR('',#2735,1.);
#2735 = DIRECTION('',(-0.,1.));
#2736 = ( GEOMETRIC_REPRESENTATION_CONTEXT(2) 
PARAMETRIC_REPRESENTATION_CONTEXT() REPRESENTATION_CONTEXT('2D SPACE',''
  ) );
#2737 = ADVANCED_FACE('',(#2738),#1233,.T.);
#2738 = FACE_BOUND('',#2739,.T.);
#2739 = EDGE_LOOP('',(#2740,#2763,#2764,#2765));
#2740 = ORIENTED_EDGE('',*,*,#2741,.T.);
#2741 = EDGE_CURVE('',#2742,#1197,#2744,.T.);
#2742 = VERTEX_POINT('',#2743);
#2743 = CARTESIAN_POINT('',(8.125,-6.75,0.125));
#2744 = SURFACE_CURVE('',#2745,(#2749,#2756),.PCURVE_S1.);
#2745 = LINE('',#2746,#2747);
#2746 = CARTESIAN_POINT('',(8.125,-6.75,0.));
#2747 = VECTOR('',#2748,1.);
#2748 = DIRECTION('',(0.,0.,1.));
#2749 = PCURVE('',#1233,#2750);
#2750 = DEFINITIONAL_REPRESENTATION('',(#2751),#2755);
#2751 = LINE('',#2752,#2753);
#2752 = CARTESIAN_POINT('',(0.,0.));
#2753 = VECTOR('',#2754,1.);
#2754 = DIRECTION('',(0.,-1.));
#2755 = ( GEOMETRIC_REPRESENTATION_CONTEXT(2) 
PARAMETRIC_REPRESENTATION_CONTEXT() REPRESENTATION_CONTEXT('2D SPACE',''
  ) );
#2756 = PCURVE('',#1342,#2757);
#2757 = DEFINITIONAL_REPRESENTATION('',(#2758),#2762);
#2758 = LINE('',#2759,#2760);
#2759 = CARTESIAN_POINT('',(13.5,0.));
#2760 = VECTOR('',#2761,1.);
#2761 = DIRECTION('',(0.,-1.));
#2762 = ( GEOMETRIC_REPRESENTATION_CONTEXT(2) 
PARAMETRIC_REPRESENTATION_CONTEXT() REPRESENTATION_CONTEXT('2D SPACE',''
  ) );
#2763 = ORIENTED_EDGE('',*,*,#1218,.T.);
#2764 = ORIENTED_EDGE('',*,*,#2633,.F.);
#2765 = ORIENTED_EDGE('',*,*,#2766,.F.);
#2766 = EDGE_CURVE('',#2742,#2634,#2767,.T.);
#2767 = SURFACE_CURVE('',#2768,(#2773,#2780),.PCURVE_S1.);
#2768 = CIRCLE('',#2769,0.25);
#2769 = AXIS2_PLACEMENT_3D('',#2770,#2771,#2772);
#2770 = CARTESIAN_POINT('',(7.875,-6.75,0.125));
#2771 = DIRECTION('',(-0.,0.,-1.));
#2772 = DIRECTION('',(1.,-7.105427357601E-15,-0.));
#2773 = PCURVE('',#1233,#2774);
#2774 = DEFINITIONAL_REPRESENTATION('',(#2775),#2779);
#2775 = LINE('',#2776,#2777);
#2776 = CARTESIAN_POINT('',(0.,-0.125));
#2777 = VECTOR('',#2778,1.);
#2778 = DIRECTION('',(1.,0.));
#2779 = ( GEOMETRIC_REPRESENTATION_CONTEXT(2) 
PARAMETRIC_REPRESENTATION_CONTEXT() REPRESENTATION_CONTEXT('2D SPACE',''
  ) );
#2780 = PCURVE('',#2781,#2786);
#2781 = TOROIDAL_SURFACE('',#2782,0.125,0.125);
#2782 = AXIS2_PLACEMENT_3D('',#2783,#2784,#2785);
#2783 = CARTESIAN_POINT('',(7.875,-6.75,0.125));
#2784 = DIRECTION('',(-0.,0.,-1.));
#2785 = DIRECTION('',(1.,-7.105427357601E-15,-0.));
#2786 = DEFINITIONAL_REPRESENTATION('',(#2787),#2791);
#2787 = LINE('',#2788,#2789);
#2788 = CARTESIAN_POINT('',(0.,0.));
#2789 = VECTOR('',#2790,1.);
#2790 = DIRECTION('',(1.,0.));
#2791 = ( GEOMETRIC_REPRESENTATION_CONTEXT(2) 
PARAMETRIC_REPRESENTATION_CONTEXT() REPRESENTATION_CONTEXT('2D SPACE',''
  ) );
#2792 = ADVANCED_FACE('',(#2793),#1268,.T.);
#2793 = FACE_BOUND('',#2794,.T.);
#2794 = EDGE_LOOP('',(#2795,#2796,#2797,#2820));
#2795 = ORIENTED_EDGE('',*,*,#2689,.T.);
#2796 = ORIENTED_EDGE('',*,*,#1251,.T.);
#2797 = ORIENTED_EDGE('',*,*,#2798,.F.);
#2798 = EDGE_CURVE('',#2799,#1252,#2801,.T.);
#2799 = VERTEX_POINT('',#2800);
#2800 = CARTESIAN_POINT('',(-7.875,7.,0.125));
#2801 = SURFACE_CURVE('',#2802,(#2806,#2813),.PCURVE_S1.);
#2802 = LINE('',#2803,#2804);
#2803 = CARTESIAN_POINT('',(-7.875,7.,0.));
#2804 = VECTOR('',#2805,1.);
#2805 = DIRECTION('',(0.,0.,1.));
#2806 = PCURVE('',#1268,#2807);
#2807 = DEFINITIONAL_REPRESENTATION('',(#2808),#2812);
#2808 = LINE('',#2809,#2810);
#2809 = CARTESIAN_POINT('',(1.570796326795,0.));
#2810 = VECTOR('',#2811,1.);
#2811 = DIRECTION('',(0.,-1.));
#2812 = ( GEOMETRIC_REPRESENTATION_CONTEXT(2) 
PARAMETRIC_REPRESENTATION_CONTEXT() REPRESENTATION_CONTEXT('2D SPACE',''
  ) );
#2813 = PCURVE('',#1400,#2814);
#2814 = DEFINITIONAL_REPRESENTATION('',(#2815),#2819);
#2815 = LINE('',#2816,#2817);
#2816 = CARTESIAN_POINT('',(0.,0.));
#2817 = VECTOR('',#2818,1.);
#2818 = DIRECTION('',(0.,-1.));
#2819 = ( GEOMETRIC_REPRESENTATION_CONTEXT(2) 
PARAMETRIC_REPRESENTATION_CONTEXT() REPRESENTATION_CONTEXT('2D SPACE',''
  ) );
#2820 = ORIENTED_EDGE('',*,*,#2821,.F.);
#2821 = EDGE_CURVE('',#2690,#2799,#2822,.T.);
#2822 = SURFACE_CURVE('',#2823,(#2828,#2835),.PCURVE_S1.);
#2823 = CIRCLE('',#2824,0.25);
#2824 = AXIS2_PLACEMENT_3D('',#2825,#2826,#2827);
#2825 = CARTESIAN_POINT('',(-7.875,6.75,0.125));
#2826 = DIRECTION('',(0.,0.,-1.));
#2827 = DIRECTION('',(-1.,7.105427357601E-15,0.));
#2828 = PCURVE('',#1268,#2829);
#2829 = DEFINITIONAL_REPRESENTATION('',(#2830),#2834);
#2830 = LINE('',#2831,#2832);
#2831 = CARTESIAN_POINT('',(0.,-0.125));
#2832 = VECTOR('',#2833,1.);
#2833 = DIRECTION('',(1.,0.));
#2834 = ( GEOMETRIC_REPRESENTATION_CONTEXT(2) 
PARAMETRIC_REPRESENTATION_CONTEXT() REPRESENTATION_CONTEXT('2D SPACE',''
  ) );
#2835 = PCURVE('',#2836,#2841);
#2836 = TOROIDAL_SURFACE('',#2837,0.125,0.125);
#2837 = AXIS2_PLACEMENT_3D('',#2838,#2839,#2840);
#2838 = CARTESIAN_POINT('',(-7.875,6.75,0.125));
#2839 = DIRECTION('',(-0.,0.,-1.));
#2840 = DIRECTION('',(-1.,7.105427357601E-15,0.));
#2841 = DEFINITIONAL_REPRESENTATION('',(#2842),#2846);
#2842 = LINE('',#2843,#2844);
#2843 = CARTESIAN_POINT('',(0.,0.));
#2844 = VECTOR('',#2845,1.);
#2845 = DIRECTION('',(1.,0.));
#2846 = ( GEOMETRIC_REPRESENTATION_CONTEXT(2) 
PARAMETRIC_REPRESENTATION_CONTEXT() REPRESENTATION_CONTEXT('2D SPACE',''
  ) );
#2847 = ADVANCED_FACE('',(#2848),#1342,.T.);
#2848 = FACE_BOUND('',#2849,.T.);
#2849 = EDGE_LOOP('',(#2850,#2873,#2874,#2875));
#2850 = ORIENTED_EDGE('',*,*,#2851,.T.);
#2851 = EDGE_CURVE('',#2852,#1305,#2854,.T.);
#2852 = VERTEX_POINT('',#2853);
#2853 = CARTESIAN_POINT('',(8.125,6.75,0.125));
#2854 = SURFACE_CURVE('',#2855,(#2859,#2866),.PCURVE_S1.);
#2855 = LINE('',#2856,#2857);
#2856 = CARTESIAN_POINT('',(8.125,6.75,0.));
#2857 = VECTOR('',#2858,1.);
#2858 = DIRECTION('',(0.,0.,1.));
#2859 = PCURVE('',#1342,#2860);
#2860 = DEFINITIONAL_REPRESENTATION('',(#2861),#2865);
#2861 = LINE('',#2862,#2863);
#2862 = CARTESIAN_POINT('',(0.,0.));
#2863 = VECTOR('',#2864,1.);
#2864 = DIRECTION('',(0.,-1.));
#2865 = ( GEOMETRIC_REPRESENTATION_CONTEXT(2) 
PARAMETRIC_REPRESENTATION_CONTEXT() REPRESENTATION_CONTEXT('2D SPACE',''
  ) );
#2866 = PCURVE('',#1452,#2867);
#2867 = DEFINITIONAL_REPRESENTATION('',(#2868),#2872);
#2868 = LINE('',#2869,#2870);
#2869 = CARTESIAN_POINT('',(1.570796326795,0.));
#2870 = VECTOR('',#2871,1.);
#2871 = DIRECTION('',(0.,-1.));
#2872 = ( GEOMETRIC_REPRESENTATION_CONTEXT(2) 
PARAMETRIC_REPRESENTATION_CONTEXT() REPRESENTATION_CONTEXT('2D SPACE',''
  ) );
#2873 = ORIENTED_EDGE('',*,*,#1328,.T.);
#2874 = ORIENTED_EDGE('',*,*,#2741,.F.);
#2875 = ORIENTED_EDGE('',*,*,#2876,.F.);
#2876 = EDGE_CURVE('',#2852,#2742,#2877,.T.);
#2877 = SURFACE_CURVE('',#2878,(#2882,#2889),.PCURVE_S1.);
#2878 = LINE('',#2879,#2880);
#2879 = CARTESIAN_POINT('',(8.125,6.75,0.125));
#2880 = VECTOR('',#2881,1.);
#2881 = DIRECTION('',(0.,-1.,0.));
#2882 = PCURVE('',#1342,#2883);
#2883 = DEFINITIONAL_REPRESENTATION('',(#2884),#2888);
#2884 = LINE('',#2885,#2886);
#2885 = CARTESIAN_POINT('',(0.,-0.125));
#2886 = VECTOR('',#2887,1.);
#2887 = DIRECTION('',(1.,0.));
#2888 = ( GEOMETRIC_REPRESENTATION_CONTEXT(2) 
PARAMETRIC_REPRESENTATION_CONTEXT() REPRESENTATION_CONTEXT('2D SPACE',''
  ) );
#2889 = PCURVE('',#2890,#2895);
#2890 = CYLINDRICAL_SURFACE('',#2891,0.125);
#2891 = AXIS2_PLACEMENT_3D('',#2892,#2893,#2894);
#2892 = CARTESIAN_POINT('',(8.,6.75,0.125));
#2893 = DIRECTION('',(0.,-1.,0.));
#2894 = DIRECTION('',(1.,0.,0.));
#2895 = DEFINITIONAL_REPRESENTATION('',(#2896),#2900);
#2896 = LINE('',#2897,#2898);
#2897 = CARTESIAN_POINT('',(-0.,0.));
#2898 = VECTOR('',#2899,1.);
#2899 = DIRECTION('',(-0.,1.));
#2900 = ( GEOMETRIC_REPRESENTATION_CONTEXT(2) 
PARAMETRIC_REPRESENTATION_CONTEXT() REPRESENTATION_CONTEXT('2D SPACE',''
  ) );
#2901 = ADVANCED_FACE('',(#2902),#1400,.T.);
#2902 = FACE_BOUND('',#2903,.T.);
#2903 = EDGE_LOOP('',(#2904,#2905,#2906,#2934));
#2904 = ORIENTED_EDGE('',*,*,#2798,.T.);
#2905 = ORIENTED_EDGE('',*,*,#1386,.T.);
#2906 = ORIENTED_EDGE('',*,*,#2907,.F.);
#2907 = EDGE_CURVE('',#2908,#1360,#2910,.T.);
#2908 = VERTEX_POINT('',#2909);
#2909 = CARTESIAN_POINT('',(-3.928,7.,0.125));
#2910 = SURFACE_CURVE('',#2911,(#2915,#2922),.PCURVE_S1.);
#2911 = LINE('',#2912,#2913);
#2912 = CARTESIAN_POINT('',(-3.928,7.,0.));
#2913 = VECTOR('',#2914,1.);
#2914 = DIRECTION('',(0.,0.,1.));
#2915 = PCURVE('',#1400,#2916);
#2916 = DEFINITIONAL_REPRESENTATION('',(#2917),#2921);
#2917 = LINE('',#2918,#2919);
#2918 = CARTESIAN_POINT('',(3.947,0.));
#2919 = VECTOR('',#2920,1.);
#2920 = DIRECTION('',(0.,-1.));
#2921 = ( GEOMETRIC_REPRESENTATION_CONTEXT(2) 
PARAMETRIC_REPRESENTATION_CONTEXT() REPRESENTATION_CONTEXT('2D SPACE',''
  ) );
#2922 = PCURVE('',#2923,#2928);
#2923 = CYLINDRICAL_SURFACE('',#2924,1.998693484727);
#2924 = AXIS2_PLACEMENT_3D('',#2925,#2926,#2927);
#2925 = CARTESIAN_POINT('',(-3.927736751004,8.998693467391,0.));
#2926 = DIRECTION('',(-0.,-0.,-1.));
#2927 = DIRECTION('',(-1.317105386846E-04,-0.999999991326,0.));
#2928 = DEFINITIONAL_REPRESENTATION('',(#2929),#2933);
#2929 = LINE('',#2930,#2931);
#2930 = CARTESIAN_POINT('',(-0.,0.));
#2931 = VECTOR('',#2932,1.);
#2932 = DIRECTION('',(-0.,-1.));
#2933 = ( GEOMETRIC_REPRESENTATION_CONTEXT(2) 
PARAMETRIC_REPRESENTATION_CONTEXT() REPRESENTATION_CONTEXT('2D SPACE',''
  ) );
#2934 = ORIENTED_EDGE('',*,*,#2935,.F.);
#2935 = EDGE_CURVE('',#2799,#2908,#2936,.T.);
#2936 = SURFACE_CURVE('',#2937,(#2941,#2948),.PCURVE_S1.);
#2937 = LINE('',#2938,#2939);
#2938 = CARTESIAN_POINT('',(-7.875,7.,0.125));
#2939 = VECTOR('',#2940,1.);
#2940 = DIRECTION('',(1.,0.,0.));
#2941 = PCURVE('',#1400,#2942);
#2942 = DEFINITIONAL_REPRESENTATION('',(#2943),#2947);
#2943 = LINE('',#2944,#2945);
#2944 = CARTESIAN_POINT('',(0.,-0.125));
#2945 = VECTOR('',#2946,1.);
#2946 = DIRECTION('',(1.,0.));
#2947 = ( GEOMETRIC_REPRESENTATION_CONTEXT(2) 
PARAMETRIC_REPRESENTATION_CONTEXT() REPRESENTATION_CONTEXT('2D SPACE',''
  ) );
#2948 = PCURVE('',#2949,#2954);
#2949 = CYLINDRICAL_SURFACE('',#2950,0.125);
#2950 = AXIS2_PLACEMENT_3D('',#2951,#2952,#2953);
#2951 = CARTESIAN_POINT('',(-7.875,6.875,0.125));
#2952 = DIRECTION('',(1.,0.,0.));
#2953 = DIRECTION('',(-0.,1.,0.));
#2954 = DEFINITIONAL_REPRESENTATION('',(#2955),#2959);
#2955 = LINE('',#2956,#2957);
#2956 = CARTESIAN_POINT('',(-0.,0.));
#2957 = VECTOR('',#2958,1.);
#2958 = DIRECTION('',(-0.,1.));
#2959 = ( GEOMETRIC_REPRESENTATION_CONTEXT(2) 
PARAMETRIC_REPRESENTATION_CONTEXT() REPRESENTATION_CONTEXT('2D SPACE',''
  ) );
#2960 = ADVANCED_FACE('',(#2961),#1375,.T.);
#2961 = FACE_BOUND('',#2962,.F.);
#2962 = EDGE_LOOP('',(#2963,#2964,#2988,#3121));
#2963 = ORIENTED_EDGE('',*,*,#1359,.F.);
#2964 = ORIENTED_EDGE('',*,*,#2965,.T.);
#2965 = EDGE_CURVE('',#1360,#2966,#2968,.T.);
#2966 = VERTEX_POINT('',#2967);
#2967 = CARTESIAN_POINT('',(-3.133363303756,7.164641540046,0.38));
#2968 = SURFACE_CURVE('',#2969,(#2974,#2981),.PCURVE_S1.);
#2969 = CIRCLE('',#2970,1.998693484727);
#2970 = AXIS2_PLACEMENT_3D('',#2971,#2972,#2973);
#2971 = CARTESIAN_POINT('',(-3.927736751004,8.998693467391,0.38));
#2972 = DIRECTION('',(0.,0.,1.));
#2973 = DIRECTION('',(-1.317105386846E-04,-0.999999991326,0.));
#2974 = PCURVE('',#1375,#2975);
#2975 = DEFINITIONAL_REPRESENTATION('',(#2976),#2980);
#2976 = LINE('',#2977,#2978);
#2977 = CARTESIAN_POINT('',(-0.,3.14159265359));
#2978 = VECTOR('',#2979,1.);
#2979 = DIRECTION('',(-1.,0.));
#2980 = ( GEOMETRIC_REPRESENTATION_CONTEXT(2) 
PARAMETRIC_REPRESENTATION_CONTEXT() REPRESENTATION_CONTEXT('2D SPACE',''
  ) );
#2981 = PCURVE('',#2923,#2982);
#2982 = DEFINITIONAL_REPRESENTATION('',(#2983),#2987);
#2983 = LINE('',#2984,#2985);
#2984 = CARTESIAN_POINT('',(-0.,-0.38));
#2985 = VECTOR('',#2986,1.);
#2986 = DIRECTION('',(-1.,0.));
#2987 = ( GEOMETRIC_REPRESENTATION_CONTEXT(2) 
PARAMETRIC_REPRESENTATION_CONTEXT() REPRESENTATION_CONTEXT('2D SPACE',''
  ) );
#2988 = ORIENTED_EDGE('',*,*,#2989,.T.);
#2989 = EDGE_CURVE('',#2966,#1538,#2990,.T.);
#2990 = SURFACE_CURVE('',#2991,(#3018,#3114),.PCURVE_S1.);
#2991 = ( BOUNDED_CURVE() B_SPLINE_CURVE(9,(#2992,#2993,#2994,#2995,
    #2996,#2997,#2998,#2999,#3000,#3001,#3002,#3003,#3004,#3005,#3006,
    #3007,#3008,#3009,#3010,#3011,#3012,#3013,#3014,#3015,#3016,#3017),
.UNSPECIFIED.,.F.,.F.) B_SPLINE_CURVE_WITH_KNOTS((10,8,8,10),(
    7.851064525281,7.921652449637,8.379156646392,8.897274586622),
.UNSPECIFIED.) CURVE() GEOMETRIC_REPRESENTATION_ITEM() 
RATIONAL_B_SPLINE_CURVE((1.,1.,1.,1.,1.,1.,1.,1.,1.,1.,1.,1.,1.,1.,1.,1.
,1.,1.,1.,1.,1.,1.,1.,1.,1.,1.)) REPRESENTATION_ITEM('') );
#2992 = CARTESIAN_POINT('',(-3.133363303756,7.164641540046,0.38));
#2993 = CARTESIAN_POINT('',(-3.139219668082,7.162105003185,
    0.391732116327));
#2994 = CARTESIAN_POINT('',(-3.144719591239,7.159097757254,
    0.403053041367));
#2995 = CARTESIAN_POINT('',(-3.149841142024,7.155440974132,
    0.414300847577));
#2996 = CARTESIAN_POINT('',(-3.154806953322,7.151867806599,
    0.424357585424));
#2997 = CARTESIAN_POINT('',(-3.159341455835,7.147325614753,0.43508223981
    ));
#2998 = CARTESIAN_POINT('',(-3.163683215574,7.142669087782,
    0.444927883256));
#2999 = CARTESIAN_POINT('',(-3.168083679447,7.138634365037,
    0.452983116183));
#3000 = CARTESIAN_POINT('',(-3.171673451387,7.131830845821,
    0.465760671148));
#3001 = CARTESIAN_POINT('',(-3.201999715957,7.105669481869,
    0.498515265542));
#3002 = CARTESIAN_POINT('',(-3.228811818971,7.083665740007,
    0.514973873497));
#3003 = CARTESIAN_POINT('',(-3.257170033895,7.059794749668,
    0.536692304027));
#3004 = CARTESIAN_POINT('',(-3.285919219151,7.033977702281,
    0.550665198765));
#3005 = CARTESIAN_POINT('',(-3.316917054688,7.008860822383,
    0.566409480057));
#3006 = CARTESIAN_POINT('',(-3.348923269905,6.982527807393,
    0.577888301419));
#3007 = CARTESIAN_POINT('',(-3.382979921206,6.956757826021,
    0.588474325651));
#3008 = CARTESIAN_POINT('',(-3.418857181887,6.931301416903,
    0.597000437567));
#3009 = CARTESIAN_POINT('',(-3.499675157376,6.878931499158,
    0.611796212211));
#3010 = CARTESIAN_POINT('',(-3.545164872111,6.852238857241,
    0.617563410253));
#3011 = CARTESIAN_POINT('',(-3.593392660263,6.827308414219,
    0.621466913734));
#3012 = CARTESIAN_POINT('',(-3.644304774047,6.804822705968,
    0.623733610368));
#3013 = CARTESIAN_POINT('',(-3.697787168828,6.785603571204,
    0.624746154299));
#3014 = CARTESIAN_POINT('',(-3.753561615291,6.770498632655,
    0.625007379111));
#3015 = CARTESIAN_POINT('',(-3.811033185701,6.760182921895,
    0.624996503399));
#3016 = CARTESIAN_POINT('',(-3.869305715175,6.755004132308,0.625));
#3017 = CARTESIAN_POINT('',(-3.928032269082,6.755000002125,0.625));
#3018 = PCURVE('',#1375,#3019);
#3019 = DEFINITIONAL_REPRESENTATION('',(#3020),#3113);
#3020 = B_SPLINE_CURVE_WITH_KNOTS('',10,(#3021,#3022,#3023,#3024,#3025,
    #3026,#3027,#3028,#3029,#3030,#3031,#3032,#3033,#3034,#3035,#3036,
    #3037,#3038,#3039,#3040,#3041,#3042,#3043,#3044,#3045,#3046,#3047,
    #3048,#3049,#3050,#3051,#3052,#3053,#3054,#3055,#3056,#3057,#3058,
    #3059,#3060,#3061,#3062,#3063,#3064,#3065,#3066,#3067,#3068,#3069,
    #3070,#3071,#3072,#3073,#3074,#3075,#3076,#3077,#3078,#3079,#3080,
    #3081,#3082,#3083,#3084,#3085,#3086,#3087,#3088,#3089,#3090,#3091,
    #3092,#3093,#3094,#3095,#3096,#3097,#3098,#3099,#3100,#3101,#3102,
    #3103,#3104,#3105,#3106,#3107,#3108,#3109,#3110,#3111,#3112),
  .UNSPECIFIED.,.F.,.F.,(11,9,9,9,9,9,9,9,9,9,11),(7.851064525281,
    7.914757378577,7.922718985239,7.930680591901,7.946603805225,
    7.978450231873,8.105835938465,8.360607351649,8.615378764833,
    8.742764471426,8.870150178018),.UNSPECIFIED.);
#3021 = CARTESIAN_POINT('',(-0.408863993712,3.14159265359));
#3022 = CARTESIAN_POINT('',(-0.406270893735,3.180480427101));
#3023 = CARTESIAN_POINT('',(-0.40371973767,3.218703494781));
#3024 = CARTESIAN_POINT('',(-0.401216766361,3.255076060131));
#3025 = CARTESIAN_POINT('',(-0.398747929726,3.291289572066));
#3026 = CARTESIAN_POINT('',(-0.396314179559,3.327254334552));
#3027 = CARTESIAN_POINT('',(-0.393925465371,3.361604725382));
#3028 = CARTESIAN_POINT('',(-0.39158012574,3.394198380602));
#3029 = CARTESIAN_POINT('',(-0.389256367678,3.427439701193));
#3030 = CARTESIAN_POINT('',(-0.386942526498,3.463258038526));
#3031 = CARTESIAN_POINT('',(-0.384456582702,3.496235024732));
#3032 = CARTESIAN_POINT('',(-0.3841817405,3.499818493026));
#3033 = CARTESIAN_POINT('',(-0.383909471333,3.503207947442));
#3034 = CARTESIAN_POINT('',(-0.383639323559,3.506441669388));
#3035 = CARTESIAN_POINT('',(-0.383370943735,3.509548464615));
#3036 = CARTESIAN_POINT('',(-0.383104904424,3.512471011165));
#3037 = CARTESIAN_POINT('',(-0.382842610695,3.515073684919));
#3038 = CARTESIAN_POINT('',(-0.382585285333,3.517234862764));
#3039 = CARTESIAN_POINT('',(-0.382332032754,3.519023703354));
#3040 = CARTESIAN_POINT('',(-0.381821930477,3.522899107628));
#3041 = CARTESIAN_POINT('',(-0.38156689465,3.524826092677));
#3042 = CARTESIAN_POINT('',(-0.381311870963,3.526742592087));
#3043 = CARTESIAN_POINT('',(-0.381056856241,3.528648837295));
#3044 = CARTESIAN_POINT('',(-0.380801847312,3.530545059761));
#3045 = CARTESIAN_POINT('',(-0.380546841,3.532431490914));
#3046 = CARTESIAN_POINT('',(-0.380291834135,3.534308362214));
#3047 = CARTESIAN_POINT('',(-0.380036823542,3.536175905097));
#3048 = CARTESIAN_POINT('',(-0.379781806047,3.538034351014));
#3049 = CARTESIAN_POINT('',(-0.379016723338,3.543583092196));
#3050 = CARTESIAN_POINT('',(-0.378506624335,3.547247046764));
#3051 = CARTESIAN_POINT('',(-0.377996462178,3.550877201845));
#3052 = CARTESIAN_POINT('',(-0.377486217578,3.554474964184));
#3053 = CARTESIAN_POINT('',(-0.376975871244,3.558041740505));
#3054 = CARTESIAN_POINT('',(-0.376465403887,3.561578937561));
#3055 = CARTESIAN_POINT('',(-0.375954796217,3.565087962073));
#3056 = CARTESIAN_POINT('',(-0.375444028944,3.56857022079));
#3057 = CARTESIAN_POINT('',(-0.374933082778,3.572027120441));
#3058 = CARTESIAN_POINT('',(-0.373399649733,3.582325962419));
#3059 = CARTESIAN_POINT('',(-0.372376536841,3.589098374697));
#3060 = CARTESIAN_POINT('',(-0.371352516204,3.595783574647));
#3061 = CARTESIAN_POINT('',(-0.370327504269,3.602387832319));
#3062 = CARTESIAN_POINT('',(-0.369301417485,3.608917417753));
#3063 = CARTESIAN_POINT('',(-0.368274172302,3.615378601002));
#3064 = CARTESIAN_POINT('',(-0.367245685168,3.621777652105));
#3065 = CARTESIAN_POINT('',(-0.366215872532,3.628120841115));
#3066 = CARTESIAN_POINT('',(-0.365184650843,3.634414438074));
#3067 = CARTESIAN_POINT('',(-0.360021079371,3.665665812852));
#3068 = CARTESIAN_POINT('',(-0.355866224153,3.689984768755));
#3069 = CARTESIAN_POINT('',(-0.351685503822,3.713769721529));
#3070 = CARTESIAN_POINT('',(-0.347477432798,3.737141157012));
#3071 = CARTESIAN_POINT('',(-0.34324090699,3.760191906089));
#3072 = CARTESIAN_POINT('',(-0.338975203797,3.782987144698));
#3073 = CARTESIAN_POINT('',(-0.334679982108,3.805564393815));
#3074 = CARTESIAN_POINT('',(-0.330355282305,3.827933519475));
#3075 = CARTESIAN_POINT('',(-0.326001526257,3.850076732752));
#3076 = CARTESIAN_POINT('',(-0.312855499462,3.915692303817));
#3077 = CARTESIAN_POINT('',(-0.303976799416,3.958498015451));
#3078 = CARTESIAN_POINT('',(-0.294983547377,4.000399520637));
#3079 = CARTESIAN_POINT('',(-0.285875516909,4.041420030937));
#3080 = CARTESIAN_POINT('',(-0.276652124946,4.08157217351));
#3081 = CARTESIAN_POINT('',(-0.267312431795,4.120857991125));
#3082 = CARTESIAN_POINT('',(-0.257855141136,4.159268942141));
#3083 = CARTESIAN_POINT('',(-0.248278600018,4.196785900525));
#3084 = CARTESIAN_POINT('',(-0.238580798866,4.233379155843));
#3085 = CARTESIAN_POINT('',(-0.218937944083,4.304637670682));
#3086 = CARTESIAN_POINT('',(-0.208993226019,4.339310119869));
#3087 = CARTESIAN_POINT('',(-0.198923708307,4.37296715477));
#3088 = CARTESIAN_POINT('',(-0.188728968735,4.405536050585));
#3089 = CARTESIAN_POINT('',(-0.178409671858,4.436929963729));
#3090 = CARTESIAN_POINT('',(-0.167967568998,4.467047931899));
#3091 = CARTESIAN_POINT('',(-0.157405498241,4.495774873989));
#3092 = CARTESIAN_POINT('',(-0.146727384442,4.522981590172));
#3093 = CARTESIAN_POINT('',(-0.135938239218,4.54852476184));
#3094 = CARTESIAN_POINT('',(-0.119597121825,4.584108046532));
#3095 = CARTESIAN_POINT('',(-0.114123453835,4.595513845803));
#3096 = CARTESIAN_POINT('',(-0.108624159638,4.606446504734));
#3097 = CARTESIAN_POINT('',(-0.103100241887,4.616888178629));
#3098 = CARTESIAN_POINT('',(-9.755270323495E-02,4.626821022757));
#3099 = CARTESIAN_POINT('',(-9.198254633411E-02,4.636227192436));
#3100 = CARTESIAN_POINT('',(-8.639077383693E-02,4.645088842932));
#3101 = CARTESIAN_POINT('',(-8.077838839644E-02,4.653388129555));
#3102 = CARTESIAN_POINT('',(-7.514639266506E-02,4.661107207586));
#3103 = CARTESIAN_POINT('',(-6.384518592594E-02,4.675349257052));
#3104 = CARTESIAN_POINT('',(-5.820066447845E-02,4.681874841181));
#3105 = CARTESIAN_POINT('',(-5.233717938023E-02,4.687803046484));
#3106 = CARTESIAN_POINT('',(-4.728653540758E-02,4.69296577622));
#3107 = CARTESIAN_POINT('',(-4.010097563086E-02,4.698056180338));
#3108 = CARTESIAN_POINT('',(-3.647603664134E-02,4.701242724197));
#3109 = CARTESIAN_POINT('',(-2.894161475146E-02,4.705410941795));
#3110 = CARTESIAN_POINT('',(-2.38579540396E-02,4.707671736265));
#3111 = CARTESIAN_POINT('',(-1.820918883761E-02,4.709677574388));
#3112 = CARTESIAN_POINT('',(-1.24362222378E-02,4.710993313818));
#3113 = ( GEOMETRIC_REPRESENTATION_CONTEXT(2) 
PARAMETRIC_REPRESENTATION_CONTEXT() REPRESENTATION_CONTEXT('2D SPACE',''
  ) );
#3114 = PCURVE('',#1656,#3115);
#3115 = DEFINITIONAL_REPRESENTATION('',(#3116),#3120);
#3116 = LINE('',#3117,#3118);
#3117 = CARTESIAN_POINT('',(0.,0.));
#3118 = VECTOR('',#3119,1.);
#3119 = DIRECTION('',(0.,1.));
#3120 = ( GEOMETRIC_REPRESENTATION_CONTEXT(2) 
PARAMETRIC_REPRESENTATION_CONTEXT() REPRESENTATION_CONTEXT('2D SPACE',''
  ) );
#3121 = ORIENTED_EDGE('',*,*,#3122,.T.);
#3122 = EDGE_CURVE('',#1538,#375,#3123,.T.);
#3123 = SURFACE_CURVE('',#3124,(#3151,#3165),.PCURVE_S1.);
#3124 = ( BOUNDED_CURVE() B_SPLINE_CURVE(9,(#3125,#3126,#3127,#3128,
    #3129,#3130,#3131,#3132,#3133,#3134,#3135,#3136,#3137,#3138,#3139,
    #3140,#3141,#3142,#3143,#3144,#3145,#3146,#3147,#3148,#3149,#3150),
.UNSPECIFIED.,.F.,.F.) B_SPLINE_CURVE_WITH_KNOTS((10,8,8,10),(
    7.851064525281,7.921652449637,8.379156646392,8.897274586622),
.UNSPECIFIED.) CURVE() GEOMETRIC_REPRESENTATION_ITEM() 
RATIONAL_B_SPLINE_CURVE((1.,1.,1.,1.,1.,1.,1.,1.,1.,1.,1.,1.,1.,1.,1.,1.
,1.,1.,1.,1.,1.,1.,1.,1.,1.,1.)) REPRESENTATION_ITEM('') );
#3125 = CARTESIAN_POINT('',(-3.133363303756,7.164641540046,0.38));
#3126 = CARTESIAN_POINT('',(-3.139219668082,7.162105003185,
    0.391732116327));
#3127 = CARTESIAN_POINT('',(-3.144719591239,7.159097757254,
    0.403053041367));
#3128 = CARTESIAN_POINT('',(-3.149841142024,7.155440974132,
    0.414300847577));
#3129 = CARTESIAN_POINT('',(-3.154806953322,7.151867806599,
    0.424357585424));
#3130 = CARTESIAN_POINT('',(-3.159341455835,7.147325614753,0.43508223981
    ));
#3131 = CARTESIAN_POINT('',(-3.163683215574,7.142669087782,
    0.444927883256));
#3132 = CARTESIAN_POINT('',(-3.168083679447,7.138634365037,
    0.452983116183));
#3133 = CARTESIAN_POINT('',(-3.171673451387,7.131830845821,
    0.465760671148));
#3134 = CARTESIAN_POINT('',(-3.201999715957,7.105669481869,
    0.498515265542));
#3135 = CARTESIAN_POINT('',(-3.228811818971,7.083665740007,
    0.514973873497));
#3136 = CARTESIAN_POINT('',(-3.257170033895,7.059794749668,
    0.536692304027));
#3137 = CARTESIAN_POINT('',(-3.285919219151,7.033977702281,
    0.550665198765));
#3138 = CARTESIAN_POINT('',(-3.316917054688,7.008860822383,
    0.566409480057));
#3139 = CARTESIAN_POINT('',(-3.348923269905,6.982527807393,
    0.577888301419));
#3140 = CARTESIAN_POINT('',(-3.382979921206,6.956757826021,
    0.588474325651));
#3141 = CARTESIAN_POINT('',(-3.418857181887,6.931301416903,
    0.597000437567));
#3142 = CARTESIAN_POINT('',(-3.499675157376,6.878931499158,
    0.611796212211));
#3143 = CARTESIAN_POINT('',(-3.545164872111,6.852238857241,
    0.617563410253));
#3144 = CARTESIAN_POINT('',(-3.593392660263,6.827308414219,
    0.621466913734));
#3145 = CARTESIAN_POINT('',(-3.644304774047,6.804822705968,
    0.623733610368));
#3146 = CARTESIAN_POINT('',(-3.697787168828,6.785603571204,
    0.624746154299));
#3147 = CARTESIAN_POINT('',(-3.753561615291,6.770498632655,
    0.625007379111));
#3148 = CARTESIAN_POINT('',(-3.811033185701,6.760182921895,
    0.624996503399));
#3149 = CARTESIAN_POINT('',(-3.869305715175,6.755004132308,0.625));
#3150 = CARTESIAN_POINT('',(-3.928032269082,6.755000002125,0.625));
#3151 = PCURVE('',#1375,#3152);
#3152 = DEFINITIONAL_REPRESENTATION('',(#3153),#3164);
#3153 = B_SPLINE_CURVE_WITH_KNOTS('',9,(#3154,#3155,#3156,#3157,#3158,
    #3159,#3160,#3161,#3162,#3163),.UNSPECIFIED.,.F.,.F.,(10,10),(
    8.870150178018,8.897274586622),.PIECEWISE_BEZIER_KNOTS.);
#3154 = CARTESIAN_POINT('',(-1.24362222378E-02,4.710993313818));
#3155 = CARTESIAN_POINT('',(-1.107722188269E-02,4.711303048912));
#3156 = CARTESIAN_POINT('',(-9.718036065529E-03,4.711574239908));
#3157 = CARTESIAN_POINT('',(-8.358691285792E-03,4.71180682507));
#3158 = CARTESIAN_POINT('',(-6.99921396831E-03,4.712000749277));
#3159 = CARTESIAN_POINT('',(-5.639630424624E-03,4.712155964066));
#3160 = CARTESIAN_POINT('',(-4.279966811836E-03,4.71227242766));
#3161 = CARTESIAN_POINT('',(-2.920249088886E-03,4.712350104998));
#3162 = CARTESIAN_POINT('',(-1.560502970143E-03,4.712388967739));
#3163 = CARTESIAN_POINT('',(-2.007538762194E-04,4.712388994261));
#3164 = ( GEOMETRIC_REPRESENTATION_CONTEXT(2) 
PARAMETRIC_REPRESENTATION_CONTEXT() REPRESENTATION_CONTEXT('2D SPACE',''
  ) );
#3165 = PCURVE('',#1786,#3166);
#3166 = DEFINITIONAL_REPRESENTATION('',(#3167),#3171);
#3167 = LINE('',#3168,#3169);
#3168 = CARTESIAN_POINT('',(0.,0.));
#3169 = VECTOR('',#3170,1.);
#3170 = DIRECTION('',(0.,1.));
#3171 = ( GEOMETRIC_REPRESENTATION_CONTEXT(2) 
PARAMETRIC_REPRESENTATION_CONTEXT() REPRESENTATION_CONTEXT('2D SPACE',''
  ) );
#3172 = ADVANCED_FACE('',(#3173),#1452,.T.);
#3173 = FACE_BOUND('',#3174,.T.);
#3174 = EDGE_LOOP('',(#3175,#3198,#3199,#3200));
#3175 = ORIENTED_EDGE('',*,*,#3176,.T.);
#3176 = EDGE_CURVE('',#3177,#1416,#3179,.T.);
#3177 = VERTEX_POINT('',#3178);
#3178 = CARTESIAN_POINT('',(7.875,7.,0.125));
#3179 = SURFACE_CURVE('',#3180,(#3184,#3191),.PCURVE_S1.);
#3180 = LINE('',#3181,#3182);
#3181 = CARTESIAN_POINT('',(7.875,7.,0.));
#3182 = VECTOR('',#3183,1.);
#3183 = DIRECTION('',(0.,0.,1.));
#3184 = PCURVE('',#1452,#3185);
#3185 = DEFINITIONAL_REPRESENTATION('',(#3186),#3190);
#3186 = LINE('',#3187,#3188);
#3187 = CARTESIAN_POINT('',(0.,0.));
#3188 = VECTOR('',#3189,1.);
#3189 = DIRECTION('',(0.,-1.));
#3190 = ( GEOMETRIC_REPRESENTATION_CONTEXT(2) 
PARAMETRIC_REPRESENTATION_CONTEXT() REPRESENTATION_CONTEXT('2D SPACE',''
  ) );
#3191 = PCURVE('',#2148,#3192);
#3192 = DEFINITIONAL_REPRESENTATION('',(#3193),#3197);
#3193 = LINE('',#3194,#3195);
#3194 = CARTESIAN_POINT('',(3.947,0.));
#3195 = VECTOR('',#3196,1.);
#3196 = DIRECTION('',(0.,-1.));
#3197 = ( GEOMETRIC_REPRESENTATION_CONTEXT(2) 
PARAMETRIC_REPRESENTATION_CONTEXT() REPRESENTATION_CONTEXT('2D SPACE',''
  ) );
#3198 = ORIENTED_EDGE('',*,*,#1437,.T.);
#3199 = ORIENTED_EDGE('',*,*,#2851,.F.);
#3200 = ORIENTED_EDGE('',*,*,#3201,.F.);
#3201 = EDGE_CURVE('',#3177,#2852,#3202,.T.);
#3202 = SURFACE_CURVE('',#3203,(#3208,#3215),.PCURVE_S1.);
#3203 = CIRCLE('',#3204,0.25);
#3204 = AXIS2_PLACEMENT_3D('',#3205,#3206,#3207);
#3205 = CARTESIAN_POINT('',(7.875,6.75,0.125));
#3206 = DIRECTION('',(0.,0.,-1.));
#3207 = DIRECTION('',(7.105427357601E-15,1.,0.));
#3208 = PCURVE('',#1452,#3209);
#3209 = DEFINITIONAL_REPRESENTATION('',(#3210),#3214);
#3210 = LINE('',#3211,#3212);
#3211 = CARTESIAN_POINT('',(0.,-0.125));
#3212 = VECTOR('',#3213,1.);
#3213 = DIRECTION('',(1.,0.));
#3214 = ( GEOMETRIC_REPRESENTATION_CONTEXT(2) 
PARAMETRIC_REPRESENTATION_CONTEXT() REPRESENTATION_CONTEXT('2D SPACE',''
  ) );
#3215 = PCURVE('',#3216,#3221);
#3216 = TOROIDAL_SURFACE('',#3217,0.125,0.125);
#3217 = AXIS2_PLACEMENT_3D('',#3218,#3219,#3220);
#3218 = CARTESIAN_POINT('',(7.875,6.75,0.125));
#3219 = DIRECTION('',(-0.,0.,-1.));
#3220 = DIRECTION('',(7.105427357601E-15,1.,0.));
#3221 = DEFINITIONAL_REPRESENTATION('',(#3222),#3226);
#3222 = LINE('',#3223,#3224);
#3223 = CARTESIAN_POINT('',(0.,0.));
#3224 = VECTOR('',#3225,1.);
#3225 = DIRECTION('',(1.,0.));
#3226 = ( GEOMETRIC_REPRESENTATION_CONTEXT(2) 
PARAMETRIC_REPRESENTATION_CONTEXT() REPRESENTATION_CONTEXT('2D SPACE',''
  ) );
#3227 = ADVANCED_FACE('',(#3228),#1487,.F.);
#3228 = FACE_BOUND('',#3229,.T.);
#3229 = EDGE_LOOP('',(#3230,#3260,#3512,#3513));
#3230 = ORIENTED_EDGE('',*,*,#3231,.F.);
#3231 = EDGE_CURVE('',#3232,#3234,#3236,.T.);
#3232 = VERTEX_POINT('',#3233);
#3233 = CARTESIAN_POINT('',(-2.430043723705,7.355,0.55));
#3234 = VERTEX_POINT('',#3235);
#3235 = CARTESIAN_POINT('',(2.430123145914,7.355,0.55));
#3236 = SURFACE_CURVE('',#3237,(#3241,#3248),.PCURVE_S1.);
#3237 = LINE('',#3238,#3239);
#3238 = CARTESIAN_POINT('',(-11.125,7.355,0.55));
#3239 = VECTOR('',#3240,1.);
#3240 = DIRECTION('',(1.,0.,0.));
#3241 = PCURVE('',#1487,#3242);
#3242 = DEFINITIONAL_REPRESENTATION('',(#3243),#3247);
#3243 = LINE('',#3244,#3245);
#3244 = CARTESIAN_POINT('',(-0.248709989094,0.));
#3245 = VECTOR('',#3246,1.);
#3246 = DIRECTION('',(-0.,-1.));
#3247 = ( GEOMETRIC_REPRESENTATION_CONTEXT(2) 
PARAMETRIC_REPRESENTATION_CONTEXT() REPRESENTATION_CONTEXT('2D SPACE',''
  ) );
#3248 = PCURVE('',#3249,#3254);
#3249 = PLANE('',#3250);
#3250 = AXIS2_PLACEMENT_3D('',#3251,#3252,#3253);
#3251 = CARTESIAN_POINT('',(-11.125,7.355,0.55));
#3252 = DIRECTION('',(0.,-9.251858538543E-17,1.));
#3253 = DIRECTION('',(0.,1.,9.251858538543E-17));
#3254 = DEFINITIONAL_REPRESENTATION('',(#3255),#3259);
#3255 = LINE('',#3256,#3257);
#3256 = CARTESIAN_POINT('',(0.,0.));
#3257 = VECTOR('',#3258,1.);
#3258 = DIRECTION('',(0.,-1.));
#3259 = ( GEOMETRIC_REPRESENTATION_CONTEXT(2) 
PARAMETRIC_REPRESENTATION_CONTEXT() REPRESENTATION_CONTEXT('2D SPACE',''
  ) );
#3260 = ORIENTED_EDGE('',*,*,#3261,.T.);
#3261 = EDGE_CURVE('',#3232,#1470,#3262,.T.);
#3262 = SURFACE_CURVE('',#3263,(#3310,#3366),.PCURVE_S1.);
#3263 = ( BOUNDED_CURVE() B_SPLINE_CURVE(12,(#3264,#3265,#3266,#3267,
    #3268,#3269,#3270,#3271,#3272,#3273,#3274,#3275,#3276,#3277,#3278,
    #3279,#3280,#3281,#3282,#3283,#3284,#3285,#3286,#3287,#3288,#3289,
    #3290,#3291,#3292,#3293,#3294,#3295,#3296,#3297,#3298,#3299,#3300,
    #3301,#3302,#3303,#3304,#3305,#3306,#3307,#3308,#3309),
.UNSPECIFIED.,.F.,.F.) B_SPLINE_CURVE_WITH_KNOTS((13,11,11,11,13),(
    7.206750252549,7.300658352649,7.347612402699,7.394566452749,
7.789340194817),.UNSPECIFIED.) CURVE() GEOMETRIC_REPRESENTATION_ITEM() 
RATIONAL_B_SPLINE_CURVE((1.,1.,1.000000000001,0.999999999997,
    1.000000000005,0.999999999993,1.000000000007,0.999999999994,
    1.000000000004,0.999999999998,1.000000000001,1.,1.,1.,1.000000000001
    ,0.999999999998,1.000000000003,0.999999999996,1.000000000003,
    0.999999999998,1.000000000001,1.,1.,1.,1.,1.,0.999999999999,
    1.000000000001,0.999999999999,1.,1.,1.,1.,1.,1.,1.,1.000000000001,
    0.999999999998,1.000000000003,0.999999999997,1.000000000002,
0.999999999999,1.000000000001,1.,1.,1.)) REPRESENTATION_ITEM('') );
#3264 = CARTESIAN_POINT('',(-2.430043723705,7.355,0.55));
#3265 = CARTESIAN_POINT('',(-2.436967394116,7.34967418773,0.55));
#3266 = CARTESIAN_POINT('',(-2.443907133945,7.344384722921,
    0.550025242134));
#3267 = CARTESIAN_POINT('',(-2.450863560249,7.339131001286,
    0.550075244458));
#3268 = CARTESIAN_POINT('',(-2.457837290081,7.333912418541,0.55014952503
    ));
#3269 = CARTESIAN_POINT('',(-2.464828940497,7.328728370402,
    0.550247601906));
#3270 = CARTESIAN_POINT('',(-2.471839128552,7.323578252583,
    0.550368993144));
#3271 = CARTESIAN_POINT('',(-2.478868471299,7.318461460799,
    0.550513216801));
#3272 = CARTESIAN_POINT('',(-2.485917585795,7.313377390765,
    0.550679790933));
#3273 = CARTESIAN_POINT('',(-2.492987089093,7.308325438198,
    0.550868233597));
#3274 = CARTESIAN_POINT('',(-2.500077598249,7.303304998811,
    0.551078062851));
#3275 = CARTESIAN_POINT('',(-2.507189730317,7.298315468319,
    0.551308796751));
#3276 = CARTESIAN_POINT('',(-2.51789128837,7.290876629499,0.551685531656
    ));
#3277 = CARTESIAN_POINT('',(-2.521465026899,7.288404090361,
    0.551816284478));
#3278 = CARTESIAN_POINT('',(-2.525045113896,7.285938748927,
    0.551952150728));
#3279 = CARTESIAN_POINT('',(-2.528631345317,7.283480729099,
    0.552093069313));
#3280 = CARTESIAN_POINT('',(-2.532223517122,7.281030154781,
    0.552238979142));
#3281 = CARTESIAN_POINT('',(-2.535821425265,7.278587149872,
    0.552389819123));
#3282 = CARTESIAN_POINT('',(-2.539424865705,7.276151838277,
    0.552545528162));
#3283 = CARTESIAN_POINT('',(-2.543033634397,7.273724343897,
    0.552706045167));
#3284 = CARTESIAN_POINT('',(-2.5466475273,7.271304790634,0.552871309048)
  );
#3285 = CARTESIAN_POINT('',(-2.550266340369,7.268893302391,0.55304125871
    ));
#3286 = CARTESIAN_POINT('',(-2.553889869563,7.266490003069,
    0.553215833062));
#3287 = CARTESIAN_POINT('',(-2.561145952113,7.261700030073,
    0.553574108961));
#3288 = CARTESIAN_POINT('',(-2.564837529422,7.259281793213,
    0.553760758392));
#3289 = CARTESIAN_POINT('',(-2.568026027099,7.257143338138,
    0.553926637308));
#3290 = CARTESIAN_POINT('',(-2.573261915055,7.253920822059,0.55419861747
    ));
#3291 = CARTESIAN_POINT('',(-2.573267818403,7.253505010348,
    0.554215060833));
#3292 = CARTESIAN_POINT('',(-2.582475412981,7.248181754224,
    0.554691465417));
#3293 = CARTESIAN_POINT('',(-2.580184712627,7.249012097917,
    0.554604371286));
#3294 = CARTESIAN_POINT('',(-2.58790661364,7.244506661256,0.555012654336
    ));
#3295 = CARTESIAN_POINT('',(-2.589932478005,7.243049103262,0.55514831522
    ));
#3296 = CARTESIAN_POINT('',(-2.59360512458,7.240725779248,0.555365309402
    ));
#3297 = CARTESIAN_POINT('',(-2.597119331344,7.238495757096,
    0.555579240078));
#3298 = CARTESIAN_POINT('',(-2.630157786396,7.217624965152,
    0.557622053094));
#3299 = CARTESIAN_POINT('',(-2.659989743634,7.199519482661,
    0.559712120023));
#3300 = CARTESIAN_POINT('',(-2.690030551903,7.182012916468,0.56202871331
    ));
#3301 = CARTESIAN_POINT('',(-2.720195395045,7.165140139004,
    0.564536450935));
#3302 = CARTESIAN_POINT('',(-2.750408138873,7.148923249742,
    0.567201739077));
#3303 = CARTESIAN_POINT('',(-2.780598311105,7.133376025564,
    0.569992071224));
#3304 = CARTESIAN_POINT('',(-2.810698081299,7.118508371142,
    0.572875327284));
#3305 = CARTESIAN_POINT('',(-2.840639240791,7.10433076929,0.57581907269)
  );
#3306 = CARTESIAN_POINT('',(-2.870350182625,7.090858731351,
    0.578789857513));
#3307 = CARTESIAN_POINT('',(-2.899752881496,7.078117247555,
    0.581752515566));
#3308 = CARTESIAN_POINT('',(-2.928759873679,7.066145237397,
    0.584669463518));
#3309 = CARTESIAN_POINT('',(-2.957271236968,7.055,0.5875));
#3310 = PCURVE('',#1487,#3311);
#3311 = DEFINITIONAL_REPRESENTATION('',(#3312),#3365);
#3312 = B_SPLINE_CURVE_WITH_KNOTS('',11,(#3313,#3314,#3315,#3316,#3317,
    #3318,#3319,#3320,#3321,#3322,#3323,#3324,#3325,#3326,#3327,#3328,
    #3329,#3330,#3331,#3332,#3333,#3334,#3335,#3336,#3337,#3338,#3339,
    #3340,#3341,#3342,#3343,#3344,#3345,#3346,#3347,#3348,#3349,#3350,
    #3351,#3352,#3353,#3354,#3355,#3356,#3357,#3358,#3359,#3360,#3361,
    #3362,#3363,#3364),.UNSPECIFIED.,.F.,.F.,(12,10,10,10,10,12),(
    7.206750252549,7.352397738116,7.388809609508,7.4252214809,
    7.498045223683,7.789340194817),.UNSPECIFIED.);
#3313 = CARTESIAN_POINT('',(-0.248709989094,-8.694956276295));
#3314 = CARTESIAN_POINT('',(-0.241316324877,-8.683241745889));
#3315 = CARTESIAN_POINT('',(-0.234005798176,-8.671473525724));
#3316 = CARTESIAN_POINT('',(-0.226802453544,-8.659716684024));
#3317 = CARTESIAN_POINT('',(-0.219581589885,-8.647663464411));
#3318 = CARTESIAN_POINT('',(-0.212689153389,-8.636172832283));
#3319 = CARTESIAN_POINT('',(-0.205422441261,-8.623538571299));
#3320 = CARTESIAN_POINT('',(-0.198799789285,-8.612197026938));
#3321 = CARTESIAN_POINT('',(-0.191730222626,-8.599603473341));
#3322 = CARTESIAN_POINT('',(-0.185035903279,-8.587638844414));
#3323 = CARTESIAN_POINT('',(-0.178283499434,-8.575321269693));
#3324 = CARTESIAN_POINT('',(-0.169988165654,-8.559974488324));
#3325 = CARTESIAN_POINT('',(-0.16833463639,-8.556903762959));
#3326 = CARTESIAN_POINT('',(-0.166654250142,-8.553758274619));
#3327 = CARTESIAN_POINT('',(-0.165106565226,-8.550899927451));
#3328 = CARTESIAN_POINT('',(-0.163360153614,-8.547576910271));
#3329 = CARTESIAN_POINT('',(-0.161745796809,-8.544540190358));
#3330 = CARTESIAN_POINT('',(-0.160242660981,-8.541742147379));
#3331 = CARTESIAN_POINT('',(-0.158513769288,-8.53841833139));
#3332 = CARTESIAN_POINT('',(-0.156939240672,-8.5354326396));
#3333 = CARTESIAN_POINT('',(-0.155385098084,-8.532479811643));
#3334 = CARTESIAN_POINT('',(-0.152287841688,-8.526572988092));
#3335 = CARTESIAN_POINT('',(-0.150743665069,-8.523616458698));
#3336 = CARTESIAN_POINT('',(-0.149147597266,-8.520530069187));
#3337 = CARTESIAN_POINT('',(-0.147729049014,-8.517831307153));
#3338 = CARTESIAN_POINT('',(-0.146012829437,-8.51444780608));
#3339 = CARTESIAN_POINT('',(-0.144659735514,-8.511871083682));
#3340 = CARTESIAN_POINT('',(-0.143006982168,-8.508604962692));
#3341 = CARTESIAN_POINT('',(-0.141543241508,-8.505752710899));
#3342 = CARTESIAN_POINT('',(-0.140006738958,-8.502723289052));
#3343 = CARTESIAN_POINT('',(-0.138495231131,-8.499737451505));
#3344 = CARTESIAN_POINT('',(-0.133966832063,-8.490755241899));
#3345 = CARTESIAN_POINT('',(-0.130966517526,-8.484757653734));
#3346 = CARTESIAN_POINT('',(-0.127985027106,-8.478751303082));
#3347 = CARTESIAN_POINT('',(-0.125022566743,-8.472736875861));
#3348 = CARTESIAN_POINT('',(-0.122079342378,-8.466715058041));
#3349 = CARTESIAN_POINT('',(-0.11915555995,-8.460686535504));
#3350 = CARTESIAN_POINT('',(-0.116251425402,-8.454651994247));
#3351 = CARTESIAN_POINT('',(-0.113367144673,-8.448612120148));
#3352 = CARTESIAN_POINT('',(-0.110502923704,-8.442567599182));
#3353 = CARTESIAN_POINT('',(-0.107658968435,-8.436519117263));
#3354 = CARTESIAN_POINT('',(-9.354155029994E-02,-8.406260332616));
#3355 = CARTESIAN_POINT('',(-8.257387214238E-02,-8.381999720852));
#3356 = CARTESIAN_POINT('',(-7.194241472028E-02,-8.357726426523));
#3357 = CARTESIAN_POINT('',(-6.165465395034E-02,-8.333478972657));
#3358 = CARTESIAN_POINT('',(-5.17169425762E-02,-8.309294633559));
#3359 = CARTESIAN_POINT('',(-4.213587546471E-02,-8.285210564834));
#3360 = CARTESIAN_POINT('',(-3.29196549004E-02,-8.26126493298));
#3361 = CARTESIAN_POINT('',(-2.407945588209E-02,-8.237498045494));
#3362 = CARTESIAN_POINT('',(-1.563079141746E-02,-8.213953480475));
#3363 = CARTESIAN_POINT('',(-7.594877819169E-03,-8.190679216634));
#3364 = CARTESIAN_POINT('',(-4.394401509344E-14,-8.167728763032));
#3365 = ( GEOMETRIC_REPRESENTATION_CONTEXT(2) 
PARAMETRIC_REPRESENTATION_CONTEXT() REPRESENTATION_CONTEXT('2D SPACE',''
  ) );
#3366 = PCURVE('',#3367,#3506);
#3367 = ( BOUNDED_SURFACE() B_SPLINE_SURFACE(2,12,(
    (#3368,#3369,#3370,#3371,#3372,#3373,#3374,#3375,#3376,#3377,#3378
      ,#3379,#3380,#3381,#3382,#3383,#3384,#3385,#3386,#3387,#3388,#3389
      ,#3390,#3391,#3392,#3393,#3394,#3395,#3396,#3397,#3398,#3399,#3400
      ,#3401,#3402,#3403,#3404,#3405,#3406,#3407,#3408,#3409,#3410,#3411
      ,#3412,#3413)
    ,(#3414,#3415,#3416,#3417,#3418,#3419,#3420,#3421,#3422,#3423,#3424
      ,#3425,#3426,#3427,#3428,#3429,#3430,#3431,#3432,#3433,#3434,#3435
      ,#3436,#3437,#3438,#3439,#3440,#3441,#3442,#3443,#3444,#3445,#3446
      ,#3447,#3448,#3449,#3450,#3451,#3452,#3453,#3454,#3455,#3456,#3457
      ,#3458,#3459)
    ,(#3460,#3461,#3462,#3463,#3464,#3465,#3466,#3467,#3468,#3469,#3470
      ,#3471,#3472,#3473,#3474,#3475,#3476,#3477,#3478,#3479,#3480,#3481
      ,#3482,#3483,#3484,#3485,#3486,#3487,#3488,#3489,#3490,#3491,#3492
      ,#3493,#3494,#3495,#3496,#3497,#3498,#3499,#3500,#3501,#3502,#3503
      ,#3504,#3505
)),.UNSPECIFIED.,.F.,.F.,.F.) B_SPLINE_SURFACE_WITH_KNOTS((3,3),(13,11,
    11,11,13),(0.,0.582589942268),(7.206750252549,7.300658352649,
    7.347612402699,7.394566452749,7.789340194817),.UNSPECIFIED.) 
GEOMETRIC_REPRESENTATION_ITEM() RATIONAL_B_SPLINE_SURFACE((
    (1.,1.,1.000000000001,0.999999999997,1.000000000005,0.999999999993
      ,1.000000000007,0.999999999994,1.000000000004,0.999999999998
      ,1.000000000001,1.,1.,1.,1.000000000001,0.999999999998
      ,1.000000000003,0.999999999996,1.000000000003,0.999999999998
      ,1.000000000001,1.,1.,1.,1.,1.,0.999999999999,1.000000000001
      ,0.999999999999,1.,1.,1.,1.,1.,1.,1.,1.000000000001,0.999999999998
      ,1.000000000003,0.999999999997,1.000000000002,0.999999999999
      ,1.000000000001,1.,1.,1.)
    ,(0.707106785195,0.708248397594,0.709389052149,0.710528768776
      ,0.711667567404,0.712805467931,0.713942490306,0.715078654413
      ,0.716213980205,0.717348487573,0.718482196454,0.719615126758
      ,0.72131338423,0.721879572162,0.722445810382,0.723012047062
      ,0.723578230392,0.724144308534,0.724710229685,0.725275942006
      ,0.725841393688,0.726406532901,0.726971307828,0.728100025463
      ,0.728680118864,0.729120798055,0.73012078768,0.729684806278
      ,0.731773504664,0.730698029294,0.732381873586,0.732484997585
      ,0.733048763475,0.733564294009,0.738398665275,0.742698587817
      ,0.746958260296,0.751159162703,0.75528446408,0.759319554195
      ,0.763252575289,0.767074953734,0.77078193178,0.774373099227
      ,0.777852925151,0.781231289599)
    ,(1.,1.,1.000000000001,0.999999999997,1.000000000005,0.999999999993
      ,1.000000000007,0.999999999994,1.000000000004,0.999999999998
      ,1.000000000001,1.,1.,1.,1.000000000001,0.999999999998
      ,1.000000000003,0.999999999996,1.000000000003,0.999999999998
      ,1.000000000001,1.,1.,1.,1.,1.,0.999999999999,1.000000000001
      ,0.999999999999,1.,1.,1.,1.,1.,1.,1.,1.000000000001,0.999999999998
      ,1.000000000003,0.999999999997,1.000000000002,0.999999999999
,1.000000000001,1.,1.,1.))) REPRESENTATION_ITEM('') SURFACE() );
#3368 = CARTESIAN_POINT('',(-2.581653721664,7.521251040759,
    0.325000002627));
#3369 = CARTESIAN_POINT('',(-2.587421738731,7.515995858055,
    0.325000003148));
#3370 = CARTESIAN_POINT('',(-2.593216844055,7.51076123828,0.325027805268
    ));
#3371 = CARTESIAN_POINT('',(-2.599037927655,7.505548139126,
    0.325082935547));
#3372 = CARTESIAN_POINT('',(-2.604883879546,7.500357518288,
    0.325164920543));
#3373 = CARTESIAN_POINT('',(-2.610753589747,7.495190333458,
    0.325273286814));
#3374 = CARTESIAN_POINT('',(-2.616645948273,7.490047542329,
    0.325407560918));
#3375 = CARTESIAN_POINT('',(-2.622559845142,7.484930102595,
    0.325567269414));
#3376 = CARTESIAN_POINT('',(-2.62849417037,7.479838971948,0.32575193886)
  );
#3377 = CARTESIAN_POINT('',(-2.634447813975,7.474775108083,
    0.325961095815));
#3378 = CARTESIAN_POINT('',(-2.640419665973,7.469739468691,
    0.326194266837));
#3379 = CARTESIAN_POINT('',(-2.646408616381,7.464733011467,
    0.326450978485));
#3380 = CARTESIAN_POINT('',(-2.655416024635,7.457268535421,
    0.326870646731));
#3381 = CARTESIAN_POINT('',(-2.658420457759,7.454789484092,0.32701638058
    ));
#3382 = CARTESIAN_POINT('',(-2.661427173563,7.452319263168,
    0.327167898725));
#3383 = CARTESIAN_POINT('',(-2.664436491021,7.449857595706,
    0.327325141033));
#3384 = CARTESIAN_POINT('',(-2.667448729107,7.447404204757,
    0.327488047368));
#3385 = CARTESIAN_POINT('',(-2.670464206794,7.444958813377,
    0.327656557594));
#3386 = CARTESIAN_POINT('',(-2.673483243057,7.442521144619,
    0.327830611577));
#3387 = CARTESIAN_POINT('',(-2.676506156869,7.440090921538,
    0.328010149181));
#3388 = CARTESIAN_POINT('',(-2.679533267205,7.437667867187,0.32819511027
    ));
#3389 = CARTESIAN_POINT('',(-2.682564893037,7.43525170462,0.328385434709
    ));
#3390 = CARTESIAN_POINT('',(-2.685601353341,7.432842156891,
    0.328581062364));
#3391 = CARTESIAN_POINT('',(-2.691684580837,7.428035737219,
    0.328982803833));
#3392 = CARTESIAN_POINT('',(-2.694624108032,7.425720355293,
    0.329192399859));
#3393 = CARTESIAN_POINT('',(-2.698490840561,7.422710228497,
    0.329377071504));
#3394 = CARTESIAN_POINT('',(-2.698651627838,7.422528607332,
    0.329688567285));
#3395 = CARTESIAN_POINT('',(-2.70832502067,7.415120407312,0.329691377845
    ));
#3396 = CARTESIAN_POINT('',(-2.701300041049,7.420431884177,
    0.330254818119));
#3397 = CARTESIAN_POINT('',(-2.715166241675,7.409842118244,
    0.330120102092));
#3398 = CARTESIAN_POINT('',(-2.71086992975,7.413111504739,0.330613009364
    ));
#3399 = CARTESIAN_POINT('',(-2.716919568777,7.408486924247,
    0.330743927375));
#3400 = CARTESIAN_POINT('',(-2.719999311367,7.406155862387,
    0.330994591296));
#3401 = CARTESIAN_POINT('',(-2.723376199059,7.403604338557,0.33123590403
    ));
#3402 = CARTESIAN_POINT('',(-2.755300197858,7.379606645788,
    0.333558765724));
#3403 = CARTESIAN_POINT('',(-2.784107815326,7.358819320393,
    0.336010571105));
#3404 = CARTESIAN_POINT('',(-2.813139885142,7.338721051829,
    0.338796705844));
#3405 = CARTESIAN_POINT('',(-2.842341152829,7.31933366663,0.341873386293
    ));
#3406 = CARTESIAN_POINT('',(-2.871657579504,7.300671151497,
    0.345196446038));
#3407 = CARTESIAN_POINT('',(-2.901040241223,7.28273954343,0.348723210737
    ));
#3408 = CARTESIAN_POINT('',(-2.930449228314,7.265536819858,
    0.352414372961));
#3409 = CARTESIAN_POINT('',(-2.959857544727,7.249052788768,
    0.356235867027));
#3410 = CARTESIAN_POINT('',(-2.98925500737,7.233268978847,0.360160743843
    ));
#3411 = CARTESIAN_POINT('',(-3.018652145448,7.218158529602,
    0.364171045743));
#3412 = CARTESIAN_POINT('',(-3.048084099811,7.2036860815,0.368259681329)
  );
#3413 = CARTESIAN_POINT('',(-3.077614522286,7.189807666095,
    0.372432300306));
#3414 = CARTESIAN_POINT('',(-2.581649386728,7.521254990276,0.55));
#3415 = CARTESIAN_POINT('',(-2.587406200301,7.516009984041,
    0.549274653835));
#3416 = CARTESIAN_POINT('',(-2.593189311188,7.510785918462,
    0.548578717357));
#3417 = CARTESIAN_POINT('',(-2.598998230057,7.505583270133,
    0.547911699311));
#3418 = CARTESIAN_POINT('',(-2.604832470262,7.500402513344,
    0.547273111898));
#3419 = CARTESIAN_POINT('',(-2.610691547815,7.495244120106,
    0.546662470729));
#3420 = CARTESIAN_POINT('',(-2.616574981352,7.490108560165,
    0.546079294787));
#3421 = CARTESIAN_POINT('',(-2.622482292093,7.484996301016,0.54552310638
    ));
#3422 = CARTESIAN_POINT('',(-2.628413003816,7.479907807929,
    0.544993431111));
#3423 = CARTESIAN_POINT('',(-2.634366642821,7.474843543956,0.54448979783
    ));
#3424 = CARTESIAN_POINT('',(-2.640342737899,7.469803969956,0.5440117386)
  );
#3425 = CARTESIAN_POINT('',(-2.646340820299,7.464789544604,0.54355878866
    ));
#3426 = CARTESIAN_POINT('',(-2.655363139136,7.457312187139,
    0.542916839444));
#3427 = CARTESIAN_POINT('',(-2.658370728492,7.454830381887,0.54270921352
    ));
#3428 = CARTESIAN_POINT('',(-2.661383258321,7.452355254693,
    0.542507581028));
#3429 = CARTESIAN_POINT('',(-2.66440079583,7.449886751055,0.542311914405
    ));
#3430 = CARTESIAN_POINT('',(-2.667423408877,7.447424815934,0.54212218612
    ));
#3431 = CARTESIAN_POINT('',(-2.670451165975,7.444969393759,
    0.541938368675));
#3432 = CARTESIAN_POINT('',(-2.673484136295,7.442520428438,
    0.541760434608));
#3433 = CARTESIAN_POINT('',(-2.676522389663,7.440077863358,
    0.541588356502));
#3434 = CARTESIAN_POINT('',(-2.679565996562,7.437641641398,
    0.541422106983));
#3435 = CARTESIAN_POINT('',(-2.682615028138,7.435211704929,
    0.541261658726));
#3436 = CARTESIAN_POINT('',(-2.685669556196,7.432787995828,
    0.541106984461));
#3437 = CARTESIAN_POINT('',(-2.69178500638,7.427956662853,0.540809360361
    ));
#3438 = CARTESIAN_POINT('',(-2.694817606577,7.425570534682,
    0.540659950977));
#3439 = CARTESIAN_POINT('',(-2.698099617771,7.423005072267,
    0.540571522576));
#3440 = CARTESIAN_POINT('',(-2.700404701607,7.421193194408,
    0.540266532042));
#3441 = CARTESIAN_POINT('',(-2.705237043225,7.417468374429,
    0.540535730574));
#3442 = CARTESIAN_POINT('',(-2.705639024335,7.417127009787,
    0.539813444788));
#3443 = CARTESIAN_POINT('',(-2.7116003744,7.412560949032,0.540340495741)
  );
#3444 = CARTESIAN_POINT('',(-2.712726994346,7.411691853929,
    0.539793579525));
#3445 = CARTESIAN_POINT('',(-2.716619336289,7.408720948264,
    0.539864043251));
#3446 = CARTESIAN_POINT('',(-2.719721800773,7.406366864005,
    0.539765675642));
#3447 = CARTESIAN_POINT('',(-2.722908371879,7.403958226866,
    0.539689334011));
#3448 = CARTESIAN_POINT('',(-2.752789522155,7.381475441055,
    0.539033628206));
#3449 = CARTESIAN_POINT('',(-2.779830992249,7.361886339242,
    0.538822901902));
#3450 = CARTESIAN_POINT('',(-2.807182608697,7.342824416102,
    0.538961818827));
#3451 = CARTESIAN_POINT('',(-2.834793524581,7.324322010432,
    0.539421534292));
#3452 = CARTESIAN_POINT('',(-2.862610722848,7.30640583305,0.540171087965
    ));
#3453 = CARTESIAN_POINT('',(-2.890582299841,7.289096484698,
    0.541178827977));
#3454 = CARTESIAN_POINT('',(-2.91866049735,7.272408040959,0.542413759753
    ));
#3455 = CARTESIAN_POINT('',(-2.946804504156,7.256347685684,
    0.543846824917));
#3456 = CARTESIAN_POINT('',(-2.974983050045,7.24091537594,0.54545211744)
  );
#3457 = CARTESIAN_POINT('',(-3.003176815118,7.226103523666,
    0.547208045124));
#3458 = CARTESIAN_POINT('',(-3.031380674845,7.211896682108,
    0.549098444518));
#3459 = CARTESIAN_POINT('',(-3.059605796572,7.198271228598,
    0.551113656229));
#3460 = CARTESIAN_POINT('',(-2.430043723705,7.355,0.55));
#3461 = CARTESIAN_POINT('',(-2.436967394116,7.34967418773,0.55));
#3462 = CARTESIAN_POINT('',(-2.443907133945,7.344384722921,
    0.550025242134));
#3463 = CARTESIAN_POINT('',(-2.450863560249,7.339131001286,
    0.550075244458));
#3464 = CARTESIAN_POINT('',(-2.457837290081,7.333912418541,0.55014952503
    ));
#3465 = CARTESIAN_POINT('',(-2.464828940497,7.328728370402,
    0.550247601906));
#3466 = CARTESIAN_POINT('',(-2.471839128552,7.323578252583,
    0.550368993144));
#3467 = CARTESIAN_POINT('',(-2.478868471299,7.318461460799,
    0.550513216801));
#3468 = CARTESIAN_POINT('',(-2.485917585795,7.313377390765,
    0.550679790933));
#3469 = CARTESIAN_POINT('',(-2.492987089093,7.308325438198,
    0.550868233597));
#3470 = CARTESIAN_POINT('',(-2.500077598249,7.303304998811,
    0.551078062851));
#3471 = CARTESIAN_POINT('',(-2.507189730317,7.298315468319,
    0.551308796751));
#3472 = CARTESIAN_POINT('',(-2.51789128837,7.290876629499,0.551685531656
    ));
#3473 = CARTESIAN_POINT('',(-2.521465026899,7.288404090361,
    0.551816284478));
#3474 = CARTESIAN_POINT('',(-2.525045113896,7.285938748927,
    0.551952150728));
#3475 = CARTESIAN_POINT('',(-2.528631345317,7.283480729099,
    0.552093069313));
#3476 = CARTESIAN_POINT('',(-2.532223517122,7.281030154781,
    0.552238979142));
#3477 = CARTESIAN_POINT('',(-2.535821425265,7.278587149872,
    0.552389819123));
#3478 = CARTESIAN_POINT('',(-2.539424865705,7.276151838277,
    0.552545528162));
#3479 = CARTESIAN_POINT('',(-2.543033634397,7.273724343897,
    0.552706045167));
#3480 = CARTESIAN_POINT('',(-2.5466475273,7.271304790634,0.552871309048)
  );
#3481 = CARTESIAN_POINT('',(-2.550266340369,7.268893302391,0.55304125871
    ));
#3482 = CARTESIAN_POINT('',(-2.553889869563,7.266490003069,
    0.553215833062));
#3483 = CARTESIAN_POINT('',(-2.561145952113,7.261700030073,
    0.553574108961));
#3484 = CARTESIAN_POINT('',(-2.564837529422,7.259281793213,
    0.553760758392));
#3485 = CARTESIAN_POINT('',(-2.568026027099,7.257143338138,
    0.553926637308));
#3486 = CARTESIAN_POINT('',(-2.573261915055,7.253920822059,0.55419861747
    ));
#3487 = CARTESIAN_POINT('',(-2.573267818403,7.253505010348,
    0.554215060833));
#3488 = CARTESIAN_POINT('',(-2.582475412981,7.248181754224,
    0.554691465417));
#3489 = CARTESIAN_POINT('',(-2.580184712627,7.249012097917,
    0.554604371286));
#3490 = CARTESIAN_POINT('',(-2.58790661364,7.244506661256,0.555012654336
    ));
#3491 = CARTESIAN_POINT('',(-2.589932478005,7.243049103262,0.55514831522
    ));
#3492 = CARTESIAN_POINT('',(-2.59360512458,7.240725779248,0.555365309402
    ));
#3493 = CARTESIAN_POINT('',(-2.597119331344,7.238495757096,
    0.555579240078));
#3494 = CARTESIAN_POINT('',(-2.630157786396,7.217624965152,
    0.557622053094));
#3495 = CARTESIAN_POINT('',(-2.659989743634,7.199519482661,
    0.559712120023));
#3496 = CARTESIAN_POINT('',(-2.690030551903,7.182012916468,0.56202871331
    ));
#3497 = CARTESIAN_POINT('',(-2.720195395045,7.165140139004,
    0.564536450935));
#3498 = CARTESIAN_POINT('',(-2.750408138873,7.148923249742,
    0.567201739077));
#3499 = CARTESIAN_POINT('',(-2.780598311105,7.133376025564,
    0.569992071224));
#3500 = CARTESIAN_POINT('',(-2.810698081299,7.118508371142,
    0.572875327284));
#3501 = CARTESIAN_POINT('',(-2.840639240791,7.10433076929,0.57581907269)
  );
#3502 = CARTESIAN_POINT('',(-2.870350182625,7.090858731351,
    0.578789857513));
#3503 = CARTESIAN_POINT('',(-2.899752881496,7.078117247555,
    0.581752515566));
#3504 = CARTESIAN_POINT('',(-2.928759873679,7.066145237397,
    0.584669463518));
#3505 = CARTESIAN_POINT('',(-2.957271236968,7.055,0.5875));
#3506 = DEFINITIONAL_REPRESENTATION('',(#3507),#3511);
#3507 = LINE('',#3508,#3509);
#3508 = CARTESIAN_POINT('',(0.582589942268,0.));
#3509 = VECTOR('',#3510,1.);
#3510 = DIRECTION('',(0.,1.));
#3511 = ( GEOMETRIC_REPRESENTATION_CONTEXT(2) 
PARAMETRIC_REPRESENTATION_CONTEXT() REPRESENTATION_CONTEXT('2D SPACE',''
  ) );
#3512 = ORIENTED_EDGE('',*,*,#1469,.T.);
#3513 = ORIENTED_EDGE('',*,*,#3514,.T.);
#3514 = EDGE_CURVE('',#1472,#3234,#3515,.T.);
#3515 = SURFACE_CURVE('',#3516,(#3558,#3654),.PCURVE_S1.);
#3516 = ( BOUNDED_CURVE() B_SPLINE_CURVE(14,(#3517,#3518,#3519,#3520,
    #3521,#3522,#3523,#3524,#3525,#3526,#3527,#3528,#3529,#3530,#3531,
    #3532,#3533,#3534,#3535,#3536,#3537,#3538,#3539,#3540,#3541,#3542,
    #3543,#3544,#3545,#3546,#3547,#3548,#3549,#3550,#3551,#3552,#3553,
    #3554,#3555,#3556,#3557),.UNSPECIFIED.,.F.,.F.) 
B_SPLINE_CURVE_WITH_KNOTS((15,13,13,15),(1.106749330078,1.399971755313,
1.514307987154,1.689373810616),.UNSPECIFIED.) CURVE() 
GEOMETRIC_REPRESENTATION_ITEM() RATIONAL_B_SPLINE_CURVE((1.,1.,
    1.000000000002,0.999999999995,1.000000000009,0.999999999986,
    1.000000000018,0.999999999982,1.000000000015,0.99999999999,
    1.000000000005,0.999999999998,1.000000000001,1.,1.,1.000000000001,
    0.999999999998,1.000000000005,0.999999999991,1.000000000013,
    0.999999999986,1.000000000013,0.99999999999,1.000000000006,
    0.999999999998,1.000000000001,1.,1.,1.000000000001,0.999999999996,
    1.00000000001,0.999999999983,1.000000000024,0.999999999973,
    1.000000000025,0.999999999981,1.000000000012,0.999999999994,
1.000000000002,1.,1.)) REPRESENTATION_ITEM('') );
#3517 = CARTESIAN_POINT('',(2.957723422073,7.055,0.5875));
#3518 = CARTESIAN_POINT('',(2.939555018582,7.062098466286,0.585697214911
    ));
#3519 = CARTESIAN_POINT('',(2.921183269097,7.069531219344,0.583858696625
    ));
#3520 = CARTESIAN_POINT('',(2.90263726907,7.077280756457,0.581995695541)
  );
#3521 = CARTESIAN_POINT('',(2.883942369416,7.08533382697,0.580118465686)
  );
#3522 = CARTESIAN_POINT('',(2.865120809232,7.093680740016,0.578236431968
    ));
#3523 = CARTESIAN_POINT('',(2.84619234849,7.102314672293,0.576358357439)
  );
#3524 = CARTESIAN_POINT('',(2.82717490076,7.111230975766,0.574492510554)
  );
#3525 = CARTESIAN_POINT('',(2.808085165902,7.120426485465,0.572646832434
    ));
#3526 = CARTESIAN_POINT('',(2.788939262779,7.129898827178,0.570829104117
    ));
#3527 = CARTESIAN_POINT('',(2.769753361969,7.139645725241,0.569047113831
    ));
#3528 = CARTESIAN_POINT('',(2.750544318462,7.14966431025,0.567308824239)
  );
#3529 = CARTESIAN_POINT('',(2.731330304375,7.15995042683,0.565622539712)
  );
#3530 = CARTESIAN_POINT('',(2.712131441654,7.170497941367,0.56399707358)
  );
#3531 = CARTESIAN_POINT('',(2.685498982619,7.185509336452,0.561835512503
    ));
#3532 = CARTESIAN_POINT('',(2.677940817722,7.189808721947,0.561235195517
    ));
#3533 = CARTESIAN_POINT('',(2.671286796314,7.193664990735,0.560689823046
    ));
#3534 = CARTESIAN_POINT('',(2.660281664777,7.199897498808,0.559943001977
    ));
#3535 = CARTESIAN_POINT('',(2.663061136862,7.198776698198,0.55988194052)
  );
#3536 = CARTESIAN_POINT('',(2.634520309037,7.214504128494,0.558300589577
    ));
#3537 = CARTESIAN_POINT('',(2.659816553106,7.201384059753,0.559367400875
    ));
#3538 = CARTESIAN_POINT('',(2.613467602843,7.226754693522,0.556937914936
    ));
#3539 = CARTESIAN_POINT('',(2.641966749558,7.21200560228,0.558189485497)
  );
#3540 = CARTESIAN_POINT('',(2.608994561688,7.230273745863,0.55644277308)
  );
#3541 = CARTESIAN_POINT('',(2.615569722752,7.227386118478,0.556647173253
    ));
#3542 = CARTESIAN_POINT('',(2.602556892122,7.235030583933,0.555908296036
    ));
#3543 = CARTESIAN_POINT('',(2.596880885218,7.238793343443,0.555543019611
    ));
#3544 = CARTESIAN_POINT('',(2.577629771353,7.251038642722,0.554419348506
    ));
#3545 = CARTESIAN_POINT('',(2.566015999862,7.258534514696,0.553780829332
    ));
#3546 = CARTESIAN_POINT('',(2.554438520945,7.266116554309,0.553185314524
    ));
#3547 = CARTESIAN_POINT('',(2.542901283806,7.273782950775,0.552634608879
    ));
#3548 = CARTESIAN_POINT('',(2.531407555277,7.281532329432,0.55213053243)
  );
#3549 = CARTESIAN_POINT('',(2.519959919849,7.28936375175,0.551674920424)
  );
#3550 = CARTESIAN_POINT('',(2.508560279621,7.297276715321,0.55126962335)
  );
#3551 = CARTESIAN_POINT('',(2.49720985437,7.305271153867,0.550916506909)
  );
#3552 = CARTESIAN_POINT('',(2.485909181469,7.313347437236,0.550617452046
    ));
#3553 = CARTESIAN_POINT('',(2.47465811597,7.321506371402,0.550374354917)
  );
#3554 = CARTESIAN_POINT('',(2.46345583053,7.329749198469,0.550189126918)
  );
#3555 = CARTESIAN_POINT('',(2.452300815471,7.338077596666,0.550063694663
    ));
#3556 = CARTESIAN_POINT('',(2.441190878735,7.346493680348,0.55));
#3557 = CARTESIAN_POINT('',(2.430123145914,7.355,0.55));
#3558 = PCURVE('',#1487,#3559);
#3559 = DEFINITIONAL_REPRESENTATION('',(#3560),#3653);
#3560 = B_SPLINE_CURVE_WITH_KNOTS('',11,(#3561,#3562,#3563,#3564,#3565,
    #3566,#3567,#3568,#3569,#3570,#3571,#3572,#3573,#3574,#3575,#3576,
    #3577,#3578,#3579,#3580,#3581,#3582,#3583,#3584,#3585,#3586,#3587,
    #3588,#3589,#3590,#3591,#3592,#3593,#3594,#3595,#3596,#3597,#3598,
    #3599,#3600,#3601,#3602,#3603,#3604,#3605,#3606,#3607,#3608,#3609,
    #3610,#3611,#3612,#3613,#3614,#3615,#3616,#3617,#3618,#3619,#3620,
    #3621,#3622,#3623,#3624,#3625,#3626,#3627,#3628,#3629,#3630,#3631,
    #3632,#3633,#3634,#3635,#3636,#3637,#3638,#3639,#3640,#3641,#3642,
    #3643,#3644,#3645,#3646,#3647,#3648,#3649,#3650,#3651,#3652),
  .UNSPECIFIED.,.F.,.F.,(12,10,10,10,10,10,10,10,10,12),(1.106749330078,
    1.398061570347,1.434475600381,1.470889630414,1.507303660448,
    1.511855414202,1.516407167956,1.525510675465,1.543717690481,
    1.689373810616),.UNSPECIFIED.);
#3561 = CARTESIAN_POINT('',(-9.967673008333E-18,-14.08272342207));
#3562 = CARTESIAN_POINT('',(-7.598355425703E-03,-14.05975063599));
#3563 = CARTESIAN_POINT('',(-1.564264399361E-02,-14.0364457753));
#3564 = CARTESIAN_POINT('',(-2.409842704162E-02,-14.01287177826));
#3565 = CARTESIAN_POINT('',(-3.294210628555E-02,-13.98908051901));
#3566 = CARTESIAN_POINT('',(-4.215849820995E-02,-13.96511546052));
#3567 = CARTESIAN_POINT('',(-5.173840846055E-02,-13.94101430841));
#3568 = CARTESIAN_POINT('',(-6.167620623417E-02,-13.91681166351));
#3569 = CARTESIAN_POINT('',(-7.196739867184E-02,-13.89254167597));
#3570 = CARTESIAN_POINT('',(-8.260620524861E-02,-13.86824069775));
#3571 = CARTESIAN_POINT('',(-9.358313216616E-02,-13.84394993651));
#3572 = CARTESIAN_POINT('',(-0.106294973566,-13.81668913005));
#3573 = CARTESIAN_POINT('',(-0.107709813985,-13.81366699594));
#3574 = CARTESIAN_POINT('',(-0.109158098668,-13.8105816343));
#3575 = CARTESIAN_POINT('',(-0.110512879539,-13.80772022544));
#3576 = CARTESIAN_POINT('',(-0.112046153607,-13.8044674097));
#3577 = CARTESIAN_POINT('',(-0.113399339798,-13.80163457055));
#3578 = CARTESIAN_POINT('',(-0.114894400583,-13.79849320293));
#3579 = CARTESIAN_POINT('',(-0.116316423431,-13.79552967945));
#3580 = CARTESIAN_POINT('',(-0.117775597478,-13.79249466085));
#3581 = CARTESIAN_POINT('',(-0.119232304833,-13.78947783888));
#3582 = CARTESIAN_POINT('',(-0.122157639306,-13.78344250303));
#3583 = CARTESIAN_POINT('',(-0.123625577944,-13.78042554734));
#3584 = CARTESIAN_POINT('',(-0.12509730427,-13.77741269058));
#3585 = CARTESIAN_POINT('',(-0.126573089309,-13.77440335103));
#3586 = CARTESIAN_POINT('',(-0.128053797115,-13.77139560341));
#3587 = CARTESIAN_POINT('',(-0.129540096617,-13.76838796011));
#3588 = CARTESIAN_POINT('',(-0.131032047027,-13.76538030894));
#3589 = CARTESIAN_POINT('',(-0.132529056801,-13.7623740072));
#3590 = CARTESIAN_POINT('',(-0.134030216165,-13.75937113223));
#3591 = CARTESIAN_POINT('',(-0.135535003194,-13.75637288833));
#3592 = CARTESIAN_POINT('',(-0.138553723708,-13.75038145195));
#3593 = CARTESIAN_POINT('',(-0.140068389222,-13.74738659662));
#3594 = CARTESIAN_POINT('',(-0.141584884197,-13.74440051964));
#3595 = CARTESIAN_POINT('',(-0.1431108506,-13.74140590909));
#3596 = CARTESIAN_POINT('',(-0.144643867276,-13.73840828911));
#3597 = CARTESIAN_POINT('',(-0.146176874722,-13.7354236364));
#3598 = CARTESIAN_POINT('',(-0.147708273467,-13.73245546444));
#3599 = CARTESIAN_POINT('',(-0.149244427203,-13.72948925035));
#3600 = CARTESIAN_POINT('',(-0.150791964928,-13.72651004344));
#3601 = CARTESIAN_POINT('',(-0.152346939543,-13.72352705473));
#3602 = CARTESIAN_POINT('',(-0.154091391519,-13.72019698212));
#3603 = CARTESIAN_POINT('',(-0.154285203915,-13.71982721349));
#3604 = CARTESIAN_POINT('',(-0.154478966032,-13.71945776297));
#3605 = CARTESIAN_POINT('',(-0.154672667169,-13.71908865473));
#3606 = CARTESIAN_POINT('',(-0.154866320609,-13.71871985858));
#3607 = CARTESIAN_POINT('',(-0.155059963615,-13.71835128974));
#3608 = CARTESIAN_POINT('',(-0.15525365743,-13.71798280917));
#3609 = CARTESIAN_POINT('',(-0.155447487279,-13.71761422317));
#3610 = CARTESIAN_POINT('',(-0.155641562366,-13.71724528377));
#3611 = CARTESIAN_POINT('',(-0.155836015878,-13.71687568844));
#3612 = CARTESIAN_POINT('',(-0.156225994084,-13.71613447203));
#3613 = CARTESIAN_POINT('',(-0.15642275928,-13.71576003112));
#3614 = CARTESIAN_POINT('',(-0.156611070679,-13.71540501379));
#3615 = CARTESIAN_POINT('',(-0.156833207427,-13.71497330497));
#3616 = CARTESIAN_POINT('',(-0.156987364981,-13.71469635315));
#3617 = CARTESIAN_POINT('',(-0.157234099759,-13.71420912239));
#3618 = CARTESIAN_POINT('',(-0.157414987868,-13.7138718409));
#3619 = CARTESIAN_POINT('',(-0.157621627082,-13.7134761936));
#3620 = CARTESIAN_POINT('',(-0.157823899884,-13.71309070105));
#3621 = CARTESIAN_POINT('',(-0.158025966709,-13.71270588339));
#3622 = CARTESIAN_POINT('',(-0.15863294686,-13.71155029403));
#3623 = CARTESIAN_POINT('',(-0.159037908608,-13.71078004585));
#3624 = CARTESIAN_POINT('',(-0.159443178193,-13.71000994375));
#3625 = CARTESIAN_POINT('',(-0.159848755139,-13.70923998902));
#3626 = CARTESIAN_POINT('',(-0.160254638971,-13.70847018312));
#3627 = CARTESIAN_POINT('',(-0.160660829209,-13.70770052725));
#3628 = CARTESIAN_POINT('',(-0.16106732538,-13.70693102292));
#3629 = CARTESIAN_POINT('',(-0.161474127006,-13.70616167132));
#3630 = CARTESIAN_POINT('',(-0.16188123361,-13.70539247391));
#3631 = CARTESIAN_POINT('',(-0.162288644716,-13.70462343198));
#3632 = CARTESIAN_POINT('',(-0.163511790111,-13.70231677673));
#3633 = CARTESIAN_POINT('',(-0.164328435868,-13.700779635));
#3634 = CARTESIAN_POINT('',(-0.165146294122,-13.69924313108));
#3635 = CARTESIAN_POINT('',(-0.165965361872,-13.69770727418));
#3636 = CARTESIAN_POINT('',(-0.166785636121,-13.6961720738));
#3637 = CARTESIAN_POINT('',(-0.167607113868,-13.69463753903));
#3638 = CARTESIAN_POINT('',(-0.168429792118,-13.69310367944));
#3639 = CARTESIAN_POINT('',(-0.169253667869,-13.69157050415));
#3640 = CARTESIAN_POINT('',(-0.170078738123,-13.6900380226));
#3641 = CARTESIAN_POINT('',(-0.170904999883,-13.68850624407));
#3642 = CARTESIAN_POINT('',(-0.178352052269,-13.67472664843));
#3643 = CARTESIAN_POINT('',(-0.185047773317,-13.66252361225));
#3644 = CARTESIAN_POINT('',(-0.191818350961,-13.65037035566));
#3645 = CARTESIAN_POINT('',(-0.19866307941,-13.63827017218));
#3646 = CARTESIAN_POINT('',(-0.20558180942,-13.62622536294));
#3647 = CARTESIAN_POINT('',(-0.21257494829,-13.61423723608));
#3648 = CARTESIAN_POINT('',(-0.219643459864,-13.60230610749));
#3649 = CARTESIAN_POINT('',(-0.226788864527,-13.59043130004));
#3650 = CARTESIAN_POINT('',(-0.234013239213,-13.57861114426));
#3651 = CARTESIAN_POINT('',(-0.241319217395,-13.56684297783));
#3652 = CARTESIAN_POINT('',(-0.248709989094,-13.55512314591));
#3653 = ( GEOMETRIC_REPRESENTATION_CONTEXT(2) 
PARAMETRIC_REPRESENTATION_CONTEXT() REPRESENTATION_CONTEXT('2D SPACE',''
  ) );
#3654 = PCURVE('',#3655,#3779);
#3655 = ( BOUNDED_SURFACE() B_SPLINE_SURFACE(2,14,(
    (#3656,#3657,#3658,#3659,#3660,#3661,#3662,#3663,#3664,#3665,#3666
      ,#3667,#3668,#3669,#3670,#3671,#3672,#3673,#3674,#3675,#3676,#3677
      ,#3678,#3679,#3680,#3681,#3682,#3683,#3684,#3685,#3686,#3687,#3688
      ,#3689,#3690,#3691,#3692,#3693,#3694,#3695,#3696)
    ,(#3697,#3698,#3699,#3700,#3701,#3702,#3703,#3704,#3705,#3706,#3707
      ,#3708,#3709,#3710,#3711,#3712,#3713,#3714,#3715,#3716,#3717,#3718
      ,#3719,#3720,#3721,#3722,#3723,#3724,#3725,#3726,#3727,#3728,#3729
      ,#3730,#3731,#3732,#3733,#3734,#3735,#3736,#3737)
    ,(#3738,#3739,#3740,#3741,#3742,#3743,#3744,#3745,#3746,#3747,#3748
      ,#3749,#3750,#3751,#3752,#3753,#3754,#3755,#3756,#3757,#3758,#3759
      ,#3760,#3761,#3762,#3763,#3764,#3765,#3766,#3767,#3768,#3769,#3770
      ,#3771,#3772,#3773,#3774,#3775,#3776,#3777,#3778
)),.UNSPECIFIED.,.F.,.F.,.F.) B_SPLINE_SURFACE_WITH_KNOTS((3,3),(15,13,
    13,15),(0.,0.582624480538),(1.106749330078,1.399971755313,
    1.514307987154,1.689373810616),.UNSPECIFIED.) 
GEOMETRIC_REPRESENTATION_ITEM() RATIONAL_B_SPLINE_SURFACE((
    (1.,1.,1.000000000002,0.999999999995,1.000000000009,0.999999999986
      ,1.000000000018,0.999999999982,1.000000000015,0.99999999999
      ,1.000000000005,0.999999999998,1.000000000001,1.,1.,1.000000000001
      ,0.999999999998,1.000000000005,0.999999999991,1.000000000013
      ,0.999999999986,1.000000000013,0.99999999999,1.000000000006
      ,0.999999999998,1.000000000001,1.,1.,1.000000000001,0.999999999996
      ,1.00000000001,0.999999999983,1.000000000024,0.999999999973
      ,1.000000000025,0.999999999981,1.000000000012,0.999999999994
      ,1.000000000002,1.,1.)
    ,(0.781239027101,0.779087828757,0.776896129621,0.77466129025
      ,0.772381584743,0.770056132157,0.767684828143,0.765268276214
      ,0.762807719542,0.7603049721,0.757762350501,0.7551826052
      ,0.752568852197,0.749924504403,0.746211582607,0.745140722279
      ,0.744311344006,0.742287619321,0.744022114886,0.737202374754
      ,0.74506445411,0.733380832382,0.742104236222,0.734046359117
      ,0.736792017985,0.734162738507,0.733542958712,0.730614387052
      ,0.728833558345,0.727044869465,0.725249583255,0.723448815805
      ,0.721643536522,0.719834568017,0.718022586269,0.716208120419
      ,0.714391552987,0.71257311968,0.710752909538,0.708930864839
      ,0.707106781149)
    ,(1.,1.,1.000000000002,0.999999999995,1.000000000009,0.999999999986
      ,1.000000000018,0.999999999982,1.000000000015,0.99999999999
      ,1.000000000005,0.999999999998,1.000000000001,1.,1.,1.000000000001
      ,0.999999999998,1.000000000005,0.999999999991,1.000000000013
      ,0.999999999986,1.000000000013,0.99999999999,1.000000000006
      ,0.999999999998,1.000000000001,1.,1.,1.000000000001,0.999999999996
      ,1.00000000001,0.999999999983,1.000000000024,0.999999999973
      ,1.000000000025,0.999999999981,1.000000000012,0.999999999994
,1.000000000002,1.,1.))) REPRESENTATION_ITEM('') SURFACE() );
#3656 = CARTESIAN_POINT('',(3.07800247483,7.189848316121,0.372427543441)
  );
#3657 = CARTESIAN_POINT('',(3.059187149575,7.198685877629,0.369771006096
    ));
#3658 = CARTESIAN_POINT('',(3.040409257869,7.207762538367,0.367148292203
    ));
#3659 = CARTESIAN_POINT('',(3.021653601838,7.217088534176,0.364557608676
    ));
#3660 = CARTESIAN_POINT('',(3.002909220968,7.226673006307,0.36199929156)
  );
#3661 = CARTESIAN_POINT('',(2.984169036073,7.236523979433,0.359475593339
    ));
#3662 = CARTESIAN_POINT('',(2.96542949324,7.246648339675,0.35699047024)
  );
#3663 = CARTESIAN_POINT('',(2.9466902078,7.257051812616,0.354549369544)
  );
#3664 = CARTESIAN_POINT('',(2.927953608279,7.267738941326,0.352159016888
    ));
#3665 = CARTESIAN_POINT('',(2.909224580354,7.278713064379,0.349827203578
    ));
#3666 = CARTESIAN_POINT('',(2.890510110824,7.289976293872,0.347562573887
    ));
#3667 = CARTESIAN_POINT('',(2.871818931547,7.301529493448,0.345374412374
    ));
#3668 = CARTESIAN_POINT('',(2.853161163422,7.313372256313,0.343272431178
    ));
#3669 = CARTESIAN_POINT('',(2.834547960326,7.325502883257,0.341266557334
    ));
#3670 = CARTESIAN_POINT('',(2.808755296509,7.342759528272,0.338625916458
    ));
#3671 = CARTESIAN_POINT('',(2.8016897497,7.347520519274,0.337895465881)
  );
#3672 = CARTESIAN_POINT('',(2.79305523594,7.353529874356,0.337238441857)
  );
#3673 = CARTESIAN_POINT('',(2.792080858036,7.353740307844,0.336323720585
    ));
#3674 = CARTESIAN_POINT('',(2.766977411053,7.372427709072,0.336296584294
    ));
#3675 = CARTESIAN_POINT('',(2.796697903511,7.349300155827,0.334310260528
    ));
#3676 = CARTESIAN_POINT('',(2.732397566075,7.398023877075,0.335741568673
    ));
#3677 = CARTESIAN_POINT('',(2.793193635486,7.35126880219,0.332669039271)
  );
#3678 = CARTESIAN_POINT('',(2.723300467898,7.404365813957,0.334339599783
    ));
#3679 = CARTESIAN_POINT('',(2.761122213463,7.375264158875,0.332154571372
    ));
#3680 = CARTESIAN_POINT('',(2.729277264843,7.399407110823,0.332480275911
    ));
#3681 = CARTESIAN_POINT('',(2.732360337625,7.396939846485,0.331597150085
    ));
#3682 = CARTESIAN_POINT('',(2.722309054524,7.404549598433,0.331195368582
    ));
#3683 = CARTESIAN_POINT('',(2.705841296001,7.417099585346,0.329930796521
    ));
#3684 = CARTESIAN_POINT('',(2.695948929912,7.424744050314,0.329213451659
    ));
#3685 = CARTESIAN_POINT('',(2.686120968602,7.432444949547,0.328545593164
    ));
#3686 = CARTESIAN_POINT('',(2.67635327194,7.440205394228,0.327929086037)
  );
#3687 = CARTESIAN_POINT('',(2.66664250694,7.448027867591,0.327365797178)
  );
#3688 = CARTESIAN_POINT('',(2.65698614776,7.455914224921,0.326857595396)
  );
#3689 = CARTESIAN_POINT('',(2.647382475709,7.463865693562,0.32640635139)
  );
#3690 = CARTESIAN_POINT('',(2.637830579238,7.4718828729,0.326013937775)
  );
#3691 = CARTESIAN_POINT('',(2.628330353944,7.479965734385,0.325682229057
    ));
#3692 = CARTESIAN_POINT('',(2.618882502574,7.488113621507,0.325413101653
    ));
#3693 = CARTESIAN_POINT('',(2.609488535017,7.496325249821,0.325208433874
    ));
#3694 = CARTESIAN_POINT('',(2.600150768312,7.504598706922,0.325070105939
    ));
#3695 = CARTESIAN_POINT('',(2.590872326641,7.512931452466,0.324999999966
    ));
#3696 = CARTESIAN_POINT('',(2.581657141333,7.521320318159,0.324999999976
    ));
#3697 = CARTESIAN_POINT('',(3.060003240884,7.198302559401,0.5511056992)
  );
#3698 = CARTESIAN_POINT('',(3.042046818025,7.206965550867,0.549824795039
    ));
#3699 = CARTESIAN_POINT('',(3.024095914163,7.215862348868,0.548593685304
    ));
#3700 = CARTESIAN_POINT('',(3.006149398464,7.224997608435,0.547414633575
    ));
#3701 = CARTESIAN_POINT('',(2.988207986834,7.234375221858,0.546290947947
    ));
#3702 = CARTESIAN_POINT('',(2.97027415834,7.243998267785,0.545226871629)
  );
#3703 = CARTESIAN_POINT('',(2.952352061977,7.253868959778,0.544227471017
    ));
#3704 = CARTESIAN_POINT('',(2.934447413622,7.263988594595,0.543298521019
    ));
#3705 = CARTESIAN_POINT('',(2.916567382478,7.274357500487,0.542446387439
    ));
#3706 = CARTESIAN_POINT('',(2.898720466766,7.284974985923,0.541677906068
    ));
#3707 = CARTESIAN_POINT('',(2.880916357697,7.295839289174,0.541000258268
    ));
#3708 = CARTESIAN_POINT('',(2.863165791355,7.306947529344,0.540420842708
    ));
#3709 = CARTESIAN_POINT('',(2.845480387535,7.318295659395,0.539947143054
    ));
#3710 = CARTESIAN_POINT('',(2.827872474992,7.329878421878,0.539586591355
    ));
#3711 = CARTESIAN_POINT('',(2.803490287409,7.346317642554,0.539252313742
    ));
#3712 = CARTESIAN_POINT('',(2.796683199826,7.350947735137,0.539186230188
    ));
#3713 = CARTESIAN_POINT('',(2.789460777492,7.35593987115,0.539046041712)
  );
#3714 = CARTESIAN_POINT('',(2.784327670398,7.359386243408,0.539377537929
    ));
#3715 = CARTESIAN_POINT('',(2.772703579198,7.367826023294,0.538301288043
    ));
#3716 = CARTESIAN_POINT('',(2.775834719648,7.365061414013,0.540500097462
    ));
#3717 = CARTESIAN_POINT('',(2.753841960006,7.381507518582,0.537132297799
    ));
#3718 = CARTESIAN_POINT('',(2.765152449554,7.372587165458,0.54122664635)
  );
#3719 = CARTESIAN_POINT('',(2.741765536113,7.390199225352,0.537548065912
    ));
#3720 = CARTESIAN_POINT('',(2.746932011271,7.386057181815,0.540306694601
    ));
#3721 = CARTESIAN_POINT('',(2.733641644638,7.396055052216,0.538946780931
    ));
#3722 = CARTESIAN_POINT('',(2.729693033084,7.398967835379,0.539681649236
    ));
#3723 = CARTESIAN_POINT('',(2.72224687181,7.404596773432,0.539662489037)
  );
#3724 = CARTESIAN_POINT('',(2.705812757629,7.417121663415,0.540202571255
    ));
#3725 = CARTESIAN_POINT('',(2.695915481094,7.424770478301,0.540585678485
    ));
#3726 = CARTESIAN_POINT('',(2.686076712247,7.432480452261,0.541025703645
    ));
#3727 = CARTESIAN_POINT('',(2.676295491056,7.440252215466,0.5415237613)
  );
#3728 = CARTESIAN_POINT('',(2.666571177343,7.448086129998,0.542081046395
    ));
#3729 = CARTESIAN_POINT('',(2.656903443865,7.45598229351,0.54269883495)
  );
#3730 = CARTESIAN_POINT('',(2.647292269552,7.46394054304,0.543378484928)
  );
#3731 = CARTESIAN_POINT('',(2.637737932792,7.471960459124,0.544121437275
    ));
#3732 = CARTESIAN_POINT('',(2.628241004886,7.480041370064,0.54492921714)
  );
#3733 = CARTESIAN_POINT('',(2.61880234351,7.488182356523,0.545803435292)
  );
#3734 = CARTESIAN_POINT('',(2.609423086329,7.496382256307,0.546745789741
    ));
#3735 = CARTESIAN_POINT('',(2.600104644653,7.504639669452,0.547758067585
    ));
#3736 = CARTESIAN_POINT('',(2.590848697214,7.512952963543,0.548842147086
    ));
#3737 = CARTESIAN_POINT('',(2.581657184025,7.521320279295,0.55));
#3738 = CARTESIAN_POINT('',(2.957723422073,7.055,0.5875));
#3739 = CARTESIAN_POINT('',(2.939555018582,7.062098466286,0.585697214911
    ));
#3740 = CARTESIAN_POINT('',(2.921183269097,7.069531219344,0.583858696625
    ));
#3741 = CARTESIAN_POINT('',(2.90263726907,7.077280756457,0.581995695541)
  );
#3742 = CARTESIAN_POINT('',(2.883942369416,7.08533382697,0.580118465686)
  );
#3743 = CARTESIAN_POINT('',(2.865120809232,7.093680740016,0.578236431968
    ));
#3744 = CARTESIAN_POINT('',(2.84619234849,7.102314672293,0.576358357439)
  );
#3745 = CARTESIAN_POINT('',(2.82717490076,7.111230975766,0.574492510554)
  );
#3746 = CARTESIAN_POINT('',(2.808085165902,7.120426485465,0.572646832434
    ));
#3747 = CARTESIAN_POINT('',(2.788939262779,7.129898827178,0.570829104117
    ));
#3748 = CARTESIAN_POINT('',(2.769753361969,7.139645725241,0.569047113831
    ));
#3749 = CARTESIAN_POINT('',(2.750544318462,7.14966431025,0.567308824239)
  );
#3750 = CARTESIAN_POINT('',(2.731330304375,7.15995042683,0.565622539712)
  );
#3751 = CARTESIAN_POINT('',(2.712131441654,7.170497941367,0.56399707358)
  );
#3752 = CARTESIAN_POINT('',(2.685498982619,7.185509336452,0.561835512503
    ));
#3753 = CARTESIAN_POINT('',(2.677940817722,7.189808721947,0.561235195517
    ));
#3754 = CARTESIAN_POINT('',(2.671286796314,7.193664990735,0.560689823046
    ));
#3755 = CARTESIAN_POINT('',(2.660281664777,7.199897498808,0.559943001977
    ));
#3756 = CARTESIAN_POINT('',(2.663061136862,7.198776698198,0.55988194052)
  );
#3757 = CARTESIAN_POINT('',(2.634520309037,7.214504128494,0.558300589577
    ));
#3758 = CARTESIAN_POINT('',(2.659816553106,7.201384059753,0.559367400875
    ));
#3759 = CARTESIAN_POINT('',(2.613467602843,7.226754693522,0.556937914936
    ));
#3760 = CARTESIAN_POINT('',(2.641966749558,7.21200560228,0.558189485497)
  );
#3761 = CARTESIAN_POINT('',(2.608994561688,7.230273745863,0.55644277308)
  );
#3762 = CARTESIAN_POINT('',(2.615569722752,7.227386118478,0.556647173253
    ));
#3763 = CARTESIAN_POINT('',(2.602556892122,7.235030583933,0.555908296036
    ));
#3764 = CARTESIAN_POINT('',(2.596880885218,7.238793343443,0.555543019611
    ));
#3765 = CARTESIAN_POINT('',(2.577629771353,7.251038642722,0.554419348506
    ));
#3766 = CARTESIAN_POINT('',(2.566015999862,7.258534514696,0.553780829332
    ));
#3767 = CARTESIAN_POINT('',(2.554438520945,7.266116554309,0.553185314524
    ));
#3768 = CARTESIAN_POINT('',(2.542901283806,7.273782950775,0.552634608879
    ));
#3769 = CARTESIAN_POINT('',(2.531407555277,7.281532329432,0.55213053243)
  );
#3770 = CARTESIAN_POINT('',(2.519959919849,7.28936375175,0.551674920424)
  );
#3771 = CARTESIAN_POINT('',(2.508560279621,7.297276715321,0.55126962335)
  );
#3772 = CARTESIAN_POINT('',(2.49720985437,7.305271153867,0.550916506909)
  );
#3773 = CARTESIAN_POINT('',(2.485909181469,7.313347437236,0.550617452046
    ));
#3774 = CARTESIAN_POINT('',(2.47465811597,7.321506371402,0.550374354917)
  );
#3775 = CARTESIAN_POINT('',(2.46345583053,7.329749198469,0.550189126918)
  );
#3776 = CARTESIAN_POINT('',(2.452300815471,7.338077596666,0.550063694663
    ));
#3777 = CARTESIAN_POINT('',(2.441190878735,7.346493680348,0.55));
#3778 = CARTESIAN_POINT('',(2.430123145914,7.355,0.55));
#3779 = DEFINITIONAL_REPRESENTATION('',(#3780),#3784);
#3780 = LINE('',#3781,#3782);
#3781 = CARTESIAN_POINT('',(0.582624480538,0.));
#3782 = VECTOR('',#3783,1.);
#3783 = DIRECTION('',(0.,1.));
#3784 = ( GEOMETRIC_REPRESENTATION_CONTEXT(2) 
PARAMETRIC_REPRESENTATION_CONTEXT() REPRESENTATION_CONTEXT('2D SPACE',''
  ) );
#3785 = ADVANCED_FACE('',(#3786),#1517,.F.);
#3786 = FACE_BOUND('',#3787,.F.);
#3787 = EDGE_LOOP('',(#3788,#3809,#3810,#3829));
#3788 = ORIENTED_EDGE('',*,*,#3789,.T.);
#3789 = EDGE_CURVE('',#3790,#1470,#3792,.T.);
#3790 = VERTEX_POINT('',#3791);
#3791 = CARTESIAN_POINT('',(-3.077614522286,7.189807666095,
    0.372432300306));
#3792 = SURFACE_CURVE('',#3793,(#3797,#3803),.PCURVE_S1.);
#3793 = ( BOUNDED_CURVE() B_SPLINE_CURVE(2,(#3794,#3795,#3796),
.UNSPECIFIED.,.F.,.F.) B_SPLINE_CURVE_WITH_KNOTS((3,3),(0.,
0.582589942268),.PIECEWISE_BEZIER_KNOTS.) CURVE() 
GEOMETRIC_REPRESENTATION_ITEM() RATIONAL_B_SPLINE_CURVE((1.,
0.781231289599,1.)) REPRESENTATION_ITEM('') );
#3794 = CARTESIAN_POINT('',(-3.077614522286,7.189807666095,
    0.372432300306));
#3795 = CARTESIAN_POINT('',(-3.059605796572,7.198271228598,
    0.551113656229));
#3796 = CARTESIAN_POINT('',(-2.957271236968,7.055,0.5875));
#3797 = PCURVE('',#1517,#3798);
#3798 = DEFINITIONAL_REPRESENTATION('',(#3799),#3802);
#3799 = B_SPLINE_CURVE_WITH_KNOTS('',1,(#3800,#3801),.UNSPECIFIED.,.F.,
  .F.,(2,2),(0.,0.582589942268),.PIECEWISE_BEZIER_KNOTS.);
#3800 = CARTESIAN_POINT('',(0.,7.789340194817));
#3801 = CARTESIAN_POINT('',(6.172433046353E-02,7.789340194817));
#3802 = ( GEOMETRIC_REPRESENTATION_CONTEXT(2) 
PARAMETRIC_REPRESENTATION_CONTEXT() REPRESENTATION_CONTEXT('2D SPACE',''
  ) );
#3803 = PCURVE('',#3367,#3804);
#3804 = DEFINITIONAL_REPRESENTATION('',(#3805),#3808);
#3805 = B_SPLINE_CURVE_WITH_KNOTS('',1,(#3806,#3807),.UNSPECIFIED.,.F.,
  .F.,(2,2),(0.,0.582589942268),.PIECEWISE_BEZIER_KNOTS.);
#3806 = CARTESIAN_POINT('',(0.,7.789340194817));
#3807 = CARTESIAN_POINT('',(0.582589942268,7.789340194817));
#3808 = ( GEOMETRIC_REPRESENTATION_CONTEXT(2) 
PARAMETRIC_REPRESENTATION_CONTEXT() REPRESENTATION_CONTEXT('2D SPACE',''
  ) );
#3809 = ORIENTED_EDGE('',*,*,#1499,.T.);
#3810 = ORIENTED_EDGE('',*,*,#3811,.F.);
#3811 = EDGE_CURVE('',#2966,#1500,#3812,.T.);
#3812 = SURFACE_CURVE('',#3813,(#3817,#3823),.PCURVE_S1.);
#3813 = ( BOUNDED_CURVE() B_SPLINE_CURVE(2,(#3814,#3815,#3816),
.UNSPECIFIED.,.F.,.F.) B_SPLINE_CURVE_WITH_KNOTS((3,3),(0.,
6.172433046353E-02),.PIECEWISE_BEZIER_KNOTS.) CURVE() 
GEOMETRIC_REPRESENTATION_ITEM() RATIONAL_B_SPLINE_CURVE((1.,
0.777933205503,1.)) REPRESENTATION_ITEM('') );
#3814 = CARTESIAN_POINT('',(-3.133363303756,7.164641540046,0.38));
#3815 = CARTESIAN_POINT('',(-3.1117897829,7.173985567811,0.560208379035)
  );
#3816 = CARTESIAN_POINT('',(-3.005910117938,7.0300906434,0.593548067215)
  );
#3817 = PCURVE('',#1517,#3818);
#3818 = DEFINITIONAL_REPRESENTATION('',(#3819),#3822);
#3819 = B_SPLINE_CURVE_WITH_KNOTS('',1,(#3820,#3821),.UNSPECIFIED.,.F.,
  .F.,(2,2),(0.,6.172433046353E-02),.PIECEWISE_BEZIER_KNOTS.);
#3820 = CARTESIAN_POINT('',(0.,7.851064525281));
#3821 = CARTESIAN_POINT('',(6.172433046353E-02,7.851064525281));
#3822 = ( GEOMETRIC_REPRESENTATION_CONTEXT(2) 
PARAMETRIC_REPRESENTATION_CONTEXT() REPRESENTATION_CONTEXT('2D SPACE',''
  ) );
#3823 = PCURVE('',#1656,#3824);
#3824 = DEFINITIONAL_REPRESENTATION('',(#3825),#3828);
#3825 = B_SPLINE_CURVE_WITH_KNOTS('',1,(#3826,#3827),.UNSPECIFIED.,.F.,
  .F.,(2,2),(0.,6.172433046353E-02),.PIECEWISE_BEZIER_KNOTS.);
#3826 = CARTESIAN_POINT('',(0.,7.851064525281));
#3827 = CARTESIAN_POINT('',(1.046210061341,7.851064525281));
#3828 = ( GEOMETRIC_REPRESENTATION_CONTEXT(2) 
PARAMETRIC_REPRESENTATION_CONTEXT() REPRESENTATION_CONTEXT('2D SPACE',''
  ) );
#3829 = ORIENTED_EDGE('',*,*,#3830,.F.);
#3830 = EDGE_CURVE('',#3790,#2966,#3831,.T.);
#3831 = SURFACE_CURVE('',#3832,(#3837,#3844),.PCURVE_S1.);
#3832 = ( BOUNDED_CURVE() B_SPLINE_CURVE(3,(#3833,#3834,#3835,#3836),
.UNSPECIFIED.,.F.,.F.) B_SPLINE_CURVE_WITH_KNOTS((4,4),(7.789340194817,
7.851064525281),.PIECEWISE_BEZIER_KNOTS.) CURVE() 
GEOMETRIC_REPRESENTATION_ITEM() RATIONAL_B_SPLINE_CURVE((1.,1.,1.,1.)) 
REPRESENTATION_ITEM('') );
#3833 = CARTESIAN_POINT('',(-3.077614522287,7.189807666095,
    0.372432300306));
#3834 = CARTESIAN_POINT('',(-3.096083284125,7.181127900371,
    0.375041917768));
#3835 = CARTESIAN_POINT('',(-3.114612061972,7.17276316864,0.377526132723
    ));
#3836 = CARTESIAN_POINT('',(-3.133363303756,7.164641540046,0.38));
#3837 = PCURVE('',#1517,#3838);
#3838 = DEFINITIONAL_REPRESENTATION('',(#3839),#3843);
#3839 = LINE('',#3840,#3841);
#3840 = CARTESIAN_POINT('',(0.,0.));
#3841 = VECTOR('',#3842,1.);
#3842 = DIRECTION('',(0.,1.));
#3843 = ( GEOMETRIC_REPRESENTATION_CONTEXT(2) 
PARAMETRIC_REPRESENTATION_CONTEXT() REPRESENTATION_CONTEXT('2D SPACE',''
  ) );
#3844 = PCURVE('',#2923,#3845);
#3845 = DEFINITIONAL_REPRESENTATION('',(#3846),#3851);
#3846 = B_SPLINE_CURVE_WITH_KNOTS('',3,(#3847,#3848,#3849,#3850),
  .UNSPECIFIED.,.F.,.F.,(4,4),(7.789340194817,7.851064525281),
  .PIECEWISE_BEZIER_KNOTS.);
#3847 = CARTESIAN_POINT('',(-0.439468101885,-0.372432300306));
#3848 = CARTESIAN_POINT('',(-0.429258080984,-0.375041917768));
#3849 = CARTESIAN_POINT('',(-0.419087936396,-0.377526132723));
#3850 = CARTESIAN_POINT('',(-0.408863993712,-0.38));
#3851 = ( GEOMETRIC_REPRESENTATION_CONTEXT(2) 
PARAMETRIC_REPRESENTATION_CONTEXT() REPRESENTATION_CONTEXT('2D SPACE',''
  ) );
#3852 = ADVANCED_FACE('',(#3853),#2082,.F.);
#3853 = FACE_BOUND('',#3854,.F.);
#3854 = EDGE_LOOP('',(#3855,#3876,#3877,#3898));
#3855 = ORIENTED_EDGE('',*,*,#3856,.T.);
#3856 = EDGE_CURVE('',#3857,#1874,#3859,.T.);
#3857 = VERTEX_POINT('',#3858);
#3858 = CARTESIAN_POINT('',(3.133833568455,7.164660065654,0.38));
#3859 = SURFACE_CURVE('',#3860,(#3864,#3870),.PCURVE_S1.);
#3860 = ( BOUNDED_CURVE() B_SPLINE_CURVE(2,(#3861,#3862,#3863),
.UNSPECIFIED.,.F.,.F.) B_SPLINE_CURVE_WITH_KNOTS((3,3),(0.,
1.044979720785),.PIECEWISE_BEZIER_KNOTS.) CURVE() 
GEOMETRIC_REPRESENTATION_ITEM() RATIONAL_B_SPLINE_CURVE((1.,
0.777933708854,1.)) REPRESENTATION_ITEM('') );
#3861 = CARTESIAN_POINT('',(3.133833568455,7.164660065654,0.38));
#3862 = CARTESIAN_POINT('',(3.11226733733,7.173995140966,0.560209415189)
  );
#3863 = CARTESIAN_POINT('',(3.006437371238,7.030065164243,0.593553970312
    ));
#3864 = PCURVE('',#2082,#3865);
#3865 = DEFINITIONAL_REPRESENTATION('',(#3866),#3869);
#3866 = B_SPLINE_CURVE_WITH_KNOTS('',1,(#3867,#3868),.UNSPECIFIED.,.F.,
  .F.,(2,2),(0.,1.044979720785),.PIECEWISE_BEZIER_KNOTS.);
#3867 = CARTESIAN_POINT('',(0.,1.044989739269));
#3868 = CARTESIAN_POINT('',(6.175959080904E-02,1.044989739269));
#3869 = ( GEOMETRIC_REPRESENTATION_CONTEXT(2) 
PARAMETRIC_REPRESENTATION_CONTEXT() REPRESENTATION_CONTEXT('2D SPACE',''
  ) );
#3870 = PCURVE('',#1953,#3871);
#3871 = DEFINITIONAL_REPRESENTATION('',(#3872),#3875);
#3872 = B_SPLINE_CURVE_WITH_KNOTS('',1,(#3873,#3874),.UNSPECIFIED.,.F.,
  .F.,(2,2),(0.,1.044979720785),.PIECEWISE_BEZIER_KNOTS.);
#3873 = CARTESIAN_POINT('',(0.,1.044989739269));
#3874 = CARTESIAN_POINT('',(1.044979720785,1.044989739269));
#3875 = ( GEOMETRIC_REPRESENTATION_CONTEXT(2) 
PARAMETRIC_REPRESENTATION_CONTEXT() REPRESENTATION_CONTEXT('2D SPACE',''
  ) );
#3876 = ORIENTED_EDGE('',*,*,#2066,.T.);
#3877 = ORIENTED_EDGE('',*,*,#3878,.F.);
#3878 = EDGE_CURVE('',#3879,#1472,#3881,.T.);
#3879 = VERTEX_POINT('',#3880);
#3880 = CARTESIAN_POINT('',(3.07800247483,7.189848316121,0.372427543441)
  );
#3881 = SURFACE_CURVE('',#3882,(#3886,#3892),.PCURVE_S1.);
#3882 = ( BOUNDED_CURVE() B_SPLINE_CURVE(2,(#3883,#3884,#3885),
.UNSPECIFIED.,.F.,.F.) B_SPLINE_CURVE_WITH_KNOTS((3,3),(0.,
6.175959080904E-02),.PIECEWISE_BEZIER_KNOTS.) CURVE() 
GEOMETRIC_REPRESENTATION_ITEM() RATIONAL_B_SPLINE_CURVE((1.,
0.781239027101,1.)) REPRESENTATION_ITEM('') );
#3883 = CARTESIAN_POINT('',(3.07800247483,7.189848316121,0.372427543441)
  );
#3884 = CARTESIAN_POINT('',(3.060003240884,7.198302559401,0.5511056992)
  );
#3885 = CARTESIAN_POINT('',(2.957723422073,7.055,0.5875));
#3886 = PCURVE('',#2082,#3887);
#3887 = DEFINITIONAL_REPRESENTATION('',(#3888),#3891);
#3888 = B_SPLINE_CURVE_WITH_KNOTS('',1,(#3889,#3890),.UNSPECIFIED.,.F.,
  .F.,(2,2),(0.,6.175959080904E-02),.PIECEWISE_BEZIER_KNOTS.);
#3889 = CARTESIAN_POINT('',(0.,1.106749330078));
#3890 = CARTESIAN_POINT('',(6.175959080904E-02,1.106749330078));
#3891 = ( GEOMETRIC_REPRESENTATION_CONTEXT(2) 
PARAMETRIC_REPRESENTATION_CONTEXT() REPRESENTATION_CONTEXT('2D SPACE',''
  ) );
#3892 = PCURVE('',#3655,#3893);
#3893 = DEFINITIONAL_REPRESENTATION('',(#3894),#3897);
#3894 = B_SPLINE_CURVE_WITH_KNOTS('',1,(#3895,#3896),.UNSPECIFIED.,.F.,
  .F.,(2,2),(0.,6.175959080904E-02),.PIECEWISE_BEZIER_KNOTS.);
#3895 = CARTESIAN_POINT('',(0.,1.106749330078));
#3896 = CARTESIAN_POINT('',(0.582624480538,1.106749330078));
#3897 = ( GEOMETRIC_REPRESENTATION_CONTEXT(2) 
PARAMETRIC_REPRESENTATION_CONTEXT() REPRESENTATION_CONTEXT('2D SPACE',''
  ) );
#3898 = ORIENTED_EDGE('',*,*,#3899,.F.);
#3899 = EDGE_CURVE('',#3857,#3879,#3900,.T.);
#3900 = SURFACE_CURVE('',#3901,(#3906,#3913),.PCURVE_S1.);
#3901 = B_SPLINE_CURVE_WITH_KNOTS('',3,(#3902,#3903,#3904,#3905),
  .UNSPECIFIED.,.F.,.F.,(4,4),(1.044989739269,1.106749330078),
  .PIECEWISE_BEZIER_KNOTS.);
#3902 = CARTESIAN_POINT('',(3.133833568455,7.164660065654,0.38));
#3903 = CARTESIAN_POINT('',(3.115052650702,7.172789501003,0.377524435366
    ));
#3904 = CARTESIAN_POINT('',(3.096496257071,7.181161783421,0.375038682101
    ));
#3905 = CARTESIAN_POINT('',(3.07800247483,7.189848316121,0.372427543441)
  );
#3906 = PCURVE('',#2082,#3907);
#3907 = DEFINITIONAL_REPRESENTATION('',(#3908),#3912);
#3908 = LINE('',#3909,#3910);
#3909 = CARTESIAN_POINT('',(0.,0.));
#3910 = VECTOR('',#3911,1.);
#3911 = DIRECTION('',(0.,1.));
#3912 = ( GEOMETRIC_REPRESENTATION_CONTEXT(2) 
PARAMETRIC_REPRESENTATION_CONTEXT() REPRESENTATION_CONTEXT('2D SPACE',''
  ) );
#3913 = PCURVE('',#3914,#3919);
#3914 = CYLINDRICAL_SURFACE('',#3915,2.001104115375);
#3915 = AXIS2_PLACEMENT_3D('',#3916,#3917,#3918);
#3916 = CARTESIAN_POINT('',(3.928749569323,9.001103974989,0.));
#3917 = DIRECTION('',(-0.,-0.,-1.));
#3918 = DIRECTION('',(-0.713980626168,-0.700165455772,0.));
#3919 = DEFINITIONAL_REPRESENTATION('',(#3920),#3925);
#3920 = B_SPLINE_CURVE_WITH_KNOTS('',3,(#3921,#3922,#3923,#3924),
  .UNSPECIFIED.,.F.,.F.,(4,4),(1.044989739269,1.106749330078),
  .PIECEWISE_BEZIER_KNOTS.);
#3921 = CARTESIAN_POINT('',(-0.386661123124,-0.38));
#3922 = CARTESIAN_POINT('',(-0.376434337727,-0.377524435366));
#3923 = CARTESIAN_POINT('',(-0.366262315895,-0.375038682101));
#3924 = CARTESIAN_POINT('',(-0.356051840002,-0.372427543441));
#3925 = ( GEOMETRIC_REPRESENTATION_CONTEXT(2) 
PARAMETRIC_REPRESENTATION_CONTEXT() REPRESENTATION_CONTEXT('2D SPACE',''
  ) );
#3926 = ADVANCED_FACE('',(#3927),#1656,.F.);
#3927 = FACE_BOUND('',#3928,.F.);
#3928 = EDGE_LOOP('',(#3929,#3930,#3931));
#3929 = ORIENTED_EDGE('',*,*,#3811,.T.);
#3930 = ORIENTED_EDGE('',*,*,#1537,.T.);
#3931 = ORIENTED_EDGE('',*,*,#2989,.F.);
#3932 = ADVANCED_FACE('',(#3933),#1953,.F.);
#3933 = FACE_BOUND('',#3934,.F.);
#3934 = EDGE_LOOP('',(#3935,#3936,#3937));
#3935 = ORIENTED_EDGE('',*,*,#1873,.T.);
#3936 = ORIENTED_EDGE('',*,*,#3856,.F.);
#3937 = ORIENTED_EDGE('',*,*,#3938,.F.);
#3938 = EDGE_CURVE('',#403,#3857,#3939,.T.);
#3939 = SURFACE_CURVE('',#3940,(#3976,#3983),.PCURVE_S1.);
#3940 = ( BOUNDED_CURVE() B_SPLINE_CURVE(12,(#3941,#3942,#3943,#3944,
    #3945,#3946,#3947,#3948,#3949,#3950,#3951,#3952,#3953,#3954,#3955,
    #3956,#3957,#3958,#3959,#3960,#3961,#3962,#3963,#3964,#3965,#3966,
    #3967,#3968,#3969,#3970,#3971,#3972,#3973,#3974,#3975),
.UNSPECIFIED.,.F.,.F.) B_SPLINE_CURVE_WITH_KNOTS((13,11,11,13),(
    1.001848371377E-05,0.517249777909,0.974460336471,1.044989739269),
.UNSPECIFIED.) CURVE() GEOMETRIC_REPRESENTATION_ITEM() 
RATIONAL_B_SPLINE_CURVE((1.,1.,1.,0.999999999999,1.000000000001,
    0.999999999998,1.000000000002,0.999999999999,1.000000000001,1.,1.,1.
    ,1.,1.,1.,1.000000000001,0.999999999999,1.000000000001,
    0.999999999999,1.000000000001,1.,1.,1.,1.,1.,1.,1.,1.,1.,1.,1.,1.,1.
,1.,1.)) REPRESENTATION_ITEM('') );
#3941 = CARTESIAN_POINT('',(3.927752889934,6.755000085421,0.625));
#3942 = CARTESIAN_POINT('',(3.884085487659,6.755019719397,0.625));
#3943 = CARTESIAN_POINT('',(3.840421571268,6.758130605148,0.62500000447)
  );
#3944 = CARTESIAN_POINT('',(3.797104011314,6.762966841861,0.624998808365
    ));
#3945 = CARTESIAN_POINT('',(3.754286573789,6.773118257371,0.624932710572
    ));
#3946 = CARTESIAN_POINT('',(3.712643244316,6.781310841571,0.624673234508
    ));
#3947 = CARTESIAN_POINT('',(3.671890467944,6.797544515751,0.6240480921)
  );
#3948 = CARTESIAN_POINT('',(3.63263223687,6.810193226667,0.622876920401)
  );
#3949 = CARTESIAN_POINT('',(3.594653034439,6.828597065188,0.620993399665
    ));
#3950 = CARTESIAN_POINT('',(3.558179538292,6.846211516631,0.618261661902
    ));
#3951 = CARTESIAN_POINT('',(3.523151847422,6.865766117759,0.614563871814
    ));
#3952 = CARTESIAN_POINT('',(3.489581278949,6.885966252278,0.609810958885
    ));
#3953 = CARTESIAN_POINT('',(3.428977121223,6.925220484942,0.598715749465
    ));
#3954 = CARTESIAN_POINT('',(3.401644807726,6.944128081291,0.592643706441
    ));
#3955 = CARTESIAN_POINT('',(3.375339580471,6.963303305203,0.585524579614
    ));
#3956 = CARTESIAN_POINT('',(3.350091739631,6.982734072263,0.577595552914
    ));
#3957 = CARTESIAN_POINT('',(3.325772877858,7.002164538172,0.568529420432
    ));
#3958 = CARTESIAN_POINT('',(3.302301662092,7.021423411928,0.558278939111
    ));
#3959 = CARTESIAN_POINT('',(3.279681728257,7.040503078086,0.547069053653
    ));
#3960 = CARTESIAN_POINT('',(3.257858422087,7.059312489171,0.534781153605
    ));
#3961 = CARTESIAN_POINT('',(3.236654113473,7.077500554208,0.521003777453
    ));
#3962 = CARTESIAN_POINT('',(3.215962414195,7.094740194133,0.506161578442
    ));
#3963 = CARTESIAN_POINT('',(3.195949839717,7.111376359376,0.491378911679
    ));
#3964 = CARTESIAN_POINT('',(3.173187176184,7.130996186027,0.466801456925
    ));
#3965 = CARTESIAN_POINT('',(3.170395583801,7.135415075476,0.458950504223
    ));
#3966 = CARTESIAN_POINT('',(3.167371945256,7.139324125264,0.451514686355
    ));
#3967 = CARTESIAN_POINT('',(3.164173961424,7.142808318724,0.444516163946
    ));
#3968 = CARTESIAN_POINT('',(3.160886219593,7.146200929963,0.437282467762
    ));
#3969 = CARTESIAN_POINT('',(3.157501469377,7.149524323041,0.429666660212
    ));
#3970 = CARTESIAN_POINT('',(3.153971121885,7.152634388112,0.421867179511
    ));
#3971 = CARTESIAN_POINT('',(3.15027385783,7.155472909256,0.413972255713)
  );
#3972 = CARTESIAN_POINT('',(3.146425535731,7.158116960635,0.405834493993
    ));
#3973 = CARTESIAN_POINT('',(3.14242789663,7.160599229502,0.397361926646)
  );
#3974 = CARTESIAN_POINT('',(3.138227867203,7.16275796651,0.388792541428)
  );
#3975 = CARTESIAN_POINT('',(3.133833568455,7.164660065654,0.38));
#3976 = PCURVE('',#1953,#3977);
#3977 = DEFINITIONAL_REPRESENTATION('',(#3978),#3982);
#3978 = LINE('',#3979,#3980);
#3979 = CARTESIAN_POINT('',(0.,0.));
#3980 = VECTOR('',#3981,1.);
#3981 = DIRECTION('',(0.,1.));
#3982 = ( GEOMETRIC_REPRESENTATION_CONTEXT(2) 
PARAMETRIC_REPRESENTATION_CONTEXT() REPRESENTATION_CONTEXT('2D SPACE',''
  ) );
#3983 = PCURVE('',#2121,#3984);
#3984 = DEFINITIONAL_REPRESENTATION('',(#3985),#4078);
#3985 = B_SPLINE_CURVE_WITH_KNOTS('',11,(#3986,#3987,#3988,#3989,#3990,
    #3991,#3992,#3993,#3994,#3995,#3996,#3997,#3998,#3999,#4000,#4001,
    #4002,#4003,#4004,#4005,#4006,#4007,#4008,#4009,#4010,#4011,#4012,
    #4013,#4014,#4015,#4016,#4017,#4018,#4019,#4020,#4021,#4022,#4023,
    #4024,#4025,#4026,#4027,#4028,#4029,#4030,#4031,#4032,#4033,#4034,
    #4035,#4036,#4037,#4038,#4039,#4040,#4041,#4042,#4043,#4044,#4045,
    #4046,#4047,#4048,#4049,#4050,#4051,#4052,#4053,#4054,#4055,#4056,
    #4057,#4058,#4059,#4060,#4061,#4062,#4063,#4064,#4065,#4066,#4067,
    #4068,#4069,#4070,#4071,#4072,#4073,#4074,#4075,#4076,#4077),
  .UNSPECIFIED.,.F.,.F.,(12,10,10,10,10,10,10,10,10,12),(
    1.001848371377E-05,0.522499878876,0.783744809073,0.914367274171,
    0.947022890445,0.963350698582,0.971514602651,0.975596554685,
    0.97967850672,1.044989739269),.UNSPECIFIED.);
#3986 = CARTESIAN_POINT('',(-0.794723382456,4.712389468488));
#3987 = CARTESIAN_POINT('',(-0.773299310376,4.712387753022));
#3988 = CARTESIAN_POINT('',(-0.751876671515,4.70180489083));
#3989 = CARTESIAN_POINT('',(-0.730560709892,4.685960942383));
#3990 = CARTESIAN_POINT('',(-0.709389323679,4.652144858977));
#3991 = CARTESIAN_POINT('',(-0.6886266026,4.62409686783));
#3992 = CARTESIAN_POINT('',(-0.668076941837,4.573375020714));
#3993 = CARTESIAN_POINT('',(-0.648006676782,4.529629557661));
#3994 = CARTESIAN_POINT('',(-0.628292882404,4.472947210092));
#3995 = CARTESIAN_POINT('',(-0.609019942407,4.415278824266));
#3996 = CARTESIAN_POINT('',(-0.590176781608,4.352925731836));
#3997 = CARTESIAN_POINT('',(-0.562552446267,4.254502947487));
#3998 = CARTESIAN_POINT('',(-0.553451111995,4.220834619061));
#3999 = CARTESIAN_POINT('',(-0.544455157526,4.186357668475));
#4000 = CARTESIAN_POINT('',(-0.535563107731,4.15110665093));
#4001 = CARTESIAN_POINT('',(-0.526773498803,4.115101309513));
#4002 = CARTESIAN_POINT('',(-0.51808496697,4.078349319226));
#4003 = CARTESIAN_POINT('',(-0.50949633725,4.040849031218));
#4004 = CARTESIAN_POINT('',(-0.501006712162,4.00259221678));
#4005 = CARTESIAN_POINT('',(-0.492615560478,3.963566811565));
#4006 = CARTESIAN_POINT('',(-0.484322805945,3.92375965963));
#4007 = CARTESIAN_POINT('',(-0.472031971056,3.862859056583));
#4008 = CARTESIAN_POINT('',(-0.467959867882,3.842368244474));
#4009 = CARTESIAN_POINT('',(-0.463912457274,3.821666200146));
#4010 = CARTESIAN_POINT('',(-0.459889818198,3.800748716293));
#4011 = CARTESIAN_POINT('',(-0.45589212587,3.779618470233));
#4012 = CARTESIAN_POINT('',(-0.451919519831,3.75827549477));
#4013 = CARTESIAN_POINT('',(-0.447971972005,3.736707648959));
#4014 = CARTESIAN_POINT('',(-0.444049154777,3.714881088991));
#4015 = CARTESIAN_POINT('',(-0.440150309049,3.692730738962));
#4016 = CARTESIAN_POINT('',(-0.436274112318,3.670150761734));
#4017 = CARTESIAN_POINT('',(-0.431454655338,3.641193596735));
#4018 = CARTESIAN_POINT('',(-0.430492041122,3.63536458488));
#4019 = CARTESIAN_POINT('',(-0.429530670509,3.629495380958));
#4020 = CARTESIAN_POINT('',(-0.428570503148,3.623582881508));
#4021 = CARTESIAN_POINT('',(-0.427611491911,3.617623492829));
#4022 = CARTESIAN_POINT('',(-0.426653582896,3.611613130968));
#4023 = CARTESIAN_POINT('',(-0.425696715427,3.605547221734));
#4024 = CARTESIAN_POINT('',(-0.424740822049,3.599420700683));
#4025 = CARTESIAN_POINT('',(-0.423785828538,3.593228013132));
#4026 = CARTESIAN_POINT('',(-0.42283165389,3.586963114149));
#4027 = CARTESIAN_POINT('',(-0.421401488546,3.577447645764));
#4028 = CARTESIAN_POINT('',(-0.420924953166,3.574256379854));
#4029 = CARTESIAN_POINT('',(-0.42044858979,3.571044622444));
#4030 = CARTESIAN_POINT('',(-0.41997238402,3.567811325142));
#4031 = CARTESIAN_POINT('',(-0.419496321459,3.564555439566));
#4032 = CARTESIAN_POINT('',(-0.419020387707,3.561275917324));
#4033 = CARTESIAN_POINT('',(-0.418544568368,3.55797171003));
#4034 = CARTESIAN_POINT('',(-0.418068849044,3.554641769298));
#4035 = CARTESIAN_POINT('',(-0.417593215337,3.551285046738));
#4036 = CARTESIAN_POINT('',(-0.417117652849,3.547900493963));
#4037 = CARTESIAN_POINT('',(-0.416404394349,3.542780346897));
#4038 = CARTESIAN_POINT('',(-0.416166654944,3.541066356119));
#4039 = CARTESIAN_POINT('',(-0.415928926578,3.539344916149));
#4040 = CARTESIAN_POINT('',(-0.415691206858,3.537615852869));
#4041 = CARTESIAN_POINT('',(-0.415453493394,3.535878992189));
#4042 = CARTESIAN_POINT('',(-0.415215783794,3.53413415998));
#4043 = CARTESIAN_POINT('',(-0.414978075669,3.532381182156));
#4044 = CARTESIAN_POINT('',(-0.414740366626,3.530619884593));
#4045 = CARTESIAN_POINT('',(-0.414502654274,3.528850093195));
#4046 = CARTESIAN_POINT('',(-0.414264936224,3.527071633849));
#4047 = CARTESIAN_POINT('',(-0.413908347012,3.52439068175));
#4048 = CARTESIAN_POINT('',(-0.41378975784,3.523519243123));
#4049 = CARTESIAN_POINT('',(-0.41366981963,3.522526310593));
#4050 = CARTESIAN_POINT('',(-0.413552357144,3.521750827062));
#4051 = CARTESIAN_POINT('',(-0.413433470645,3.520846672396));
#4052 = CARTESIAN_POINT('',(-0.41331299075,3.51979961752));
#4053 = CARTESIAN_POINT('',(-0.41319459008,3.518935554512));
#4054 = CARTESIAN_POINT('',(-0.413077695521,3.518202104668));
#4055 = CARTESIAN_POINT('',(-0.412957558186,3.517177701197));
#4056 = CARTESIAN_POINT('',(-0.412837151294,3.516130744501));
#4057 = CARTESIAN_POINT('',(-0.412594805783,3.513902119703));
#4058 = CARTESIAN_POINT('',(-0.412472884788,3.512722769349));
#4059 = CARTESIAN_POINT('',(-0.412350250427,3.511482172948));
#4060 = CARTESIAN_POINT('',(-0.412226937577,3.510184122441));
#4061 = CARTESIAN_POINT('',(-0.412102981107,3.508832409702));
#4062 = CARTESIAN_POINT('',(-0.411978415897,3.507430826706));
#4063 = CARTESIAN_POINT('',(-0.411853276815,3.505983165311));
#4064 = CARTESIAN_POINT('',(-0.41172759874,3.504493217482));
#4065 = CARTESIAN_POINT('',(-0.411601416542,3.502964775105));
#4066 = CARTESIAN_POINT('',(-0.411474765098,3.501401630113));
#4067 = CARTESIAN_POINT('',(-0.409314306192,3.474302683293));
#4068 = CARTESIAN_POINT('',(-0.407166340654,3.440482346833));
#4069 = CARTESIAN_POINT('',(-0.405011871123,3.409773536938));
#4070 = CARTESIAN_POINT('',(-0.402837031496,3.379342658407));
#4071 = CARTESIAN_POINT('',(-0.400626611535,3.347360123751));
#4072 = CARTESIAN_POINT('',(-0.398382883448,3.314596775871));
#4073 = CARTESIAN_POINT('',(-0.396109831273,3.281777660485));
#4074 = CARTESIAN_POINT('',(-0.393802842841,3.24819296669));
#4075 = CARTESIAN_POINT('',(-0.391456797269,3.213140271454));
#4076 = CARTESIAN_POINT('',(-0.389078354068,3.177846540284));
#4077 = CARTESIAN_POINT('',(-0.386661123124,3.14159265359));
#4078 = ( GEOMETRIC_REPRESENTATION_CONTEXT(2) 
PARAMETRIC_REPRESENTATION_CONTEXT() REPRESENTATION_CONTEXT('2D SPACE',''
  ) );
#4079 = ADVANCED_FACE('',(#4080),#1786,.F.);
#4080 = FACE_BOUND('',#4081,.F.);
#4081 = EDGE_LOOP('',(#4082,#4083));
#4082 = ORIENTED_EDGE('',*,*,#1742,.T.);
#4083 = ORIENTED_EDGE('',*,*,#3122,.F.);
#4084 = ADVANCED_FACE('',(#4085),#2121,.T.);
#4085 = FACE_BOUND('',#4086,.F.);
#4086 = EDGE_LOOP('',(#4087,#4088,#4110));
#4087 = ORIENTED_EDGE('',*,*,#3938,.T.);
#4088 = ORIENTED_EDGE('',*,*,#4089,.T.);
#4089 = EDGE_CURVE('',#3857,#2106,#4090,.T.);
#4090 = SURFACE_CURVE('',#4091,(#4096,#4103),.PCURVE_S1.);
#4091 = CIRCLE('',#4092,2.001104115375);
#4092 = AXIS2_PLACEMENT_3D('',#4093,#4094,#4095);
#4093 = CARTESIAN_POINT('',(3.928749569323,9.001103974989,0.38));
#4094 = DIRECTION('',(0.,0.,1.));
#4095 = DIRECTION('',(-0.713980626168,-0.700165455772,0.));
#4096 = PCURVE('',#2121,#4097);
#4097 = DEFINITIONAL_REPRESENTATION('',(#4098),#4102);
#4098 = LINE('',#4099,#4100);
#4099 = CARTESIAN_POINT('',(-0.,3.14159265359));
#4100 = VECTOR('',#4101,1.);
#4101 = DIRECTION('',(-1.,0.));
#4102 = ( GEOMETRIC_REPRESENTATION_CONTEXT(2) 
PARAMETRIC_REPRESENTATION_CONTEXT() REPRESENTATION_CONTEXT('2D SPACE',''
  ) );
#4103 = PCURVE('',#3914,#4104);
#4104 = DEFINITIONAL_REPRESENTATION('',(#4105),#4109);
#4105 = LINE('',#4106,#4107);
#4106 = CARTESIAN_POINT('',(-2.219220911286E-16,-0.38));
#4107 = VECTOR('',#4108,1.);
#4108 = DIRECTION('',(-1.,0.));
#4109 = ( GEOMETRIC_REPRESENTATION_CONTEXT(2) 
PARAMETRIC_REPRESENTATION_CONTEXT() REPRESENTATION_CONTEXT('2D SPACE',''
  ) );
#4110 = ORIENTED_EDGE('',*,*,#2105,.T.);
#4111 = ADVANCED_FACE('',(#4112),#2148,.T.);
#4112 = FACE_BOUND('',#4113,.T.);
#4113 = EDGE_LOOP('',(#4114,#4137,#4138,#4139));
#4114 = ORIENTED_EDGE('',*,*,#4115,.T.);
#4115 = EDGE_CURVE('',#4116,#2106,#4118,.T.);
#4116 = VERTEX_POINT('',#4117);
#4117 = CARTESIAN_POINT('',(3.928,7.,0.125));
#4118 = SURFACE_CURVE('',#4119,(#4123,#4130),.PCURVE_S1.);
#4119 = LINE('',#4120,#4121);
#4120 = CARTESIAN_POINT('',(3.928,7.,0.));
#4121 = VECTOR('',#4122,1.);
#4122 = DIRECTION('',(0.,0.,1.));
#4123 = PCURVE('',#2148,#4124);
#4124 = DEFINITIONAL_REPRESENTATION('',(#4125),#4129);
#4125 = LINE('',#4126,#4127);
#4126 = CARTESIAN_POINT('',(0.,0.));
#4127 = VECTOR('',#4128,1.);
#4128 = DIRECTION('',(0.,-1.));
#4129 = ( GEOMETRIC_REPRESENTATION_CONTEXT(2) 
PARAMETRIC_REPRESENTATION_CONTEXT() REPRESENTATION_CONTEXT('2D SPACE',''
  ) );
#4130 = PCURVE('',#3914,#4131);
#4131 = DEFINITIONAL_REPRESENTATION('',(#4132),#4136);
#4132 = LINE('',#4133,#4134);
#4133 = CARTESIAN_POINT('',(-0.794792541565,0.));
#4134 = VECTOR('',#4135,1.);
#4135 = DIRECTION('',(-0.,-1.));
#4136 = ( GEOMETRIC_REPRESENTATION_CONTEXT(2) 
PARAMETRIC_REPRESENTATION_CONTEXT() REPRESENTATION_CONTEXT('2D SPACE',''
  ) );
#4137 = ORIENTED_EDGE('',*,*,#2134,.T.);
#4138 = ORIENTED_EDGE('',*,*,#3176,.F.);
#4139 = ORIENTED_EDGE('',*,*,#4140,.F.);
#4140 = EDGE_CURVE('',#4116,#3177,#4141,.T.);
#4141 = SURFACE_CURVE('',#4142,(#4146,#4153),.PCURVE_S1.);
#4142 = LINE('',#4143,#4144);
#4143 = CARTESIAN_POINT('',(3.928,7.,0.125));
#4144 = VECTOR('',#4145,1.);
#4145 = DIRECTION('',(1.,0.,0.));
#4146 = PCURVE('',#2148,#4147);
#4147 = DEFINITIONAL_REPRESENTATION('',(#4148),#4152);
#4148 = LINE('',#4149,#4150);
#4149 = CARTESIAN_POINT('',(0.,-0.125));
#4150 = VECTOR('',#4151,1.);
#4151 = DIRECTION('',(1.,0.));
#4152 = ( GEOMETRIC_REPRESENTATION_CONTEXT(2) 
PARAMETRIC_REPRESENTATION_CONTEXT() REPRESENTATION_CONTEXT('2D SPACE',''
  ) );
#4153 = PCURVE('',#4154,#4159);
#4154 = CYLINDRICAL_SURFACE('',#4155,0.125);
#4155 = AXIS2_PLACEMENT_3D('',#4156,#4157,#4158);
#4156 = CARTESIAN_POINT('',(3.928,6.875,0.125));
#4157 = DIRECTION('',(1.,0.,0.));
#4158 = DIRECTION('',(-0.,1.,0.));
#4159 = DEFINITIONAL_REPRESENTATION('',(#4160),#4164);
#4160 = LINE('',#4161,#4162);
#4161 = CARTESIAN_POINT('',(-0.,0.));
#4162 = VECTOR('',#4163,1.);
#4163 = DIRECTION('',(-0.,1.));
#4164 = ( GEOMETRIC_REPRESENTATION_CONTEXT(2) 
PARAMETRIC_REPRESENTATION_CONTEXT() REPRESENTATION_CONTEXT('2D SPACE',''
  ) );
#4165 = ADVANCED_FACE('',(#4166,#4280),#2203,.F.);
#4166 = FACE_BOUND('',#4167,.F.);
#4167 = EDGE_LOOP('',(#4168,#4198,#4226,#4254));
#4168 = ORIENTED_EDGE('',*,*,#4169,.T.);
#4169 = EDGE_CURVE('',#4170,#4172,#4174,.T.);
#4170 = VERTEX_POINT('',#4171);
#4171 = CARTESIAN_POINT('',(-6.3125,-5.3125,0.375));
#4172 = VERTEX_POINT('',#4173);
#4173 = CARTESIAN_POINT('',(6.3125,-5.3125,0.375));
#4174 = SURFACE_CURVE('',#4175,(#4179,#4186),.PCURVE_S1.);
#4175 = LINE('',#4176,#4177);
#4176 = CARTESIAN_POINT('',(-6.3125,-5.3125,0.375));
#4177 = VECTOR('',#4178,1.);
#4178 = DIRECTION('',(1.,0.,0.));
#4179 = PCURVE('',#2203,#4180);
#4180 = DEFINITIONAL_REPRESENTATION('',(#4181),#4185);
#4181 = LINE('',#4182,#4183);
#4182 = CARTESIAN_POINT('',(-6.3125,-5.3125));
#4183 = VECTOR('',#4184,1.);
#4184 = DIRECTION('',(1.,0.));
#4185 = ( GEOMETRIC_REPRESENTATION_CONTEXT(2) 
PARAMETRIC_REPRESENTATION_CONTEXT() REPRESENTATION_CONTEXT('2D SPACE',''
  ) );
#4186 = PCURVE('',#4187,#4192);
#4187 = PLANE('',#4188);
#4188 = AXIS2_PLACEMENT_3D('',#4189,#4190,#4191);
#4189 = CARTESIAN_POINT('',(-6.3125,-5.3125,-0.1));
#4190 = DIRECTION('',(0.,1.,0.));
#4191 = DIRECTION('',(1.,0.,0.));
#4192 = DEFINITIONAL_REPRESENTATION('',(#4193),#4197);
#4193 = LINE('',#4194,#4195);
#4194 = CARTESIAN_POINT('',(0.,-0.475));
#4195 = VECTOR('',#4196,1.);
#4196 = DIRECTION('',(1.,0.));
#4197 = ( GEOMETRIC_REPRESENTATION_CONTEXT(2) 
PARAMETRIC_REPRESENTATION_CONTEXT() REPRESENTATION_CONTEXT('2D SPACE',''
  ) );
#4198 = ORIENTED_EDGE('',*,*,#4199,.T.);
#4199 = EDGE_CURVE('',#4172,#4200,#4202,.T.);
#4200 = VERTEX_POINT('',#4201);
#4201 = CARTESIAN_POINT('',(6.3125,5.3125,0.375));
#4202 = SURFACE_CURVE('',#4203,(#4207,#4214),.PCURVE_S1.);
#4203 = LINE('',#4204,#4205);
#4204 = CARTESIAN_POINT('',(6.3125,-5.3125,0.375));
#4205 = VECTOR('',#4206,1.);
#4206 = DIRECTION('',(0.,1.,0.));
#4207 = PCURVE('',#2203,#4208);
#4208 = DEFINITIONAL_REPRESENTATION('',(#4209),#4213);
#4209 = LINE('',#4210,#4211);
#4210 = CARTESIAN_POINT('',(6.3125,-5.3125));
#4211 = VECTOR('',#4212,1.);
#4212 = DIRECTION('',(0.,1.));
#4213 = ( GEOMETRIC_REPRESENTATION_CONTEXT(2) 
PARAMETRIC_REPRESENTATION_CONTEXT() REPRESENTATION_CONTEXT('2D SPACE',''
  ) );
#4214 = PCURVE('',#4215,#4220);
#4215 = PLANE('',#4216);
#4216 = AXIS2_PLACEMENT_3D('',#4217,#4218,#4219);
#4217 = CARTESIAN_POINT('',(6.3125,-5.3125,-0.1));
#4218 = DIRECTION('',(-1.,0.,0.));
#4219 = DIRECTION('',(0.,1.,0.));
#4220 = DEFINITIONAL_REPRESENTATION('',(#4221),#4225);
#4221 = LINE('',#4222,#4223);
#4222 = CARTESIAN_POINT('',(0.,-0.475));
#4223 = VECTOR('',#4224,1.);
#4224 = DIRECTION('',(1.,0.));
#4225 = ( GEOMETRIC_REPRESENTATION_CONTEXT(2) 
PARAMETRIC_REPRESENTATION_CONTEXT() REPRESENTATION_CONTEXT('2D SPACE',''
  ) );
#4226 = ORIENTED_EDGE('',*,*,#4227,.T.);
#4227 = EDGE_CURVE('',#4200,#4228,#4230,.T.);
#4228 = VERTEX_POINT('',#4229);
#4229 = CARTESIAN_POINT('',(-6.3125,5.3125,0.375));
#4230 = SURFACE_CURVE('',#4231,(#4235,#4242),.PCURVE_S1.);
#4231 = LINE('',#4232,#4233);
#4232 = CARTESIAN_POINT('',(6.3125,5.3125,0.375));
#4233 = VECTOR('',#4234,1.);
#4234 = DIRECTION('',(-1.,0.,0.));
#4235 = PCURVE('',#2203,#4236);
#4236 = DEFINITIONAL_REPRESENTATION('',(#4237),#4241);
#4237 = LINE('',#4238,#4239);
#4238 = CARTESIAN_POINT('',(6.3125,5.3125));
#4239 = VECTOR('',#4240,1.);
#4240 = DIRECTION('',(-1.,0.));
#4241 = ( GEOMETRIC_REPRESENTATION_CONTEXT(2) 
PARAMETRIC_REPRESENTATION_CONTEXT() REPRESENTATION_CONTEXT('2D SPACE',''
  ) );
#4242 = PCURVE('',#4243,#4248);
#4243 = PLANE('',#4244);
#4244 = AXIS2_PLACEMENT_3D('',#4245,#4246,#4247);
#4245 = CARTESIAN_POINT('',(6.3125,5.3125,-0.1));
#4246 = DIRECTION('',(0.,-1.,0.));
#4247 = DIRECTION('',(-1.,0.,0.));
#4248 = DEFINITIONAL_REPRESENTATION('',(#4249),#4253);
#4249 = LINE('',#4250,#4251);
#4250 = CARTESIAN_POINT('',(0.,-0.475));
#4251 = VECTOR('',#4252,1.);
#4252 = DIRECTION('',(1.,0.));
#4253 = ( GEOMETRIC_REPRESENTATION_CONTEXT(2) 
PARAMETRIC_REPRESENTATION_CONTEXT() REPRESENTATION_CONTEXT('2D SPACE',''
  ) );
#4254 = ORIENTED_EDGE('',*,*,#4255,.T.);
#4255 = EDGE_CURVE('',#4228,#4170,#4256,.T.);
#4256 = SURFACE_CURVE('',#4257,(#4261,#4268),.PCURVE_S1.);
#4257 = LINE('',#4258,#4259);
#4258 = CARTESIAN_POINT('',(-6.3125,5.3125,0.375));
#4259 = VECTOR('',#4260,1.);
#4260 = DIRECTION('',(0.,-1.,0.));
#4261 = PCURVE('',#2203,#4262);
#4262 = DEFINITIONAL_REPRESENTATION('',(#4263),#4267);
#4263 = LINE('',#4264,#4265);
#4264 = CARTESIAN_POINT('',(-6.3125,5.3125));
#4265 = VECTOR('',#4266,1.);
#4266 = DIRECTION('',(0.,-1.));
#4267 = ( GEOMETRIC_REPRESENTATION_CONTEXT(2) 
PARAMETRIC_REPRESENTATION_CONTEXT() REPRESENTATION_CONTEXT('2D SPACE',''
  ) );
#4268 = PCURVE('',#4269,#4274);
#4269 = PLANE('',#4270);
#4270 = AXIS2_PLACEMENT_3D('',#4271,#4272,#4273);
#4271 = CARTESIAN_POINT('',(-6.3125,5.3125,-0.1));
#4272 = DIRECTION('',(1.,0.,-0.));
#4273 = DIRECTION('',(0.,-1.,0.));
#4274 = DEFINITIONAL_REPRESENTATION('',(#4275),#4279);
#4275 = LINE('',#4276,#4277);
#4276 = CARTESIAN_POINT('',(0.,-0.475));
#4277 = VECTOR('',#4278,1.);
#4278 = DIRECTION('',(1.,0.));
#4279 = ( GEOMETRIC_REPRESENTATION_CONTEXT(2) 
PARAMETRIC_REPRESENTATION_CONTEXT() REPRESENTATION_CONTEXT('2D SPACE',''
  ) );
#4280 = FACE_BOUND('',#4281,.F.);
#4281 = EDGE_LOOP('',(#4282,#4283,#4284,#4285,#4286,#4287,#4288,#4289));
#4282 = ORIENTED_EDGE('',*,*,#2186,.F.);
#4283 = ORIENTED_EDGE('',*,*,#2241,.F.);
#4284 = ORIENTED_EDGE('',*,*,#2357,.F.);
#4285 = ORIENTED_EDGE('',*,*,#2435,.F.);
#4286 = ORIENTED_EDGE('',*,*,#2529,.F.);
#4287 = ORIENTED_EDGE('',*,*,#2504,.F.);
#4288 = ORIENTED_EDGE('',*,*,#2385,.F.);
#4289 = ORIENTED_EDGE('',*,*,#2310,.F.);
#4290 = ADVANCED_FACE('',(#4291),#2618,.T.);
#4291 = FACE_BOUND('',#4292,.T.);
#4292 = EDGE_LOOP('',(#4293,#4315,#4316,#4338));
#4293 = ORIENTED_EDGE('',*,*,#4294,.F.);
#4294 = EDGE_CURVE('',#2557,#4295,#4297,.T.);
#4295 = VERTEX_POINT('',#4296);
#4296 = CARTESIAN_POINT('',(-7.875,-6.875,-2.775557561563E-17));
#4297 = SURFACE_CURVE('',#4298,(#4303,#4309),.PCURVE_S1.);
#4298 = CIRCLE('',#4299,0.125);
#4299 = AXIS2_PLACEMENT_3D('',#4300,#4301,#4302);
#4300 = CARTESIAN_POINT('',(-7.875,-6.875,0.125));
#4301 = DIRECTION('',(1.,0.,-0.));
#4302 = DIRECTION('',(0.,-1.,0.));
#4303 = PCURVE('',#2618,#4304);
#4304 = DEFINITIONAL_REPRESENTATION('',(#4305),#4308);
#4305 = B_SPLINE_CURVE_WITH_KNOTS('',1,(#4306,#4307),.UNSPECIFIED.,.F.,
  .F.,(2,2),(0.,1.570796326795),.PIECEWISE_BEZIER_KNOTS.);
#4306 = CARTESIAN_POINT('',(0.,0.));
#4307 = CARTESIAN_POINT('',(0.,1.570796326795));
#4308 = ( GEOMETRIC_REPRESENTATION_CONTEXT(2) 
PARAMETRIC_REPRESENTATION_CONTEXT() REPRESENTATION_CONTEXT('2D SPACE',''
  ) );
#4309 = PCURVE('',#2672,#4310);
#4310 = DEFINITIONAL_REPRESENTATION('',(#4311),#4314);
#4311 = B_SPLINE_CURVE_WITH_KNOTS('',1,(#4312,#4313),.UNSPECIFIED.,.F.,
  .F.,(2,2),(0.,1.570796326795),.PIECEWISE_BEZIER_KNOTS.);
#4312 = CARTESIAN_POINT('',(0.,15.75));
#4313 = CARTESIAN_POINT('',(-1.570796326795,15.75));
#4314 = ( GEOMETRIC_REPRESENTATION_CONTEXT(2) 
PARAMETRIC_REPRESENTATION_CONTEXT() REPRESENTATION_CONTEXT('2D SPACE',''
  ) );
#4315 = ORIENTED_EDGE('',*,*,#2603,.T.);
#4316 = ORIENTED_EDGE('',*,*,#4317,.T.);
#4317 = EDGE_CURVE('',#2581,#4318,#4320,.T.);
#4318 = VERTEX_POINT('',#4319);
#4319 = CARTESIAN_POINT('',(-8.,-6.75,-2.775557561563E-17));
#4320 = SURFACE_CURVE('',#4321,(#4326,#4332),.PCURVE_S1.);
#4321 = CIRCLE('',#4322,0.125);
#4322 = AXIS2_PLACEMENT_3D('',#4323,#4324,#4325);
#4323 = CARTESIAN_POINT('',(-8.,-6.75,0.125));
#4324 = DIRECTION('',(-0.,-1.,-0.));
#4325 = DIRECTION('',(-1.,0.,0.));
#4326 = PCURVE('',#2618,#4327);
#4327 = DEFINITIONAL_REPRESENTATION('',(#4328),#4331);
#4328 = B_SPLINE_CURVE_WITH_KNOTS('',1,(#4329,#4330),.UNSPECIFIED.,.F.,
  .F.,(2,2),(0.,1.570796326795),.PIECEWISE_BEZIER_KNOTS.);
#4329 = CARTESIAN_POINT('',(1.570796326795,0.));
#4330 = CARTESIAN_POINT('',(1.570796326795,1.570796326795));
#4331 = ( GEOMETRIC_REPRESENTATION_CONTEXT(2) 
PARAMETRIC_REPRESENTATION_CONTEXT() REPRESENTATION_CONTEXT('2D SPACE',''
  ) );
#4332 = PCURVE('',#2726,#4333);
#4333 = DEFINITIONAL_REPRESENTATION('',(#4334),#4337);
#4334 = B_SPLINE_CURVE_WITH_KNOTS('',1,(#4335,#4336),.UNSPECIFIED.,.F.,
  .F.,(2,2),(0.,1.570796326795),.PIECEWISE_BEZIER_KNOTS.);
#4335 = CARTESIAN_POINT('',(0.,0.));
#4336 = CARTESIAN_POINT('',(-1.570796326795,0.));
#4337 = ( GEOMETRIC_REPRESENTATION_CONTEXT(2) 
PARAMETRIC_REPRESENTATION_CONTEXT() REPRESENTATION_CONTEXT('2D SPACE',''
  ) );
#4338 = ORIENTED_EDGE('',*,*,#4339,.F.);
#4339 = EDGE_CURVE('',#4295,#4318,#4340,.T.);
#4340 = SURFACE_CURVE('',#4341,(#4346,#4353),.PCURVE_S1.);
#4341 = CIRCLE('',#4342,0.125);
#4342 = AXIS2_PLACEMENT_3D('',#4343,#4344,#4345);
#4343 = CARTESIAN_POINT('',(-7.875,-6.75,0.));
#4344 = DIRECTION('',(-0.,0.,-1.));
#4345 = DIRECTION('',(-7.105427357601E-15,-1.,0.));
#4346 = PCURVE('',#2618,#4347);
#4347 = DEFINITIONAL_REPRESENTATION('',(#4348),#4352);
#4348 = LINE('',#4349,#4350);
#4349 = CARTESIAN_POINT('',(0.,1.570796326795));
#4350 = VECTOR('',#4351,1.);
#4351 = DIRECTION('',(1.,0.));
#4352 = ( GEOMETRIC_REPRESENTATION_CONTEXT(2) 
PARAMETRIC_REPRESENTATION_CONTEXT() REPRESENTATION_CONTEXT('2D SPACE',''
  ) );
#4353 = PCURVE('',#4354,#4359);
#4354 = PLANE('',#4355);
#4355 = AXIS2_PLACEMENT_3D('',#4356,#4357,#4358);
#4356 = CARTESIAN_POINT('',(-3.783232245517E-06,0.215591516071,0.));
#4357 = DIRECTION('',(-0.,-0.,-1.));
#4358 = DIRECTION('',(-1.,0.,0.));
#4359 = DEFINITIONAL_REPRESENTATION('',(#4360),#4364);
#4360 = CIRCLE('',#4361,0.125);
#4361 = AXIS2_PLACEMENT_2D('',#4362,#4363);
#4362 = CARTESIAN_POINT('',(7.874996216768,-6.965591516071));
#4363 = DIRECTION('',(7.105427357601E-15,-1.));
#4364 = ( GEOMETRIC_REPRESENTATION_CONTEXT(2) 
PARAMETRIC_REPRESENTATION_CONTEXT() REPRESENTATION_CONTEXT('2D SPACE',''
  ) );
#4365 = ADVANCED_FACE('',(#4366),#2672,.T.);
#4366 = FACE_BOUND('',#4367,.F.);
#4367 = EDGE_LOOP('',(#4368,#4390,#4411,#4412));
#4368 = ORIENTED_EDGE('',*,*,#4369,.T.);
#4369 = EDGE_CURVE('',#2634,#4370,#4372,.T.);
#4370 = VERTEX_POINT('',#4371);
#4371 = CARTESIAN_POINT('',(7.875,-6.875,0.));
#4372 = SURFACE_CURVE('',#4373,(#4378,#4384),.PCURVE_S1.);
#4373 = CIRCLE('',#4374,0.125);
#4374 = AXIS2_PLACEMENT_3D('',#4375,#4376,#4377);
#4375 = CARTESIAN_POINT('',(7.875,-6.875,0.125));
#4376 = DIRECTION('',(1.,7.166659697558E-15,0.));
#4377 = DIRECTION('',(7.166659697558E-15,-1.,0.));
#4378 = PCURVE('',#2672,#4379);
#4379 = DEFINITIONAL_REPRESENTATION('',(#4380),#4383);
#4380 = B_SPLINE_CURVE_WITH_KNOTS('',1,(#4381,#4382),.UNSPECIFIED.,.F.,
  .F.,(2,2),(0.,1.570796326795),.PIECEWISE_BEZIER_KNOTS.);
#4381 = CARTESIAN_POINT('',(0.,0.));
#4382 = CARTESIAN_POINT('',(-1.570796326795,0.));
#4383 = ( GEOMETRIC_REPRESENTATION_CONTEXT(2) 
PARAMETRIC_REPRESENTATION_CONTEXT() REPRESENTATION_CONTEXT('2D SPACE',''
  ) );
#4384 = PCURVE('',#2781,#4385);
#4385 = DEFINITIONAL_REPRESENTATION('',(#4386),#4389);
#4386 = B_SPLINE_CURVE_WITH_KNOTS('',1,(#4387,#4388),.UNSPECIFIED.,.F.,
  .F.,(2,2),(0.,1.570796326795),.PIECEWISE_BEZIER_KNOTS.);
#4387 = CARTESIAN_POINT('',(1.570796326795,0.));
#4388 = CARTESIAN_POINT('',(1.570796326795,1.570796326795));
#4389 = ( GEOMETRIC_REPRESENTATION_CONTEXT(2) 
PARAMETRIC_REPRESENTATION_CONTEXT() REPRESENTATION_CONTEXT('2D SPACE',''
  ) );
#4390 = ORIENTED_EDGE('',*,*,#4391,.T.);
#4391 = EDGE_CURVE('',#4370,#4295,#4392,.T.);
#4392 = SURFACE_CURVE('',#4393,(#4397,#4404),.PCURVE_S1.);
#4393 = LINE('',#4394,#4395);
#4394 = CARTESIAN_POINT('',(7.875,-6.875,-2.775557561563E-17));
#4395 = VECTOR('',#4396,1.);
#4396 = DIRECTION('',(-1.,0.,0.));
#4397 = PCURVE('',#2672,#4398);
#4398 = DEFINITIONAL_REPRESENTATION('',(#4399),#4403);
#4399 = LINE('',#4400,#4401);
#4400 = CARTESIAN_POINT('',(-1.570796326795,0.));
#4401 = VECTOR('',#4402,1.);
#4402 = DIRECTION('',(-0.,1.));
#4403 = ( GEOMETRIC_REPRESENTATION_CONTEXT(2) 
PARAMETRIC_REPRESENTATION_CONTEXT() REPRESENTATION_CONTEXT('2D SPACE',''
  ) );
#4404 = PCURVE('',#4354,#4405);
#4405 = DEFINITIONAL_REPRESENTATION('',(#4406),#4410);
#4406 = LINE('',#4407,#4408);
#4407 = CARTESIAN_POINT('',(-7.875003783232,-7.090591516071));
#4408 = VECTOR('',#4409,1.);
#4409 = DIRECTION('',(1.,0.));
#4410 = ( GEOMETRIC_REPRESENTATION_CONTEXT(2) 
PARAMETRIC_REPRESENTATION_CONTEXT() REPRESENTATION_CONTEXT('2D SPACE',''
  ) );
#4411 = ORIENTED_EDGE('',*,*,#4294,.F.);
#4412 = ORIENTED_EDGE('',*,*,#2658,.F.);
#4413 = ADVANCED_FACE('',(#4414),#2726,.T.);
#4414 = FACE_BOUND('',#4415,.F.);
#4415 = EDGE_LOOP('',(#4416,#4417,#4440,#4460));
#4416 = ORIENTED_EDGE('',*,*,#4317,.T.);
#4417 = ORIENTED_EDGE('',*,*,#4418,.T.);
#4418 = EDGE_CURVE('',#4318,#4419,#4421,.T.);
#4419 = VERTEX_POINT('',#4420);
#4420 = CARTESIAN_POINT('',(-8.,6.75,-2.775557561563E-17));
#4421 = SURFACE_CURVE('',#4422,(#4426,#4433),.PCURVE_S1.);
#4422 = LINE('',#4423,#4424);
#4423 = CARTESIAN_POINT('',(-8.,-6.75,-2.775557561563E-17));
#4424 = VECTOR('',#4425,1.);
#4425 = DIRECTION('',(0.,1.,0.));
#4426 = PCURVE('',#2726,#4427);
#4427 = DEFINITIONAL_REPRESENTATION('',(#4428),#4432);
#4428 = LINE('',#4429,#4430);
#4429 = CARTESIAN_POINT('',(-1.570796326795,0.));
#4430 = VECTOR('',#4431,1.);
#4431 = DIRECTION('',(-0.,1.));
#4432 = ( GEOMETRIC_REPRESENTATION_CONTEXT(2) 
PARAMETRIC_REPRESENTATION_CONTEXT() REPRESENTATION_CONTEXT('2D SPACE',''
  ) );
#4433 = PCURVE('',#4354,#4434);
#4434 = DEFINITIONAL_REPRESENTATION('',(#4435),#4439);
#4435 = LINE('',#4436,#4437);
#4436 = CARTESIAN_POINT('',(7.999996216768,-6.965591516071));
#4437 = VECTOR('',#4438,1.);
#4438 = DIRECTION('',(0.,1.));
#4439 = ( GEOMETRIC_REPRESENTATION_CONTEXT(2) 
PARAMETRIC_REPRESENTATION_CONTEXT() REPRESENTATION_CONTEXT('2D SPACE',''
  ) );
#4440 = ORIENTED_EDGE('',*,*,#4441,.F.);
#4441 = EDGE_CURVE('',#2690,#4419,#4442,.T.);
#4442 = SURFACE_CURVE('',#4443,(#4448,#4454),.PCURVE_S1.);
#4443 = CIRCLE('',#4444,0.125);
#4444 = AXIS2_PLACEMENT_3D('',#4445,#4446,#4447);
#4445 = CARTESIAN_POINT('',(-8.,6.75,0.125));
#4446 = DIRECTION('',(-0.,-1.,-0.));
#4447 = DIRECTION('',(-1.,0.,0.));
#4448 = PCURVE('',#2726,#4449);
#4449 = DEFINITIONAL_REPRESENTATION('',(#4450),#4453);
#4450 = B_SPLINE_CURVE_WITH_KNOTS('',1,(#4451,#4452),.UNSPECIFIED.,.F.,
  .F.,(2,2),(0.,1.570796326795),.PIECEWISE_BEZIER_KNOTS.);
#4451 = CARTESIAN_POINT('',(0.,13.5));
#4452 = CARTESIAN_POINT('',(-1.570796326795,13.5));
#4453 = ( GEOMETRIC_REPRESENTATION_CONTEXT(2) 
PARAMETRIC_REPRESENTATION_CONTEXT() REPRESENTATION_CONTEXT('2D SPACE',''
  ) );
#4454 = PCURVE('',#2836,#4455);
#4455 = DEFINITIONAL_REPRESENTATION('',(#4456),#4459);
#4456 = B_SPLINE_CURVE_WITH_KNOTS('',1,(#4457,#4458),.UNSPECIFIED.,.F.,
  .F.,(2,2),(0.,1.570796326795),.PIECEWISE_BEZIER_KNOTS.);
#4457 = CARTESIAN_POINT('',(0.,0.));
#4458 = CARTESIAN_POINT('',(0.,1.570796326795));
#4459 = ( GEOMETRIC_REPRESENTATION_CONTEXT(2) 
PARAMETRIC_REPRESENTATION_CONTEXT() REPRESENTATION_CONTEXT('2D SPACE',''
  ) );
#4460 = ORIENTED_EDGE('',*,*,#2712,.F.);
#4461 = ADVANCED_FACE('',(#4462),#2781,.T.);
#4462 = FACE_BOUND('',#4463,.T.);
#4463 = EDGE_LOOP('',(#4464,#4486,#4487,#4488));
#4464 = ORIENTED_EDGE('',*,*,#4465,.F.);
#4465 = EDGE_CURVE('',#2742,#4466,#4468,.T.);
#4466 = VERTEX_POINT('',#4467);
#4467 = CARTESIAN_POINT('',(8.,-6.75,-2.775557561563E-17));
#4468 = SURFACE_CURVE('',#4469,(#4474,#4480),.PCURVE_S1.);
#4469 = CIRCLE('',#4470,0.125);
#4470 = AXIS2_PLACEMENT_3D('',#4471,#4472,#4473);
#4471 = CARTESIAN_POINT('',(8.,-6.75,0.125));
#4472 = DIRECTION('',(-0.,1.,0.));
#4473 = DIRECTION('',(1.,0.,0.));
#4474 = PCURVE('',#2781,#4475);
#4475 = DEFINITIONAL_REPRESENTATION('',(#4476),#4479);
#4476 = B_SPLINE_CURVE_WITH_KNOTS('',1,(#4477,#4478),.UNSPECIFIED.,.F.,
  .F.,(2,2),(0.,1.570796326795),.PIECEWISE_BEZIER_KNOTS.);
#4477 = CARTESIAN_POINT('',(0.,0.));
#4478 = CARTESIAN_POINT('',(0.,1.570796326795));
#4479 = ( GEOMETRIC_REPRESENTATION_CONTEXT(2) 
PARAMETRIC_REPRESENTATION_CONTEXT() REPRESENTATION_CONTEXT('2D SPACE',''
  ) );
#4480 = PCURVE('',#2890,#4481);
#4481 = DEFINITIONAL_REPRESENTATION('',(#4482),#4485);
#4482 = B_SPLINE_CURVE_WITH_KNOTS('',1,(#4483,#4484),.UNSPECIFIED.,.F.,
  .F.,(2,2),(0.,1.570796326795),.PIECEWISE_BEZIER_KNOTS.);
#4483 = CARTESIAN_POINT('',(0.,13.5));
#4484 = CARTESIAN_POINT('',(-1.570796326795,13.5));
#4485 = ( GEOMETRIC_REPRESENTATION_CONTEXT(2) 
PARAMETRIC_REPRESENTATION_CONTEXT() REPRESENTATION_CONTEXT('2D SPACE',''
  ) );
#4486 = ORIENTED_EDGE('',*,*,#2766,.T.);
#4487 = ORIENTED_EDGE('',*,*,#4369,.T.);
#4488 = ORIENTED_EDGE('',*,*,#4489,.F.);
#4489 = EDGE_CURVE('',#4466,#4370,#4490,.T.);
#4490 = SURFACE_CURVE('',#4491,(#4496,#4503),.PCURVE_S1.);
#4491 = CIRCLE('',#4492,0.125);
#4492 = AXIS2_PLACEMENT_3D('',#4493,#4494,#4495);
#4493 = CARTESIAN_POINT('',(7.875,-6.75,0.));
#4494 = DIRECTION('',(-0.,0.,-1.));
#4495 = DIRECTION('',(1.,-7.105427357601E-15,-0.));
#4496 = PCURVE('',#2781,#4497);
#4497 = DEFINITIONAL_REPRESENTATION('',(#4498),#4502);
#4498 = LINE('',#4499,#4500);
#4499 = CARTESIAN_POINT('',(0.,1.570796326795));
#4500 = VECTOR('',#4501,1.);
#4501 = DIRECTION('',(1.,0.));
#4502 = ( GEOMETRIC_REPRESENTATION_CONTEXT(2) 
PARAMETRIC_REPRESENTATION_CONTEXT() REPRESENTATION_CONTEXT('2D SPACE',''
  ) );
#4503 = PCURVE('',#4354,#4504);
#4504 = DEFINITIONAL_REPRESENTATION('',(#4505),#4509);
#4505 = CIRCLE('',#4506,0.125);
#4506 = AXIS2_PLACEMENT_2D('',#4507,#4508);
#4507 = CARTESIAN_POINT('',(-7.875003783232,-6.965591516071));
#4508 = DIRECTION('',(-1.,-7.105427357601E-15));
#4509 = ( GEOMETRIC_REPRESENTATION_CONTEXT(2) 
PARAMETRIC_REPRESENTATION_CONTEXT() REPRESENTATION_CONTEXT('2D SPACE',''
  ) );
#4510 = ADVANCED_FACE('',(#4511),#2836,.T.);
#4511 = FACE_BOUND('',#4512,.T.);
#4512 = EDGE_LOOP('',(#4513,#4514,#4515,#4537));
#4513 = ORIENTED_EDGE('',*,*,#4441,.F.);
#4514 = ORIENTED_EDGE('',*,*,#2821,.T.);
#4515 = ORIENTED_EDGE('',*,*,#4516,.T.);
#4516 = EDGE_CURVE('',#2799,#4517,#4519,.T.);
#4517 = VERTEX_POINT('',#4518);
#4518 = CARTESIAN_POINT('',(-7.875,6.875,0.));
#4519 = SURFACE_CURVE('',#4520,(#4525,#4531),.PCURVE_S1.);
#4520 = CIRCLE('',#4521,0.125);
#4521 = AXIS2_PLACEMENT_3D('',#4522,#4523,#4524);
#4522 = CARTESIAN_POINT('',(-7.875,6.875,0.125));
#4523 = DIRECTION('',(-1.,-7.166659697558E-15,0.));
#4524 = DIRECTION('',(-7.166659697558E-15,1.,0.));
#4525 = PCURVE('',#2836,#4526);
#4526 = DEFINITIONAL_REPRESENTATION('',(#4527),#4530);
#4527 = B_SPLINE_CURVE_WITH_KNOTS('',1,(#4528,#4529),.UNSPECIFIED.,.F.,
  .F.,(2,2),(0.,1.570796326795),.PIECEWISE_BEZIER_KNOTS.);
#4528 = CARTESIAN_POINT('',(1.570796326795,0.));
#4529 = CARTESIAN_POINT('',(1.570796326795,1.570796326795));
#4530 = ( GEOMETRIC_REPRESENTATION_CONTEXT(2) 
PARAMETRIC_REPRESENTATION_CONTEXT() REPRESENTATION_CONTEXT('2D SPACE',''
  ) );
#4531 = PCURVE('',#2949,#4532);
#4532 = DEFINITIONAL_REPRESENTATION('',(#4533),#4536);
#4533 = B_SPLINE_CURVE_WITH_KNOTS('',1,(#4534,#4535),.UNSPECIFIED.,.F.,
  .F.,(2,2),(0.,1.570796326795),.PIECEWISE_BEZIER_KNOTS.);
#4534 = CARTESIAN_POINT('',(0.,0.));
#4535 = CARTESIAN_POINT('',(-1.570796326795,0.));
#4536 = ( GEOMETRIC_REPRESENTATION_CONTEXT(2) 
PARAMETRIC_REPRESENTATION_CONTEXT() REPRESENTATION_CONTEXT('2D SPACE',''
  ) );
#4537 = ORIENTED_EDGE('',*,*,#4538,.F.);
#4538 = EDGE_CURVE('',#4419,#4517,#4539,.T.);
#4539 = SURFACE_CURVE('',#4540,(#4545,#4552),.PCURVE_S1.);
#4540 = CIRCLE('',#4541,0.125);
#4541 = AXIS2_PLACEMENT_3D('',#4542,#4543,#4544);
#4542 = CARTESIAN_POINT('',(-7.875,6.75,0.));
#4543 = DIRECTION('',(0.,0.,-1.));
#4544 = DIRECTION('',(-1.,7.105427357601E-15,0.));
#4545 = PCURVE('',#2836,#4546);
#4546 = DEFINITIONAL_REPRESENTATION('',(#4547),#4551);
#4547 = LINE('',#4548,#4549);
#4548 = CARTESIAN_POINT('',(0.,1.570796326795));
#4549 = VECTOR('',#4550,1.);
#4550 = DIRECTION('',(1.,0.));
#4551 = ( GEOMETRIC_REPRESENTATION_CONTEXT(2) 
PARAMETRIC_REPRESENTATION_CONTEXT() REPRESENTATION_CONTEXT('2D SPACE',''
  ) );
#4552 = PCURVE('',#4354,#4553);
#4553 = DEFINITIONAL_REPRESENTATION('',(#4554),#4558);
#4554 = CIRCLE('',#4555,0.125);
#4555 = AXIS2_PLACEMENT_2D('',#4556,#4557);
#4556 = CARTESIAN_POINT('',(7.874996216768,6.534408483929));
#4557 = DIRECTION('',(1.,7.105427357601E-15));
#4558 = ( GEOMETRIC_REPRESENTATION_CONTEXT(2) 
PARAMETRIC_REPRESENTATION_CONTEXT() REPRESENTATION_CONTEXT('2D SPACE',''
  ) );
#4559 = ADVANCED_FACE('',(#4560),#2890,.T.);
#4560 = FACE_BOUND('',#4561,.F.);
#4561 = EDGE_LOOP('',(#4562,#4584,#4605,#4606));
#4562 = ORIENTED_EDGE('',*,*,#4563,.T.);
#4563 = EDGE_CURVE('',#2852,#4564,#4566,.T.);
#4564 = VERTEX_POINT('',#4565);
#4565 = CARTESIAN_POINT('',(8.,6.75,0.));
#4566 = SURFACE_CURVE('',#4567,(#4572,#4578),.PCURVE_S1.);
#4567 = CIRCLE('',#4568,0.125);
#4568 = AXIS2_PLACEMENT_3D('',#4569,#4570,#4571);
#4569 = CARTESIAN_POINT('',(8.,6.75,0.125));
#4570 = DIRECTION('',(-7.166659697558E-15,1.,0.));
#4571 = DIRECTION('',(1.,7.166659697558E-15,0.));
#4572 = PCURVE('',#2890,#4573);
#4573 = DEFINITIONAL_REPRESENTATION('',(#4574),#4577);
#4574 = B_SPLINE_CURVE_WITH_KNOTS('',1,(#4575,#4576),.UNSPECIFIED.,.F.,
  .F.,(2,2),(0.,1.570796326795),.PIECEWISE_BEZIER_KNOTS.);
#4575 = CARTESIAN_POINT('',(0.,0.));
#4576 = CARTESIAN_POINT('',(-1.570796326795,0.));
#4577 = ( GEOMETRIC_REPRESENTATION_CONTEXT(2) 
PARAMETRIC_REPRESENTATION_CONTEXT() REPRESENTATION_CONTEXT('2D SPACE',''
  ) );
#4578 = PCURVE('',#3216,#4579);
#4579 = DEFINITIONAL_REPRESENTATION('',(#4580),#4583);
#4580 = B_SPLINE_CURVE_WITH_KNOTS('',1,(#4581,#4582),.UNSPECIFIED.,.F.,
  .F.,(2,2),(0.,1.570796326795),.PIECEWISE_BEZIER_KNOTS.);
#4581 = CARTESIAN_POINT('',(1.570796326795,0.));
#4582 = CARTESIAN_POINT('',(1.570796326795,1.570796326795));
#4583 = ( GEOMETRIC_REPRESENTATION_CONTEXT(2) 
PARAMETRIC_REPRESENTATION_CONTEXT() REPRESENTATION_CONTEXT('2D SPACE',''
  ) );
#4584 = ORIENTED_EDGE('',*,*,#4585,.T.);
#4585 = EDGE_CURVE('',#4564,#4466,#4586,.T.);
#4586 = SURFACE_CURVE('',#4587,(#4591,#4598),.PCURVE_S1.);
#4587 = LINE('',#4588,#4589);
#4588 = CARTESIAN_POINT('',(8.,6.75,-2.775557561563E-17));
#4589 = VECTOR('',#4590,1.);
#4590 = DIRECTION('',(0.,-1.,0.));
#4591 = PCURVE('',#2890,#4592);
#4592 = DEFINITIONAL_REPRESENTATION('',(#4593),#4597);
#4593 = LINE('',#4594,#4595);
#4594 = CARTESIAN_POINT('',(-1.570796326795,0.));
#4595 = VECTOR('',#4596,1.);
#4596 = DIRECTION('',(-0.,1.));
#4597 = ( GEOMETRIC_REPRESENTATION_CONTEXT(2) 
PARAMETRIC_REPRESENTATION_CONTEXT() REPRESENTATION_CONTEXT('2D SPACE',''
  ) );
#4598 = PCURVE('',#4354,#4599);
#4599 = DEFINITIONAL_REPRESENTATION('',(#4600),#4604);
#4600 = LINE('',#4601,#4602);
#4601 = CARTESIAN_POINT('',(-8.000003783232,6.534408483929));
#4602 = VECTOR('',#4603,1.);
#4603 = DIRECTION('',(0.,-1.));
#4604 = ( GEOMETRIC_REPRESENTATION_CONTEXT(2) 
PARAMETRIC_REPRESENTATION_CONTEXT() REPRESENTATION_CONTEXT('2D SPACE',''
  ) );
#4605 = ORIENTED_EDGE('',*,*,#4465,.F.);
#4606 = ORIENTED_EDGE('',*,*,#2876,.F.);
#4607 = ADVANCED_FACE('',(#4608),#2949,.T.);
#4608 = FACE_BOUND('',#4609,.F.);
#4609 = EDGE_LOOP('',(#4610,#4611,#4634,#4659));
#4610 = ORIENTED_EDGE('',*,*,#4516,.T.);
#4611 = ORIENTED_EDGE('',*,*,#4612,.T.);
#4612 = EDGE_CURVE('',#4517,#4613,#4615,.T.);
#4613 = VERTEX_POINT('',#4614);
#4614 = CARTESIAN_POINT('',(-3.928,6.875,-2.775557561563E-17));
#4615 = SURFACE_CURVE('',#4616,(#4620,#4627),.PCURVE_S1.);
#4616 = LINE('',#4617,#4618);
#4617 = CARTESIAN_POINT('',(-7.875,6.875,-2.775557561563E-17));
#4618 = VECTOR('',#4619,1.);
#4619 = DIRECTION('',(1.,0.,0.));
#4620 = PCURVE('',#2949,#4621);
#4621 = DEFINITIONAL_REPRESENTATION('',(#4622),#4626);
#4622 = LINE('',#4623,#4624);
#4623 = CARTESIAN_POINT('',(-1.570796326795,0.));
#4624 = VECTOR('',#4625,1.);
#4625 = DIRECTION('',(-0.,1.));
#4626 = ( GEOMETRIC_REPRESENTATION_CONTEXT(2) 
PARAMETRIC_REPRESENTATION_CONTEXT() REPRESENTATION_CONTEXT('2D SPACE',''
  ) );
#4627 = PCURVE('',#4354,#4628);
#4628 = DEFINITIONAL_REPRESENTATION('',(#4629),#4633);
#4629 = LINE('',#4630,#4631);
#4630 = CARTESIAN_POINT('',(7.874996216768,6.659408483929));
#4631 = VECTOR('',#4632,1.);
#4632 = DIRECTION('',(-1.,0.));
#4633 = ( GEOMETRIC_REPRESENTATION_CONTEXT(2) 
PARAMETRIC_REPRESENTATION_CONTEXT() REPRESENTATION_CONTEXT('2D SPACE',''
  ) );
#4634 = ORIENTED_EDGE('',*,*,#4635,.F.);
#4635 = EDGE_CURVE('',#2908,#4613,#4636,.T.);
#4636 = SURFACE_CURVE('',#4637,(#4642,#4648),.PCURVE_S1.);
#4637 = CIRCLE('',#4638,0.125);
#4638 = AXIS2_PLACEMENT_3D('',#4639,#4640,#4641);
#4639 = CARTESIAN_POINT('',(-3.928,6.875,0.125));
#4640 = DIRECTION('',(-1.,0.,-0.));
#4641 = DIRECTION('',(-0.,1.,0.));
#4642 = PCURVE('',#2949,#4643);
#4643 = DEFINITIONAL_REPRESENTATION('',(#4644),#4647);
#4644 = B_SPLINE_CURVE_WITH_KNOTS('',1,(#4645,#4646),.UNSPECIFIED.,.F.,
  .F.,(2,2),(0.,1.570796326795),.PIECEWISE_BEZIER_KNOTS.);
#4645 = CARTESIAN_POINT('',(0.,3.947));
#4646 = CARTESIAN_POINT('',(-1.570796326795,3.947));
#4647 = ( GEOMETRIC_REPRESENTATION_CONTEXT(2) 
PARAMETRIC_REPRESENTATION_CONTEXT() REPRESENTATION_CONTEXT('2D SPACE',''
  ) );
#4648 = PCURVE('',#4649,#4654);
#4649 = TOROIDAL_SURFACE('',#4650,2.123693484727,0.125);
#4650 = AXIS2_PLACEMENT_3D('',#4651,#4652,#4653);
#4651 = CARTESIAN_POINT('',(-3.927736751004,8.998693467391,0.125));
#4652 = DIRECTION('',(0.,-0.,1.));
#4653 = DIRECTION('',(-1.317105386846E-04,-0.999999991326,0.));
#4654 = DEFINITIONAL_REPRESENTATION('',(#4655),#4658);
#4655 = B_SPLINE_CURVE_WITH_KNOTS('',1,(#4656,#4657),.UNSPECIFIED.,.F.,
  .F.,(2,2),(0.,1.570796326795),.PIECEWISE_BEZIER_KNOTS.);
#4656 = CARTESIAN_POINT('',(0.,3.14159265359));
#4657 = CARTESIAN_POINT('',(0.,4.712388980385));
#4658 = ( GEOMETRIC_REPRESENTATION_CONTEXT(2) 
PARAMETRIC_REPRESENTATION_CONTEXT() REPRESENTATION_CONTEXT('2D SPACE',''
  ) );
#4659 = ORIENTED_EDGE('',*,*,#2935,.F.);
#4660 = ADVANCED_FACE('',(#4661),#2923,.F.);
#4661 = FACE_BOUND('',#4662,.T.);
#4662 = EDGE_LOOP('',(#4663,#4664,#4665,#4820,#4868,#4896,#4918));
#4663 = ORIENTED_EDGE('',*,*,#2965,.T.);
#4664 = ORIENTED_EDGE('',*,*,#3830,.F.);
#4665 = ORIENTED_EDGE('',*,*,#4666,.F.);
#4666 = EDGE_CURVE('',#4667,#3790,#4669,.T.);
#4667 = VERTEX_POINT('',#4668);
#4668 = CARTESIAN_POINT('',(-2.581653721664,7.521251040759,
    0.325000002627));
#4669 = SURFACE_CURVE('',#4670,(#4717,#4813),.PCURVE_S1.);
#4670 = ( BOUNDED_CURVE() B_SPLINE_CURVE(12,(#4671,#4672,#4673,#4674,
    #4675,#4676,#4677,#4678,#4679,#4680,#4681,#4682,#4683,#4684,#4685,
    #4686,#4687,#4688,#4689,#4690,#4691,#4692,#4693,#4694,#4695,#4696,
    #4697,#4698,#4699,#4700,#4701,#4702,#4703,#4704,#4705,#4706,#4707,
    #4708,#4709,#4710,#4711,#4712,#4713,#4714,#4715,#4716),
.UNSPECIFIED.,.F.,.F.) B_SPLINE_CURVE_WITH_KNOTS((13,11,11,11,13),(
    7.206750252549,7.300658352649,7.347612402699,7.394566452749,
7.789340194817),.UNSPECIFIED.) CURVE() GEOMETRIC_REPRESENTATION_ITEM() 
RATIONAL_B_SPLINE_CURVE((1.,1.,1.000000000001,0.999999999997,
    1.000000000005,0.999999999993,1.000000000007,0.999999999994,
    1.000000000004,0.999999999998,1.000000000001,1.,1.,1.,1.000000000001
    ,0.999999999998,1.000000000003,0.999999999996,1.000000000003,
    0.999999999998,1.000000000001,1.,1.,1.,1.,1.,0.999999999999,
    1.000000000001,0.999999999999,1.,1.,1.,1.,1.,1.,1.,1.000000000001,
    0.999999999998,1.000000000003,0.999999999997,1.000000000002,
0.999999999999,1.000000000001,1.,1.,1.)) REPRESENTATION_ITEM('') );
#4671 = CARTESIAN_POINT('',(-2.581653721664,7.521251040759,
    0.325000002627));
#4672 = CARTESIAN_POINT('',(-2.587421738731,7.515995858055,
    0.325000003148));
#4673 = CARTESIAN_POINT('',(-2.593216844055,7.51076123828,0.325027805268
    ));
#4674 = CARTESIAN_POINT('',(-2.599037927655,7.505548139126,
    0.325082935547));
#4675 = CARTESIAN_POINT('',(-2.604883879546,7.500357518288,
    0.325164920543));
#4676 = CARTESIAN_POINT('',(-2.610753589747,7.495190333458,
    0.325273286814));
#4677 = CARTESIAN_POINT('',(-2.616645948273,7.490047542329,
    0.325407560918));
#4678 = CARTESIAN_POINT('',(-2.622559845142,7.484930102595,
    0.325567269414));
#4679 = CARTESIAN_POINT('',(-2.62849417037,7.479838971948,0.32575193886)
  );
#4680 = CARTESIAN_POINT('',(-2.634447813975,7.474775108083,
    0.325961095815));
#4681 = CARTESIAN_POINT('',(-2.640419665973,7.469739468691,
    0.326194266837));
#4682 = CARTESIAN_POINT('',(-2.646408616381,7.464733011467,
    0.326450978485));
#4683 = CARTESIAN_POINT('',(-2.655416024635,7.457268535421,
    0.326870646731));
#4684 = CARTESIAN_POINT('',(-2.658420457759,7.454789484092,0.32701638058
    ));
#4685 = CARTESIAN_POINT('',(-2.661427173563,7.452319263168,
    0.327167898725));
#4686 = CARTESIAN_POINT('',(-2.664436491021,7.449857595706,
    0.327325141033));
#4687 = CARTESIAN_POINT('',(-2.667448729107,7.447404204757,
    0.327488047368));
#4688 = CARTESIAN_POINT('',(-2.670464206794,7.444958813377,
    0.327656557594));
#4689 = CARTESIAN_POINT('',(-2.673483243057,7.442521144619,
    0.327830611577));
#4690 = CARTESIAN_POINT('',(-2.676506156869,7.440090921538,
    0.328010149181));
#4691 = CARTESIAN_POINT('',(-2.679533267205,7.437667867187,0.32819511027
    ));
#4692 = CARTESIAN_POINT('',(-2.682564893037,7.43525170462,0.328385434709
    ));
#4693 = CARTESIAN_POINT('',(-2.685601353341,7.432842156891,
    0.328581062364));
#4694 = CARTESIAN_POINT('',(-2.691684580837,7.428035737219,
    0.328982803833));
#4695 = CARTESIAN_POINT('',(-2.694624108032,7.425720355293,
    0.329192399859));
#4696 = CARTESIAN_POINT('',(-2.698490840561,7.422710228497,
    0.329377071504));
#4697 = CARTESIAN_POINT('',(-2.698651627838,7.422528607332,
    0.329688567285));
#4698 = CARTESIAN_POINT('',(-2.70832502067,7.415120407312,0.329691377845
    ));
#4699 = CARTESIAN_POINT('',(-2.701300041049,7.420431884177,
    0.330254818119));
#4700 = CARTESIAN_POINT('',(-2.715166241675,7.409842118244,
    0.330120102092));
#4701 = CARTESIAN_POINT('',(-2.71086992975,7.413111504739,0.330613009364
    ));
#4702 = CARTESIAN_POINT('',(-2.716919568777,7.408486924247,
    0.330743927375));
#4703 = CARTESIAN_POINT('',(-2.719999311367,7.406155862387,
    0.330994591296));
#4704 = CARTESIAN_POINT('',(-2.723376199059,7.403604338557,0.33123590403
    ));
#4705 = CARTESIAN_POINT('',(-2.755300197858,7.379606645788,
    0.333558765724));
#4706 = CARTESIAN_POINT('',(-2.784107815326,7.358819320393,
    0.336010571105));
#4707 = CARTESIAN_POINT('',(-2.813139885142,7.338721051829,
    0.338796705844));
#4708 = CARTESIAN_POINT('',(-2.842341152829,7.31933366663,0.341873386293
    ));
#4709 = CARTESIAN_POINT('',(-2.871657579504,7.300671151497,
    0.345196446038));
#4710 = CARTESIAN_POINT('',(-2.901040241223,7.28273954343,0.348723210737
    ));
#4711 = CARTESIAN_POINT('',(-2.930449228314,7.265536819858,
    0.352414372961));
#4712 = CARTESIAN_POINT('',(-2.959857544727,7.249052788768,
    0.356235867027));
#4713 = CARTESIAN_POINT('',(-2.98925500737,7.233268978847,0.360160743843
    ));
#4714 = CARTESIAN_POINT('',(-3.018652145448,7.218158529602,
    0.364171045743));
#4715 = CARTESIAN_POINT('',(-3.048084099811,7.2036860815,0.368259681329)
  );
#4716 = CARTESIAN_POINT('',(-3.077614522286,7.189807666095,
    0.372432300306));
#4717 = PCURVE('',#2923,#4718);
#4718 = DEFINITIONAL_REPRESENTATION('',(#4719),#4812);
#4719 = B_SPLINE_CURVE_WITH_KNOTS('',10,(#4720,#4721,#4722,#4723,#4724,
    #4725,#4726,#4727,#4728,#4729,#4730,#4731,#4732,#4733,#4734,#4735,
    #4736,#4737,#4738,#4739,#4740,#4741,#4742,#4743,#4744,#4745,#4746,
    #4747,#4748,#4749,#4750,#4751,#4752,#4753,#4754,#4755,#4756,#4757,
    #4758,#4759,#4760,#4761,#4762,#4763,#4764,#4765,#4766,#4767,#4768,
    #4769,#4770,#4771,#4772,#4773,#4774,#4775,#4776,#4777,#4778,#4779,
    #4780,#4781,#4782,#4783,#4784,#4785,#4786,#4787,#4788,#4789,#4790,
    #4791,#4792,#4793,#4794,#4795,#4796,#4797,#4798,#4799,#4800,#4801,
    #4802,#4803,#4804,#4805,#4806,#4807,#4808,#4809,#4810,#4811),
  .UNSPECIFIED.,.F.,.F.,(11,9,9,9,9,9,9,9,9,9,11),(7.206750252549,
    7.279573995333,7.315985866725,7.33419180242,7.343294770268,
    7.352397738116,7.388809609508,7.407015545204,7.4252214809,
    7.498045223683,7.789340194817),.UNSPECIFIED.);
#4720 = CARTESIAN_POINT('',(-0.739040210393,-0.325000002627));
#4721 = CARTESIAN_POINT('',(-0.735407195668,-0.325000003112));
#4722 = CARTESIAN_POINT('',(-0.731771454595,-0.325024524764));
#4723 = CARTESIAN_POINT('',(-0.728133547614,-0.325073162806));
#4724 = CARTESIAN_POINT('',(-0.724494035161,-0.325145512456));
#4725 = CARTESIAN_POINT('',(-0.720853477675,-0.325241168936));
#4726 = CARTESIAN_POINT('',(-0.717212435591,-0.325359727466));
#4727 = CARTESIAN_POINT('',(-0.71357146935,-0.325500783266));
#4728 = CARTESIAN_POINT('',(-0.709931139388,-0.325663931557));
#4729 = CARTESIAN_POINT('',(-0.706292006143,-0.325848767558));
#4730 = CARTESIAN_POINT('',(-0.700835942008,-0.326157945958));
#4731 = CARTESIAN_POINT('',(-0.699018017641,-0.326266347091));
#4732 = CARTESIAN_POINT('',(-0.697200282947,-0.32637999919));
#4733 = CARTESIAN_POINT('',(-0.695382725608,-0.32649884465));
#4734 = CARTESIAN_POINT('',(-0.693565702355,-0.32662284888));
#4735 = CARTESIAN_POINT('',(-0.691749746317,-0.326751990214));
#4736 = CARTESIAN_POINT('',(-0.689935374387,-0.326886249835));
#4737 = CARTESIAN_POINT('',(-0.688122894563,-0.327025601683));
#4738 = CARTESIAN_POINT('',(-0.686312213318,-0.327170002374));
#4739 = CARTESIAN_POINT('',(-0.683597857762,-0.327394070493));
#4740 = CARTESIAN_POINT('',(-0.682693387843,-0.327470005287));
#4741 = CARTESIAN_POINT('',(-0.681789209585,-0.327547179078));
#4742 = CARTESIAN_POINT('',(-0.680885299381,-0.327625585438));
#4743 = CARTESIAN_POINT('',(-0.679981633623,-0.327705217942));
#4744 = CARTESIAN_POINT('',(-0.679078188707,-0.327786070164));
#4745 = CARTESIAN_POINT('',(-0.678174941024,-0.327868135676));
#4746 = CARTESIAN_POINT('',(-0.67727186697,-0.327951408055));
#4747 = CARTESIAN_POINT('',(-0.676368942935,-0.328035880872));
#4748 = CARTESIAN_POINT('',(-0.675014746506,-0.328164381118));
#4749 = CARTESIAN_POINT('',(-0.674563379323,-0.328207513034));
#4750 = CARTESIAN_POINT('',(-0.674112040818,-0.328250942648));
#4751 = CARTESIAN_POINT('',(-0.673660728042,-0.328294669156));
#4752 = CARTESIAN_POINT('',(-0.673209438045,-0.328338691755));
#4753 = CARTESIAN_POINT('',(-0.67275816788,-0.328383009641));
#4754 = CARTESIAN_POINT('',(-0.672306914598,-0.32842762201));
#4755 = CARTESIAN_POINT('',(-0.671855675249,-0.32847252806));
#4756 = CARTESIAN_POINT('',(-0.671404446884,-0.328517726986));
#4757 = CARTESIAN_POINT('',(-0.670502006226,-0.328608708984));
#4758 = CARTESIAN_POINT('',(-0.670049806893,-0.328654441319));
#4759 = CARTESIAN_POINT('',(-0.669602304033,-0.328700706424));
#4760 = CARTESIAN_POINT('',(-0.66914708921,-0.328746864084));
#4761 = CARTESIAN_POINT('',(-0.66869348186,-0.328793395408));
#4762 = CARTESIAN_POINT('',(-0.668248207821,-0.328840645839));
#4763 = CARTESIAN_POINT('',(-0.667800979383,-0.328888081873));
#4764 = CARTESIAN_POINT('',(-0.667343117724,-0.328935255117));
#4765 = CARTESIAN_POINT('',(-0.666891464489,-0.328983037228));
#4766 = CARTESIAN_POINT('',(-0.664628818677,-0.329223147084));
#4767 = CARTESIAN_POINT('',(-0.662816041534,-0.329419683495));
#4768 = CARTESIAN_POINT('',(-0.661115842876,-0.329626404002));
#4769 = CARTESIAN_POINT('',(-0.65886251271,-0.329809227944));
#4770 = CARTESIAN_POINT('',(-0.657851774307,-0.330060723836));
#4771 = CARTESIAN_POINT('',(-0.655119797302,-0.330226294158));
#4772 = CARTESIAN_POINT('',(-0.65378049066,-0.330470524541));
#4773 = CARTESIAN_POINT('',(-0.651844925183,-0.330685425051));
#4774 = CARTESIAN_POINT('',(-0.649853930355,-0.330902920219));
#4775 = CARTESIAN_POINT('',(-0.646863350133,-0.331236239115));
#4776 = CARTESIAN_POINT('',(-0.645862177755,-0.331348325296));
#4777 = CARTESIAN_POINT('',(-0.644903587384,-0.331464099974));
#4778 = CARTESIAN_POINT('',(-0.6439030389,-0.331577461964));
#4779 = CARTESIAN_POINT('',(-0.642893149554,-0.331694137426));
#4780 = CARTESIAN_POINT('',(-0.641942888563,-0.331812100748));
#4781 = CARTESIAN_POINT('',(-0.640928136947,-0.331930011582));
#4782 = CARTESIAN_POINT('',(-0.639951786798,-0.332050013366));
#4783 = CARTESIAN_POINT('',(-0.63896306278,-0.332170799323));
#4784 = CARTESIAN_POINT('',(-0.636990007094,-0.332414747959));
#4785 = CARTESIAN_POINT('',(-0.636003774043,-0.332537853709));
#4786 = CARTESIAN_POINT('',(-0.635017839733,-0.332662083251));
#4787 = CARTESIAN_POINT('',(-0.634032208114,-0.332787428945));
#4788 = CARTESIAN_POINT('',(-0.633046883135,-0.332913883151));
#4789 = CARTESIAN_POINT('',(-0.632061868746,-0.333041438228));
#4790 = CARTESIAN_POINT('',(-0.631077168894,-0.333170086536));
#4791 = CARTESIAN_POINT('',(-0.630092787531,-0.333299820436));
#4792 = CARTESIAN_POINT('',(-0.629108728605,-0.333430632285));
#4793 = CARTESIAN_POINT('',(-0.624190065905,-0.334090043086));
#4794 = CARTESIAN_POINT('',(-0.620260390226,-0.33463469521));
#4795 = CARTESIAN_POINT('',(-0.616336191417,-0.335195976838));
#4796 = CARTESIAN_POINT('',(-0.612417691868,-0.335773393988));
#4797 = CARTESIAN_POINT('',(-0.608505113966,-0.336366452678));
#4798 = CARTESIAN_POINT('',(-0.604598680103,-0.336974658929));
#4799 = CARTESIAN_POINT('',(-0.600698612665,-0.337597518757));
#4800 = CARTESIAN_POINT('',(-0.596805134043,-0.338234538184));
#4801 = CARTESIAN_POINT('',(-0.592918466626,-0.338885223226));
#4802 = CARTESIAN_POINT('',(-0.573520297505,-0.342204506611));
#4803 = CARTESIAN_POINT('',(-0.55811369971,-0.345070786204));
#4804 = CARTESIAN_POINT('',(-0.542831072088,-0.34811687085));
#4805 = CARTESIAN_POINT('',(-0.527681782927,-0.351312849642));
#4806 = CARTESIAN_POINT('',(-0.512671318021,-0.354631248441));
#4807 = CARTESIAN_POINT('',(-0.497800062539,-0.358048329704));
#4808 = CARTESIAN_POINT('',(-0.483062082914,-0.361545392326));
#4809 = CARTESIAN_POINT('',(-0.468443908718,-0.365110071467));
#4810 = CARTESIAN_POINT('',(-0.453923314544,-0.368737638392));
#4811 = CARTESIAN_POINT('',(-0.439468101885,-0.372432300306));
#4812 = ( GEOMETRIC_REPRESENTATION_CONTEXT(2) 
PARAMETRIC_REPRESENTATION_CONTEXT() REPRESENTATION_CONTEXT('2D SPACE',''
  ) );
#4813 = PCURVE('',#3367,#4814);
#4814 = DEFINITIONAL_REPRESENTATION('',(#4815),#4819);
#4815 = LINE('',#4816,#4817);
#4816 = CARTESIAN_POINT('',(0.,0.));
#4817 = VECTOR('',#4818,1.);
#4818 = DIRECTION('',(0.,1.));
#4819 = ( GEOMETRIC_REPRESENTATION_CONTEXT(2) 
PARAMETRIC_REPRESENTATION_CONTEXT() REPRESENTATION_CONTEXT('2D SPACE',''
  ) );
#4820 = ORIENTED_EDGE('',*,*,#4821,.F.);
#4821 = EDGE_CURVE('',#4822,#4667,#4824,.T.);
#4822 = VERTEX_POINT('',#4823);
#4823 = CARTESIAN_POINT('',(-2.5,7.6,0.325));
#4824 = SURFACE_CURVE('',#4825,(#4832,#4842),.PCURVE_S1.);
#4825 = ( BOUNDED_CURVE() B_SPLINE_CURVE(5,(#4826,#4827,#4828,#4829,
#4830,#4831),.UNSPECIFIED.,.F.,.F.) B_SPLINE_CURVE_WITH_KNOTS((6,6),(
7.093805163839,7.206750252549),.PIECEWISE_BEZIER_KNOTS.) CURVE() 
GEOMETRIC_REPRESENTATION_ITEM() RATIONAL_B_SPLINE_CURVE((1.,1.,1.,1.,1.,
1.)) REPRESENTATION_ITEM('') );
#4826 = CARTESIAN_POINT('',(-2.5,7.6,0.325));
#4827 = CARTESIAN_POINT('',(-2.516570124253,7.583085804062,0.325));
#4828 = CARTESIAN_POINT('',(-2.532359227343,7.567464080773,
    0.325000000143));
#4829 = CARTESIAN_POINT('',(-2.548611355666,7.551779213378,
    0.324999999314));
#4830 = CARTESIAN_POINT('',(-2.565004187954,7.536420264526,
    0.325000001125));
#4831 = CARTESIAN_POINT('',(-2.581653721664,7.521251040759,
    0.325000002627));
#4832 = PCURVE('',#2923,#4833);
#4833 = DEFINITIONAL_REPRESENTATION('',(#4834),#4841);
#4834 = B_SPLINE_CURVE_WITH_KNOTS('',5,(#4835,#4836,#4837,#4838,#4839,
    #4840),.UNSPECIFIED.,.F.,.F.,(6,6),(7.093805163839,7.206750252549),
  .PIECEWISE_BEZIER_KNOTS.);
#4835 = CARTESIAN_POINT('',(-0.795805118406,-0.325));
#4836 = CARTESIAN_POINT('',(-0.783958259435,-0.325));
#4837 = CARTESIAN_POINT('',(-0.772846734113,-0.325000000143));
#4838 = CARTESIAN_POINT('',(-0.761547415278,-0.324999999314));
#4839 = CARTESIAN_POINT('',(-0.750309369455,-0.325000001125));
#4840 = CARTESIAN_POINT('',(-0.739040210393,-0.325000002627));
#4841 = ( GEOMETRIC_REPRESENTATION_CONTEXT(2) 
PARAMETRIC_REPRESENTATION_CONTEXT() REPRESENTATION_CONTEXT('2D SPACE',''
  ) );
#4842 = PCURVE('',#4843,#4862);
#4843 = ( BOUNDED_SURFACE() B_SPLINE_SURFACE(2,5,(
    (#4844,#4845,#4846,#4847,#4848,#4849)
    ,(#4850,#4851,#4852,#4853,#4854,#4855)
    ,(#4856,#4857,#4858,#4859,#4860,#4861
)),.UNSPECIFIED.,.F.,.F.,.F.) B_SPLINE_SURFACE_WITH_KNOTS((3,3),(6,6),(
    0.,0.11294508871),(7.093805163839,7.206750252549),
.PIECEWISE_BEZIER_KNOTS.) GEOMETRIC_REPRESENTATION_ITEM() 
RATIONAL_B_SPLINE_SURFACE((
    (1.,1.,1.,1.,1.,1.)
    ,(0.707106781187,0.707106781187,0.707106781486,0.707106779931
      ,0.707106783139,0.707106785195)
,(1.,1.,1.,1.,1.,1.))) REPRESENTATION_ITEM('') SURFACE() );
#4844 = CARTESIAN_POINT('',(-2.5,7.6,0.325));
#4845 = CARTESIAN_POINT('',(-2.516570124253,7.583085804062,0.325));
#4846 = CARTESIAN_POINT('',(-2.532359227343,7.567464080773,
    0.325000000143));
#4847 = CARTESIAN_POINT('',(-2.548611355666,7.551779213378,
    0.324999999314));
#4848 = CARTESIAN_POINT('',(-2.565004187954,7.536420264526,
    0.325000001125));
#4849 = CARTESIAN_POINT('',(-2.581653721664,7.521251040759,
    0.325000002627));
#4850 = CARTESIAN_POINT('',(-2.5,7.6,0.55));
#4851 = CARTESIAN_POINT('',(-2.516570124252,7.583085804062,0.55));
#4852 = CARTESIAN_POINT('',(-2.532359277904,7.567464062008,0.55));
#4853 = CARTESIAN_POINT('',(-2.548611028718,7.551779438145,0.55));
#4854 = CARTESIAN_POINT('',(-2.565005404366,7.536419245668,0.55));
#4855 = CARTESIAN_POINT('',(-2.581649386728,7.521254990276,0.55));
#4856 = CARTESIAN_POINT('',(-2.341011850467,7.440790175215,0.55));
#4857 = CARTESIAN_POINT('',(-2.356738207675,7.424718571506,0.55));
#4858 = CARTESIAN_POINT('',(-2.375075895639,7.406533152543,0.55));
#4859 = CARTESIAN_POINT('',(-2.393049847815,7.38918399234,0.55));
#4860 = CARTESIAN_POINT('',(-2.411471405794,7.371922676565,0.55));
#4861 = CARTESIAN_POINT('',(-2.430043723705,7.355,0.55));
#4862 = DEFINITIONAL_REPRESENTATION('',(#4863),#4867);
#4863 = LINE('',#4864,#4865);
#4864 = CARTESIAN_POINT('',(0.,0.));
#4865 = VECTOR('',#4866,1.);
#4866 = DIRECTION('',(0.,1.));
#4867 = ( GEOMETRIC_REPRESENTATION_CONTEXT(2) 
PARAMETRIC_REPRESENTATION_CONTEXT() REPRESENTATION_CONTEXT('2D SPACE',''
  ) );
#4868 = ORIENTED_EDGE('',*,*,#4869,.F.);
#4869 = EDGE_CURVE('',#4870,#4822,#4872,.T.);
#4870 = VERTEX_POINT('',#4871);
#4871 = CARTESIAN_POINT('',(-2.5,7.6,0.125));
#4872 = SURFACE_CURVE('',#4873,(#4877,#4884),.PCURVE_S1.);
#4873 = LINE('',#4874,#4875);
#4874 = CARTESIAN_POINT('',(-2.5,7.6,0.));
#4875 = VECTOR('',#4876,1.);
#4876 = DIRECTION('',(0.,0.,1.));
#4877 = PCURVE('',#2923,#4878);
#4878 = DEFINITIONAL_REPRESENTATION('',(#4879),#4883);
#4879 = LINE('',#4880,#4881);
#4880 = CARTESIAN_POINT('',(-0.795805118406,0.));
#4881 = VECTOR('',#4882,1.);
#4882 = DIRECTION('',(-0.,-1.));
#4883 = ( GEOMETRIC_REPRESENTATION_CONTEXT(2) 
PARAMETRIC_REPRESENTATION_CONTEXT() REPRESENTATION_CONTEXT('2D SPACE',''
  ) );
#4884 = PCURVE('',#4885,#4890);
#4885 = CYLINDRICAL_SURFACE('',#4886,3.50119047619);
#4886 = AXIS2_PLACEMENT_3D('',#4887,#4888,#4889);
#4887 = CARTESIAN_POINT('',(2.006182710893E-16,5.14880952381,0.));
#4888 = DIRECTION('',(0.,0.,-1.));
#4889 = DIRECTION('',(-0.714042842571,0.70010200612,0.));
#4890 = DEFINITIONAL_REPRESENTATION('',(#4891),#4895);
#4891 = LINE('',#4892,#4893);
#4892 = CARTESIAN_POINT('',(0.,0.));
#4893 = VECTOR('',#4894,1.);
#4894 = DIRECTION('',(0.,-1.));
#4895 = ( GEOMETRIC_REPRESENTATION_CONTEXT(2) 
PARAMETRIC_REPRESENTATION_CONTEXT() REPRESENTATION_CONTEXT('2D SPACE',''
  ) );
#4896 = ORIENTED_EDGE('',*,*,#4897,.F.);
#4897 = EDGE_CURVE('',#2908,#4870,#4898,.T.);
#4898 = SURFACE_CURVE('',#4899,(#4904,#4911),.PCURVE_S1.);
#4899 = CIRCLE('',#4900,1.998693484727);
#4900 = AXIS2_PLACEMENT_3D('',#4901,#4902,#4903);
#4901 = CARTESIAN_POINT('',(-3.927736751004,8.998693467391,0.125));
#4902 = DIRECTION('',(0.,0.,1.));
#4903 = DIRECTION('',(-1.317105386846E-04,-0.999999991326,0.));
#4904 = PCURVE('',#2923,#4905);
#4905 = DEFINITIONAL_REPRESENTATION('',(#4906),#4910);
#4906 = LINE('',#4907,#4908);
#4907 = CARTESIAN_POINT('',(-0.,-0.125));
#4908 = VECTOR('',#4909,1.);
#4909 = DIRECTION('',(-1.,0.));
#4910 = ( GEOMETRIC_REPRESENTATION_CONTEXT(2) 
PARAMETRIC_REPRESENTATION_CONTEXT() REPRESENTATION_CONTEXT('2D SPACE',''
  ) );
#4911 = PCURVE('',#4649,#4912);
#4912 = DEFINITIONAL_REPRESENTATION('',(#4913),#4917);
#4913 = LINE('',#4914,#4915);
#4914 = CARTESIAN_POINT('',(0.,3.14159265359));
#4915 = VECTOR('',#4916,1.);
#4916 = DIRECTION('',(1.,0.));
#4917 = ( GEOMETRIC_REPRESENTATION_CONTEXT(2) 
PARAMETRIC_REPRESENTATION_CONTEXT() REPRESENTATION_CONTEXT('2D SPACE',''
  ) );
#4918 = ORIENTED_EDGE('',*,*,#2907,.T.);
#4919 = ADVANCED_FACE('',(#4920),#3216,.T.);
#4920 = FACE_BOUND('',#4921,.T.);
#4921 = EDGE_LOOP('',(#4922,#4944,#4945,#4946));
#4922 = ORIENTED_EDGE('',*,*,#4923,.F.);
#4923 = EDGE_CURVE('',#3177,#4924,#4926,.T.);
#4924 = VERTEX_POINT('',#4925);
#4925 = CARTESIAN_POINT('',(7.875,6.875,-2.775557561563E-17));
#4926 = SURFACE_CURVE('',#4927,(#4932,#4938),.PCURVE_S1.);
#4927 = CIRCLE('',#4928,0.125);
#4928 = AXIS2_PLACEMENT_3D('',#4929,#4930,#4931);
#4929 = CARTESIAN_POINT('',(7.875,6.875,0.125));
#4930 = DIRECTION('',(-1.,0.,-0.));
#4931 = DIRECTION('',(-0.,1.,0.));
#4932 = PCURVE('',#3216,#4933);
#4933 = DEFINITIONAL_REPRESENTATION('',(#4934),#4937);
#4934 = B_SPLINE_CURVE_WITH_KNOTS('',1,(#4935,#4936),.UNSPECIFIED.,.F.,
  .F.,(2,2),(0.,1.570796326795),.PIECEWISE_BEZIER_KNOTS.);
#4935 = CARTESIAN_POINT('',(0.,0.));
#4936 = CARTESIAN_POINT('',(0.,1.570796326795));
#4937 = ( GEOMETRIC_REPRESENTATION_CONTEXT(2) 
PARAMETRIC_REPRESENTATION_CONTEXT() REPRESENTATION_CONTEXT('2D SPACE',''
  ) );
#4938 = PCURVE('',#4154,#4939);
#4939 = DEFINITIONAL_REPRESENTATION('',(#4940),#4943);
#4940 = B_SPLINE_CURVE_WITH_KNOTS('',1,(#4941,#4942),.UNSPECIFIED.,.F.,
  .F.,(2,2),(0.,1.570796326795),.PIECEWISE_BEZIER_KNOTS.);
#4941 = CARTESIAN_POINT('',(0.,3.947));
#4942 = CARTESIAN_POINT('',(-1.570796326795,3.947));
#4943 = ( GEOMETRIC_REPRESENTATION_CONTEXT(2) 
PARAMETRIC_REPRESENTATION_CONTEXT() REPRESENTATION_CONTEXT('2D SPACE',''
  ) );
#4944 = ORIENTED_EDGE('',*,*,#3201,.T.);
#4945 = ORIENTED_EDGE('',*,*,#4563,.T.);
#4946 = ORIENTED_EDGE('',*,*,#4947,.F.);
#4947 = EDGE_CURVE('',#4924,#4564,#4948,.T.);
#4948 = SURFACE_CURVE('',#4949,(#4954,#4961),.PCURVE_S1.);
#4949 = CIRCLE('',#4950,0.125);
#4950 = AXIS2_PLACEMENT_3D('',#4951,#4952,#4953);
#4951 = CARTESIAN_POINT('',(7.875,6.75,0.));
#4952 = DIRECTION('',(0.,0.,-1.));
#4953 = DIRECTION('',(7.105427357601E-15,1.,0.));
#4954 = PCURVE('',#3216,#4955);
#4955 = DEFINITIONAL_REPRESENTATION('',(#4956),#4960);
#4956 = LINE('',#4957,#4958);
#4957 = CARTESIAN_POINT('',(0.,1.570796326795));
#4958 = VECTOR('',#4959,1.);
#4959 = DIRECTION('',(1.,0.));
#4960 = ( GEOMETRIC_REPRESENTATION_CONTEXT(2) 
PARAMETRIC_REPRESENTATION_CONTEXT() REPRESENTATION_CONTEXT('2D SPACE',''
  ) );
#4961 = PCURVE('',#4354,#4962);
#4962 = DEFINITIONAL_REPRESENTATION('',(#4963),#4967);
#4963 = CIRCLE('',#4964,0.125);
#4964 = AXIS2_PLACEMENT_2D('',#4965,#4966);
#4965 = CARTESIAN_POINT('',(-7.875003783232,6.534408483929));
#4966 = DIRECTION('',(-7.105427357601E-15,1.));
#4967 = ( GEOMETRIC_REPRESENTATION_CONTEXT(2) 
PARAMETRIC_REPRESENTATION_CONTEXT() REPRESENTATION_CONTEXT('2D SPACE',''
  ) );
#4968 = ADVANCED_FACE('',(#4969),#3249,.T.);
#4969 = FACE_BOUND('',#4970,.T.);
#4970 = EDGE_LOOP('',(#4971,#4972,#5020,#5168));
#4971 = ORIENTED_EDGE('',*,*,#3231,.T.);
#4972 = ORIENTED_EDGE('',*,*,#4973,.T.);
#4973 = EDGE_CURVE('',#3234,#4974,#4976,.T.);
#4974 = VERTEX_POINT('',#4975);
#4975 = CARTESIAN_POINT('',(2.341052006896,7.44075008481,0.55));
#4976 = SURFACE_CURVE('',#4977,(#4984,#4994),.PCURVE_S1.);
#4977 = ( BOUNDED_CURVE() B_SPLINE_CURVE(5,(#4978,#4979,#4980,#4981,
#4982,#4983),.UNSPECIFIED.,.F.,.F.) B_SPLINE_CURVE_WITH_KNOTS((6,6),(
1.689373810616,1.802300509985),.PIECEWISE_BEZIER_KNOTS.) CURVE() 
GEOMETRIC_REPRESENTATION_ITEM() RATIONAL_B_SPLINE_CURVE((1.,1.,1.,1.,1.,
1.)) REPRESENTATION_ITEM('') );
#4978 = CARTESIAN_POINT('',(2.430123145914,7.355,0.55));
#4979 = CARTESIAN_POINT('',(2.411545244547,7.371913515803,0.55));
#4980 = CARTESIAN_POINT('',(2.393120360387,7.389163057803,0.55));
#4981 = CARTESIAN_POINT('',(2.375140777901,7.406501237008,0.55));
#4982 = CARTESIAN_POINT('',(2.356785392483,7.424688057939,0.55));
#4983 = CARTESIAN_POINT('',(2.341052006896,7.44075008481,0.55));
#4984 = PCURVE('',#3249,#4985);
#4985 = DEFINITIONAL_REPRESENTATION('',(#4986),#4993);
#4986 = B_SPLINE_CURVE_WITH_KNOTS('',5,(#4987,#4988,#4989,#4990,#4991,
    #4992),.UNSPECIFIED.,.F.,.F.,(6,6),(1.689373810616,1.802300509985),
  .PIECEWISE_BEZIER_KNOTS.);
#4987 = CARTESIAN_POINT('',(1.040834085586E-15,-13.55512314591));
#4988 = CARTESIAN_POINT('',(1.691351580298E-02,-13.53654524454));
#4989 = CARTESIAN_POINT('',(3.416305780327E-02,-13.51812036038));
#4990 = CARTESIAN_POINT('',(5.150123700784E-02,-13.5001407779));
#4991 = CARTESIAN_POINT('',(6.968805793864E-02,-13.48178539248));
#4992 = CARTESIAN_POINT('',(8.57500848099E-02,-13.46605200689));
#4993 = ( GEOMETRIC_REPRESENTATION_CONTEXT(2) 
PARAMETRIC_REPRESENTATION_CONTEXT() REPRESENTATION_CONTEXT('2D SPACE',''
  ) );
#4994 = PCURVE('',#4995,#5014);
#4995 = ( BOUNDED_SURFACE() B_SPLINE_SURFACE(2,5,(
    (#4996,#4997,#4998,#4999,#5000,#5001)
    ,(#5002,#5003,#5004,#5005,#5006,#5007)
    ,(#5008,#5009,#5010,#5011,#5012,#5013
)),.UNSPECIFIED.,.F.,.F.,.F.) B_SPLINE_SURFACE_WITH_KNOTS((3,3),(6,6),(
    0.,0.112926699369),(1.689373810616,1.802300509985),
.PIECEWISE_BEZIER_KNOTS.) GEOMETRIC_REPRESENTATION_ITEM() 
RATIONAL_B_SPLINE_SURFACE((
    (1.,1.,1.,1.,1.,1.)
    ,(0.707106781149,0.707106781176,0.707106781202,0.70710678118
      ,0.707106781187,0.707106781187)
,(1.,1.,1.,1.,1.,1.))) REPRESENTATION_ITEM('') SURFACE() );
#4996 = CARTESIAN_POINT('',(2.581657141333,7.521320318159,0.324999999976
    ));
#4997 = CARTESIAN_POINT('',(2.565013154329,7.536471849776,0.324999999993
    ));
#4998 = CARTESIAN_POINT('',(2.548616678853,7.551820396286,0.32500000001)
  );
#4999 = CARTESIAN_POINT('',(2.532363280349,7.567492315037,0.324999999996
    ));
#5000 = CARTESIAN_POINT('',(2.516574975483,7.583097978805,0.325));
#5001 = CARTESIAN_POINT('',(2.5,7.6,0.325));
#5002 = CARTESIAN_POINT('',(2.581657184025,7.521320279295,0.55));
#5003 = CARTESIAN_POINT('',(2.565013126705,7.536471874046,0.55));
#5004 = CARTESIAN_POINT('',(2.548616696695,7.551820380972,0.55));
#5005 = CARTESIAN_POINT('',(2.532363273989,7.567492320434,0.55));
#5006 = CARTESIAN_POINT('',(2.516574975482,7.583097978805,0.55));
#5007 = CARTESIAN_POINT('',(2.5,7.6,0.55));
#5008 = CARTESIAN_POINT('',(2.430123145914,7.355,0.55));
#5009 = CARTESIAN_POINT('',(2.411545244547,7.371913515803,0.55));
#5010 = CARTESIAN_POINT('',(2.393120360387,7.389163057803,0.55));
#5011 = CARTESIAN_POINT('',(2.375140777901,7.406501237008,0.55));
#5012 = CARTESIAN_POINT('',(2.356785392483,7.424688057939,0.55));
#5013 = CARTESIAN_POINT('',(2.341052006896,7.44075008481,0.55));
#5014 = DEFINITIONAL_REPRESENTATION('',(#5015),#5019);
#5015 = LINE('',#5016,#5017);
#5016 = CARTESIAN_POINT('',(0.112926699369,0.));
#5017 = VECTOR('',#5018,1.);
#5018 = DIRECTION('',(0.,1.));
#5019 = ( GEOMETRIC_REPRESENTATION_CONTEXT(2) 
PARAMETRIC_REPRESENTATION_CONTEXT() REPRESENTATION_CONTEXT('2D SPACE',''
  ) );
#5020 = ORIENTED_EDGE('',*,*,#5021,.T.);
#5021 = EDGE_CURVE('',#4974,#5022,#5024,.T.);
#5022 = VERTEX_POINT('',#5023);
#5023 = CARTESIAN_POINT('',(-2.341011850467,7.440790175215,0.55));
#5024 = SURFACE_CURVE('',#5025,(#5052,#5082),.PCURVE_S1.);
#5025 = ( BOUNDED_CURVE() B_SPLINE_CURVE(9,(#5026,#5027,#5028,#5029,
    #5030,#5031,#5032,#5033,#5034,#5035,#5036,#5037,#5038,#5039,#5040,
    #5041,#5042,#5043,#5044,#5045,#5046,#5047,#5048,#5049,#5050,#5051),
.UNSPECIFIED.,.F.,.F.) B_SPLINE_CURVE_WITH_KNOTS((10,8,8,10),(
    1.802300509985,1.803018548202,7.093076021967,7.093805163839),
.UNSPECIFIED.) CURVE() GEOMETRIC_REPRESENTATION_ITEM() 
RATIONAL_B_SPLINE_CURVE((1.,1.,1.,1.,1.,1.,1.,1.,1.,1.,1.,1.,1.,1.,1.,1.
,1.,1.,1.,1.,1.,1.,1.,1.,1.,1.)) REPRESENTATION_ITEM('') );
#5026 = CARTESIAN_POINT('',(2.341052006896,7.44075008481,0.55));
#5027 = CARTESIAN_POINT('',(2.340996434441,7.44080682869,0.55));
#5028 = CARTESIAN_POINT('',(2.340940887931,7.440863543883,0.55));
#5029 = CARTESIAN_POINT('',(2.340885367474,7.440920230286,0.55));
#5030 = CARTESIAN_POINT('',(2.340829873177,7.440976887799,0.55));
#5031 = CARTESIAN_POINT('',(2.340774405147,7.441033516318,0.55));
#5032 = CARTESIAN_POINT('',(2.340718963491,7.441090115741,0.55));
#5033 = CARTESIAN_POINT('',(2.340663548317,7.441146685967,0.55));
#5034 = CARTESIAN_POINT('',(2.340608159731,7.441203226892,0.55));
#5035 = CARTESIAN_POINT('',(1.932680945323,7.857601369777,0.55));
#5036 = CARTESIAN_POINT('',(1.44446516533,8.189277191302,0.55));
#5037 = CARTESIAN_POINT('',(0.896836344335,8.420743875409,0.55));
#5038 = CARTESIAN_POINT('',(0.301784414425,8.543555864494,0.55));
#5039 = CARTESIAN_POINT('',(-0.3017903101,8.54347857258,0.55));
#5040 = CARTESIAN_POINT('',(-0.896812717046,8.420811697949,0.55));
#5041 = CARTESIAN_POINT('',(-1.444508819435,8.189236581829,0.55));
#5042 = CARTESIAN_POINT('',(-1.932677424119,7.857590751175,0.55));
#5043 = CARTESIAN_POINT('',(-2.340561179048,7.441250271925,0.55));
#5044 = CARTESIAN_POINT('',(-2.340617418318,7.441192864391,0.55));
#5045 = CARTESIAN_POINT('',(-2.340673684856,7.441135426772,0.55));
#5046 = CARTESIAN_POINT('',(-2.34072997855,7.441077959174,0.55));
#5047 = CARTESIAN_POINT('',(-2.340786299289,7.441020461704,0.55));
#5048 = CARTESIAN_POINT('',(-2.340842646962,7.440962934466,0.55));
#5049 = CARTESIAN_POINT('',(-2.340899021457,7.440905377568,0.55));
#5050 = CARTESIAN_POINT('',(-2.340955422662,7.440847791115,0.55));
#5051 = CARTESIAN_POINT('',(-2.341011850467,7.440790175215,0.55));
#5052 = PCURVE('',#3249,#5053);
#5053 = DEFINITIONAL_REPRESENTATION('',(#5054),#5081);
#5054 = B_SPLINE_CURVE_WITH_KNOTS('',9,(#5055,#5056,#5057,#5058,#5059,
    #5060,#5061,#5062,#5063,#5064,#5065,#5066,#5067,#5068,#5069,#5070,
    #5071,#5072,#5073,#5074,#5075,#5076,#5077,#5078,#5079,#5080),
  .UNSPECIFIED.,.F.,.F.,(10,8,8,10),(1.802300509985,1.803018548202,
    7.093076021967,7.093805163839),.UNSPECIFIED.);
#5055 = CARTESIAN_POINT('',(8.57500848099E-02,-13.46605200689));
#5056 = CARTESIAN_POINT('',(8.580682868972E-02,-13.46599643444));
#5057 = CARTESIAN_POINT('',(8.586354388265E-02,-13.46594088793));
#5058 = CARTESIAN_POINT('',(8.592023028651E-02,-13.46588536747));
#5059 = CARTESIAN_POINT('',(8.597688779902E-02,-13.46582987317));
#5060 = CARTESIAN_POINT('',(8.603351631803E-02,-13.46577440514));
#5061 = CARTESIAN_POINT('',(8.609011574125E-02,-13.46571896349));
#5062 = CARTESIAN_POINT('',(8.614668596651E-02,-13.46566354831));
#5063 = CARTESIAN_POINT('',(8.620322689156E-02,-13.46560815973));
#5064 = CARTESIAN_POINT('',(0.502601369777,-13.05768094532));
#5065 = CARTESIAN_POINT('',(0.834277191302,-12.56946516533));
#5066 = CARTESIAN_POINT('',(1.065743875409,-12.02183634433));
#5067 = CARTESIAN_POINT('',(1.188555864494,-11.42678441442));
#5068 = CARTESIAN_POINT('',(1.18847857258,-10.8232096899));
#5069 = CARTESIAN_POINT('',(1.065811697949,-10.22818728295));
#5070 = CARTESIAN_POINT('',(0.834236581829,-9.680491180565));
#5071 = CARTESIAN_POINT('',(0.502590751175,-9.192322575881));
#5072 = CARTESIAN_POINT('',(8.625027192539E-02,-8.784438820952));
#5073 = CARTESIAN_POINT('',(8.619286439148E-02,-8.784382581682));
#5074 = CARTESIAN_POINT('',(8.613542677242E-02,-8.784326315143));
#5075 = CARTESIAN_POINT('',(8.607795917442E-02,-8.784270021451));
#5076 = CARTESIAN_POINT('',(8.602046170353E-02,-8.784213700709));
#5077 = CARTESIAN_POINT('',(8.5962934466E-02,-8.784157353039));
#5078 = CARTESIAN_POINT('',(8.590537756789E-02,-8.784100978543));
#5079 = CARTESIAN_POINT('',(8.58477911154E-02,-8.784044577338));
#5080 = CARTESIAN_POINT('',(8.579017521465E-02,-8.783988149533));
#5081 = ( GEOMETRIC_REPRESENTATION_CONTEXT(2) 
PARAMETRIC_REPRESENTATION_CONTEXT() REPRESENTATION_CONTEXT('2D SPACE',''
  ) );
#5082 = PCURVE('',#5083,#5162);
#5083 = ( BOUNDED_SURFACE() B_SPLINE_SURFACE(2,9,(
    (#5084,#5085,#5086,#5087,#5088,#5089,#5090,#5091,#5092,#5093,#5094
      ,#5095,#5096,#5097,#5098,#5099,#5100,#5101,#5102,#5103,#5104,#5105
      ,#5106,#5107,#5108,#5109)
    ,(#5110,#5111,#5112,#5113,#5114,#5115,#5116,#5117,#5118,#5119,#5120
      ,#5121,#5122,#5123,#5124,#5125,#5126,#5127,#5128,#5129,#5130,#5131
      ,#5132,#5133,#5134,#5135)
    ,(#5136,#5137,#5138,#5139,#5140,#5141,#5142,#5143,#5144,#5145,#5146
      ,#5147,#5148,#5149,#5150,#5151,#5152,#5153,#5154,#5155,#5156,#5157
      ,#5158,#5159,#5160,#5161
)),.UNSPECIFIED.,.F.,.F.,.F.) B_SPLINE_SURFACE_WITH_KNOTS((3,3),(10,8,8,
    10),(0.,5.291504653854),(1.802300509985,1.803018548202,
    7.093076021967,7.093805163839),.UNSPECIFIED.) 
GEOMETRIC_REPRESENTATION_ITEM() RATIONAL_B_SPLINE_SURFACE((
    (1.,1.,1.,1.,1.,1.,1.,1.,1.,1.,1.,1.,1.,1.,1.,1.,1.,1.,1.,1.,1.,1.
      ,1.,1.,1.,1.)
    ,(0.707106781187,0.707106781187,0.707106781186,0.707106781187
      ,0.707106781186,0.707106781187,0.707106781186,0.707106781187
      ,0.707106781187,0.707106781187,0.707106781186,0.707106781187
      ,0.707106781186,0.707106781187,0.707106781187,0.707106781187
      ,0.707106781187,0.707106781187,0.707106781187,0.707106781186
      ,0.707106781187,0.707106781186,0.707106781187,0.707106781187
      ,0.707106781187,0.707106781187)
    ,(1.,1.,1.,1.,1.,1.,1.,1.,1.,1.,1.,1.,1.,1.,1.,1.,1.,1.,1.,1.,1.,1.
,1.,1.,1.,1.))) REPRESENTATION_ITEM('') SURFACE() );
#5084 = CARTESIAN_POINT('',(2.5,7.6,0.325));
#5085 = CARTESIAN_POINT('',(2.499941454655,7.600059711134,0.325));
#5086 = CARTESIAN_POINT('',(2.499882895806,7.600119432831,0.325));
#5087 = CARTESIAN_POINT('',(2.499824323406,7.600179165138,0.325));
#5088 = CARTESIAN_POINT('',(2.499765737408,7.600238908099,0.325));
#5089 = CARTESIAN_POINT('',(2.499707137763,7.600298661762,0.325));
#5090 = CARTESIAN_POINT('',(2.499648524425,7.600358426172,0.325));
#5091 = CARTESIAN_POINT('',(2.499589897346,7.600418201377,0.325));
#5092 = CARTESIAN_POINT('',(2.499531256479,7.600477987421,0.325));
#5093 = CARTESIAN_POINT('',(2.06734135327,8.041084248408,0.325));
#5094 = CARTESIAN_POINT('',(1.544226950045,8.399373061509,0.325));
#5095 = CARTESIAN_POINT('',(0.95736220194,8.645089809786,0.325));
#5096 = CARTESIAN_POINT('',(0.323605610224,8.776731063596,0.325));
#5097 = CARTESIAN_POINT('',(-0.323606347355,8.776665484076,0.325));
#5098 = CARTESIAN_POINT('',(-0.957351905098,8.64515610754,0.325));
#5099 = CARTESIAN_POINT('',(-1.544259597243,8.399312131469,0.325));
#5100 = CARTESIAN_POINT('',(-2.067300228343,8.041123229808,0.325));
#5101 = CARTESIAN_POINT('',(-2.49952397719,7.600485408843,0.325));
#5102 = CARTESIAN_POINT('',(-2.499583529253,7.600424694164,0.325));
#5103 = CARTESIAN_POINT('',(-2.499643067157,7.600363990601,0.325));
#5104 = CARTESIAN_POINT('',(-2.499702590951,7.600303298108,0.325));
#5105 = CARTESIAN_POINT('',(-2.499762100684,7.600242616636,0.325));
#5106 = CARTESIAN_POINT('',(-2.499821596406,7.600181946137,0.325));
#5107 = CARTESIAN_POINT('',(-2.499881078167,7.600121286564,0.325));
#5108 = CARTESIAN_POINT('',(-2.499940546015,7.600060637867,0.325));
#5109 = CARTESIAN_POINT('',(-2.5,7.6,0.325));
#5110 = CARTESIAN_POINT('',(2.5,7.6,0.55));
#5111 = CARTESIAN_POINT('',(2.499941454654,7.600059711134,0.55));
#5112 = CARTESIAN_POINT('',(2.499882895806,7.600119432831,0.55));
#5113 = CARTESIAN_POINT('',(2.499824323406,7.600179165138,0.55));
#5114 = CARTESIAN_POINT('',(2.499765737407,7.600238908099,0.55));
#5115 = CARTESIAN_POINT('',(2.499707137763,7.600298661762,0.55));
#5116 = CARTESIAN_POINT('',(2.499648524425,7.600358426173,0.55));
#5117 = CARTESIAN_POINT('',(2.499589897346,7.600418201377,0.55));
#5118 = CARTESIAN_POINT('',(2.499531256479,7.600477987421,0.55));
#5119 = CARTESIAN_POINT('',(2.067341353271,8.041084248408,0.55));
#5120 = CARTESIAN_POINT('',(1.544226950045,8.399373061509,0.55));
#5121 = CARTESIAN_POINT('',(0.95736220194,8.645089809785,0.55));
#5122 = CARTESIAN_POINT('',(0.323605610224,8.776731063596,0.55));
#5123 = CARTESIAN_POINT('',(-0.323606347355,8.776665484076,0.55));
#5124 = CARTESIAN_POINT('',(-0.957351905098,8.64515610754,0.55));
#5125 = CARTESIAN_POINT('',(-1.544259597243,8.399312131469,0.55));
#5126 = CARTESIAN_POINT('',(-2.067300228343,8.041123229808,0.55));
#5127 = CARTESIAN_POINT('',(-2.49952397719,7.600485408843,0.55));
#5128 = CARTESIAN_POINT('',(-2.499583529253,7.600424694164,0.55));
#5129 = CARTESIAN_POINT('',(-2.499643067157,7.600363990601,0.55));
#5130 = CARTESIAN_POINT('',(-2.499702590951,7.600303298108,0.55));
#5131 = CARTESIAN_POINT('',(-2.499762100684,7.600242616636,0.55));
#5132 = CARTESIAN_POINT('',(-2.499821596406,7.600181946137,0.55));
#5133 = CARTESIAN_POINT('',(-2.499881078167,7.600121286564,0.55));
#5134 = CARTESIAN_POINT('',(-2.499940546015,7.600060637867,0.55));
#5135 = CARTESIAN_POINT('',(-2.5,7.6,0.55));
#5136 = CARTESIAN_POINT('',(2.341052006896,7.44075008481,0.55));
#5137 = CARTESIAN_POINT('',(2.340996434441,7.44080682869,0.55));
#5138 = CARTESIAN_POINT('',(2.340940887931,7.440863543883,0.55));
#5139 = CARTESIAN_POINT('',(2.340885367474,7.440920230286,0.55));
#5140 = CARTESIAN_POINT('',(2.340829873177,7.440976887799,0.55));
#5141 = CARTESIAN_POINT('',(2.340774405147,7.441033516318,0.55));
#5142 = CARTESIAN_POINT('',(2.340718963491,7.441090115741,0.55));
#5143 = CARTESIAN_POINT('',(2.340663548317,7.441146685967,0.55));
#5144 = CARTESIAN_POINT('',(2.340608159731,7.441203226892,0.55));
#5145 = CARTESIAN_POINT('',(1.932680945323,7.857601369777,0.55));
#5146 = CARTESIAN_POINT('',(1.44446516533,8.189277191302,0.55));
#5147 = CARTESIAN_POINT('',(0.896836344335,8.420743875409,0.55));
#5148 = CARTESIAN_POINT('',(0.301784414425,8.543555864494,0.55));
#5149 = CARTESIAN_POINT('',(-0.3017903101,8.54347857258,0.55));
#5150 = CARTESIAN_POINT('',(-0.896812717046,8.420811697949,0.55));
#5151 = CARTESIAN_POINT('',(-1.444508819435,8.189236581829,0.55));
#5152 = CARTESIAN_POINT('',(-1.932677424119,7.857590751175,0.55));
#5153 = CARTESIAN_POINT('',(-2.340561179048,7.441250271925,0.55));
#5154 = CARTESIAN_POINT('',(-2.340617418318,7.441192864391,0.55));
#5155 = CARTESIAN_POINT('',(-2.340673684856,7.441135426772,0.55));
#5156 = CARTESIAN_POINT('',(-2.34072997855,7.441077959174,0.55));
#5157 = CARTESIAN_POINT('',(-2.340786299289,7.441020461704,0.55));
#5158 = CARTESIAN_POINT('',(-2.340842646962,7.440962934466,0.55));
#5159 = CARTESIAN_POINT('',(-2.340899021457,7.440905377568,0.55));
#5160 = CARTESIAN_POINT('',(-2.340955422662,7.440847791115,0.55));
#5161 = CARTESIAN_POINT('',(-2.341011850467,7.440790175215,0.55));
#5162 = DEFINITIONAL_REPRESENTATION('',(#5163),#5167);
#5163 = LINE('',#5164,#5165);
#5164 = CARTESIAN_POINT('',(5.291504653854,0.));
#5165 = VECTOR('',#5166,1.);
#5166 = DIRECTION('',(0.,1.));
#5167 = ( GEOMETRIC_REPRESENTATION_CONTEXT(2) 
PARAMETRIC_REPRESENTATION_CONTEXT() REPRESENTATION_CONTEXT('2D SPACE',''
  ) );
#5168 = ORIENTED_EDGE('',*,*,#5169,.T.);
#5169 = EDGE_CURVE('',#5022,#3232,#5170,.T.);
#5170 = SURFACE_CURVE('',#5171,(#5178,#5188),.PCURVE_S1.);
#5171 = ( BOUNDED_CURVE() B_SPLINE_CURVE(5,(#5172,#5173,#5174,#5175,
#5176,#5177),.UNSPECIFIED.,.F.,.F.) B_SPLINE_CURVE_WITH_KNOTS((6,6),(
7.093805163839,7.206750252549),.PIECEWISE_BEZIER_KNOTS.) CURVE() 
GEOMETRIC_REPRESENTATION_ITEM() RATIONAL_B_SPLINE_CURVE((1.,1.,1.,1.,1.,
1.)) REPRESENTATION_ITEM('') );
#5172 = CARTESIAN_POINT('',(-2.341011850467,7.440790175215,0.55));
#5173 = CARTESIAN_POINT('',(-2.356738207675,7.424718571506,0.55));
#5174 = CARTESIAN_POINT('',(-2.375075895639,7.406533152543,0.55));
#5175 = CARTESIAN_POINT('',(-2.393049847815,7.38918399234,0.55));
#5176 = CARTESIAN_POINT('',(-2.411471405794,7.371922676565,0.55));
#5177 = CARTESIAN_POINT('',(-2.430043723705,7.355,0.55));
#5178 = PCURVE('',#3249,#5179);
#5179 = DEFINITIONAL_REPRESENTATION('',(#5180),#5187);
#5180 = B_SPLINE_CURVE_WITH_KNOTS('',5,(#5181,#5182,#5183,#5184,#5185,
    #5186),.UNSPECIFIED.,.F.,.F.,(6,6),(7.093805163839,7.206750252549),
  .PIECEWISE_BEZIER_KNOTS.);
#5181 = CARTESIAN_POINT('',(8.579017521462E-02,-8.783988149533));
#5182 = CARTESIAN_POINT('',(6.971857150585E-02,-8.768261792325));
#5183 = CARTESIAN_POINT('',(5.153315254293E-02,-8.749924104361));
#5184 = CARTESIAN_POINT('',(3.418399234017E-02,-8.731950152185));
#5185 = CARTESIAN_POINT('',(1.692267656526E-02,-8.713528594206));
#5186 = CARTESIAN_POINT('',(-1.040834085586E-15,-8.694956276295));
#5187 = ( GEOMETRIC_REPRESENTATION_CONTEXT(2) 
PARAMETRIC_REPRESENTATION_CONTEXT() REPRESENTATION_CONTEXT('2D SPACE',''
  ) );
#5188 = PCURVE('',#4843,#5189);
#5189 = DEFINITIONAL_REPRESENTATION('',(#5190),#5194);
#5190 = LINE('',#5191,#5192);
#5191 = CARTESIAN_POINT('',(0.11294508871,0.));
#5192 = VECTOR('',#5193,1.);
#5193 = DIRECTION('',(0.,1.));
#5194 = ( GEOMETRIC_REPRESENTATION_CONTEXT(2) 
PARAMETRIC_REPRESENTATION_CONTEXT() REPRESENTATION_CONTEXT('2D SPACE',''
  ) );
#5195 = ADVANCED_FACE('',(#5196),#3367,.F.);
#5196 = FACE_BOUND('',#5197,.F.);
#5197 = EDGE_LOOP('',(#5198,#5217,#5218,#5219));
#5198 = ORIENTED_EDGE('',*,*,#5199,.T.);
#5199 = EDGE_CURVE('',#4667,#3232,#5200,.T.);
#5200 = SURFACE_CURVE('',#5201,(#5205,#5211),.PCURVE_S1.);
#5201 = ( BOUNDED_CURVE() B_SPLINE_CURVE(2,(#5202,#5203,#5204),
.UNSPECIFIED.,.F.,.F.) B_SPLINE_CURVE_WITH_KNOTS((3,3),(0.,0.11294508871
),.PIECEWISE_BEZIER_KNOTS.) CURVE() GEOMETRIC_REPRESENTATION_ITEM() 
RATIONAL_B_SPLINE_CURVE((1.,0.707106785195,1.)) REPRESENTATION_ITEM('') 
  );
#5202 = CARTESIAN_POINT('',(-2.581653721664,7.521251040759,
    0.325000002627));
#5203 = CARTESIAN_POINT('',(-2.581649386728,7.521254990276,0.55));
#5204 = CARTESIAN_POINT('',(-2.430043723705,7.355,0.55));
#5205 = PCURVE('',#3367,#5206);
#5206 = DEFINITIONAL_REPRESENTATION('',(#5207),#5210);
#5207 = B_SPLINE_CURVE_WITH_KNOTS('',1,(#5208,#5209),.UNSPECIFIED.,.F.,
  .F.,(2,2),(0.,0.11294508871),.PIECEWISE_BEZIER_KNOTS.);
#5208 = CARTESIAN_POINT('',(0.,7.206750252549));
#5209 = CARTESIAN_POINT('',(0.582589942268,7.206750252549));
#5210 = ( GEOMETRIC_REPRESENTATION_CONTEXT(2) 
PARAMETRIC_REPRESENTATION_CONTEXT() REPRESENTATION_CONTEXT('2D SPACE',''
  ) );
#5211 = PCURVE('',#4843,#5212);
#5212 = DEFINITIONAL_REPRESENTATION('',(#5213),#5216);
#5213 = B_SPLINE_CURVE_WITH_KNOTS('',1,(#5214,#5215),.UNSPECIFIED.,.F.,
  .F.,(2,2),(0.,0.11294508871),.PIECEWISE_BEZIER_KNOTS.);
#5214 = CARTESIAN_POINT('',(0.,7.206750252549));
#5215 = CARTESIAN_POINT('',(0.11294508871,7.206750252549));
#5216 = ( GEOMETRIC_REPRESENTATION_CONTEXT(2) 
PARAMETRIC_REPRESENTATION_CONTEXT() REPRESENTATION_CONTEXT('2D SPACE',''
  ) );
#5217 = ORIENTED_EDGE('',*,*,#3261,.T.);
#5218 = ORIENTED_EDGE('',*,*,#3789,.F.);
#5219 = ORIENTED_EDGE('',*,*,#4666,.F.);
#5220 = ADVANCED_FACE('',(#5221),#3655,.F.);
#5221 = FACE_BOUND('',#5222,.F.);
#5222 = EDGE_LOOP('',(#5223,#5224,#5225,#5246));
#5223 = ORIENTED_EDGE('',*,*,#3878,.T.);
#5224 = ORIENTED_EDGE('',*,*,#3514,.T.);
#5225 = ORIENTED_EDGE('',*,*,#5226,.F.);
#5226 = EDGE_CURVE('',#5227,#3234,#5229,.T.);
#5227 = VERTEX_POINT('',#5228);
#5228 = CARTESIAN_POINT('',(2.581657141333,7.521320318159,0.324999999976
    ));
#5229 = SURFACE_CURVE('',#5230,(#5234,#5240),.PCURVE_S1.);
#5230 = ( BOUNDED_CURVE() B_SPLINE_CURVE(2,(#5231,#5232,#5233),
.UNSPECIFIED.,.F.,.F.) B_SPLINE_CURVE_WITH_KNOTS((3,3),(0.,
0.582624480538),.PIECEWISE_BEZIER_KNOTS.) CURVE() 
GEOMETRIC_REPRESENTATION_ITEM() RATIONAL_B_SPLINE_CURVE((1.,
0.707106781149,1.)) REPRESENTATION_ITEM('') );
#5231 = CARTESIAN_POINT('',(2.581657141333,7.521320318159,0.324999999976
    ));
#5232 = CARTESIAN_POINT('',(2.581657184025,7.521320279295,0.55));
#5233 = CARTESIAN_POINT('',(2.430123145914,7.355,0.55));
#5234 = PCURVE('',#3655,#5235);
#5235 = DEFINITIONAL_REPRESENTATION('',(#5236),#5239);
#5236 = B_SPLINE_CURVE_WITH_KNOTS('',1,(#5237,#5238),.UNSPECIFIED.,.F.,
  .F.,(2,2),(0.,0.582624480538),.PIECEWISE_BEZIER_KNOTS.);
#5237 = CARTESIAN_POINT('',(0.,1.689373810616));
#5238 = CARTESIAN_POINT('',(0.582624480538,1.689373810616));
#5239 = ( GEOMETRIC_REPRESENTATION_CONTEXT(2) 
PARAMETRIC_REPRESENTATION_CONTEXT() REPRESENTATION_CONTEXT('2D SPACE',''
  ) );
#5240 = PCURVE('',#4995,#5241);
#5241 = DEFINITIONAL_REPRESENTATION('',(#5242),#5245);
#5242 = B_SPLINE_CURVE_WITH_KNOTS('',1,(#5243,#5244),.UNSPECIFIED.,.F.,
  .F.,(2,2),(0.,0.582624480538),.PIECEWISE_BEZIER_KNOTS.);
#5243 = CARTESIAN_POINT('',(0.,1.689373810616));
#5244 = CARTESIAN_POINT('',(0.112926699369,1.689373810616));
#5245 = ( GEOMETRIC_REPRESENTATION_CONTEXT(2) 
PARAMETRIC_REPRESENTATION_CONTEXT() REPRESENTATION_CONTEXT('2D SPACE',''
  ) );
#5246 = ORIENTED_EDGE('',*,*,#5247,.F.);
#5247 = EDGE_CURVE('',#3879,#5227,#5248,.T.);
#5248 = SURFACE_CURVE('',#5249,(#5291,#5298),.PCURVE_S1.);
#5249 = ( BOUNDED_CURVE() B_SPLINE_CURVE(14,(#5250,#5251,#5252,#5253,
    #5254,#5255,#5256,#5257,#5258,#5259,#5260,#5261,#5262,#5263,#5264,
    #5265,#5266,#5267,#5268,#5269,#5270,#5271,#5272,#5273,#5274,#5275,
    #5276,#5277,#5278,#5279,#5280,#5281,#5282,#5283,#5284,#5285,#5286,
    #5287,#5288,#5289,#5290),.UNSPECIFIED.,.F.,.F.) 
B_SPLINE_CURVE_WITH_KNOTS((15,13,13,15),(1.106749330078,1.399971755313,
1.514307987154,1.689373810616),.UNSPECIFIED.) CURVE() 
GEOMETRIC_REPRESENTATION_ITEM() RATIONAL_B_SPLINE_CURVE((1.,1.,
    1.000000000002,0.999999999995,1.000000000009,0.999999999986,
    1.000000000018,0.999999999982,1.000000000015,0.99999999999,
    1.000000000005,0.999999999998,1.000000000001,1.,1.,1.000000000001,
    0.999999999998,1.000000000005,0.999999999991,1.000000000013,
    0.999999999986,1.000000000013,0.99999999999,1.000000000006,
    0.999999999998,1.000000000001,1.,1.,1.000000000001,0.999999999996,
    1.00000000001,0.999999999983,1.000000000024,0.999999999973,
    1.000000000025,0.999999999981,1.000000000012,0.999999999994,
1.000000000002,1.,1.)) REPRESENTATION_ITEM('') );
#5250 = CARTESIAN_POINT('',(3.07800247483,7.189848316121,0.372427543441)
  );
#5251 = CARTESIAN_POINT('',(3.059187149575,7.198685877629,0.369771006096
    ));
#5252 = CARTESIAN_POINT('',(3.040409257869,7.207762538367,0.367148292203
    ));
#5253 = CARTESIAN_POINT('',(3.021653601838,7.217088534176,0.364557608676
    ));
#5254 = CARTESIAN_POINT('',(3.002909220968,7.226673006307,0.36199929156)
  );
#5255 = CARTESIAN_POINT('',(2.984169036073,7.236523979433,0.359475593339
    ));
#5256 = CARTESIAN_POINT('',(2.96542949324,7.246648339675,0.35699047024)
  );
#5257 = CARTESIAN_POINT('',(2.9466902078,7.257051812616,0.354549369544)
  );
#5258 = CARTESIAN_POINT('',(2.927953608279,7.267738941326,0.352159016888
    ));
#5259 = CARTESIAN_POINT('',(2.909224580354,7.278713064379,0.349827203578
    ));
#5260 = CARTESIAN_POINT('',(2.890510110824,7.289976293872,0.347562573887
    ));
#5261 = CARTESIAN_POINT('',(2.871818931547,7.301529493448,0.345374412374
    ));
#5262 = CARTESIAN_POINT('',(2.853161163422,7.313372256313,0.343272431178
    ));
#5263 = CARTESIAN_POINT('',(2.834547960326,7.325502883257,0.341266557334
    ));
#5264 = CARTESIAN_POINT('',(2.808755296509,7.342759528272,0.338625916458
    ));
#5265 = CARTESIAN_POINT('',(2.8016897497,7.347520519274,0.337895465881)
  );
#5266 = CARTESIAN_POINT('',(2.79305523594,7.353529874356,0.337238441857)
  );
#5267 = CARTESIAN_POINT('',(2.792080858036,7.353740307844,0.336323720585
    ));
#5268 = CARTESIAN_POINT('',(2.766977411053,7.372427709072,0.336296584294
    ));
#5269 = CARTESIAN_POINT('',(2.796697903511,7.349300155827,0.334310260528
    ));
#5270 = CARTESIAN_POINT('',(2.732397566075,7.398023877075,0.335741568673
    ));
#5271 = CARTESIAN_POINT('',(2.793193635486,7.35126880219,0.332669039271)
  );
#5272 = CARTESIAN_POINT('',(2.723300467898,7.404365813957,0.334339599783
    ));
#5273 = CARTESIAN_POINT('',(2.761122213463,7.375264158875,0.332154571372
    ));
#5274 = CARTESIAN_POINT('',(2.729277264843,7.399407110823,0.332480275911
    ));
#5275 = CARTESIAN_POINT('',(2.732360337625,7.396939846485,0.331597150085
    ));
#5276 = CARTESIAN_POINT('',(2.722309054524,7.404549598433,0.331195368582
    ));
#5277 = CARTESIAN_POINT('',(2.705841296001,7.417099585346,0.329930796521
    ));
#5278 = CARTESIAN_POINT('',(2.695948929912,7.424744050314,0.329213451659
    ));
#5279 = CARTESIAN_POINT('',(2.686120968602,7.432444949547,0.328545593164
    ));
#5280 = CARTESIAN_POINT('',(2.67635327194,7.440205394228,0.327929086037)
  );
#5281 = CARTESIAN_POINT('',(2.66664250694,7.448027867591,0.327365797178)
  );
#5282 = CARTESIAN_POINT('',(2.65698614776,7.455914224921,0.326857595396)
  );
#5283 = CARTESIAN_POINT('',(2.647382475709,7.463865693562,0.32640635139)
  );
#5284 = CARTESIAN_POINT('',(2.637830579238,7.4718828729,0.326013937775)
  );
#5285 = CARTESIAN_POINT('',(2.628330353944,7.479965734385,0.325682229057
    ));
#5286 = CARTESIAN_POINT('',(2.618882502574,7.488113621507,0.325413101653
    ));
#5287 = CARTESIAN_POINT('',(2.609488535017,7.496325249821,0.325208433874
    ));
#5288 = CARTESIAN_POINT('',(2.600150768312,7.504598706922,0.325070105939
    ));
#5289 = CARTESIAN_POINT('',(2.590872326641,7.512931452466,0.324999999966
    ));
#5290 = CARTESIAN_POINT('',(2.581657141333,7.521320318159,0.324999999976
    ));
#5291 = PCURVE('',#3655,#5292);
#5292 = DEFINITIONAL_REPRESENTATION('',(#5293),#5297);
#5293 = LINE('',#5294,#5295);
#5294 = CARTESIAN_POINT('',(0.,0.));
#5295 = VECTOR('',#5296,1.);
#5296 = DIRECTION('',(0.,1.));
#5297 = ( GEOMETRIC_REPRESENTATION_CONTEXT(2) 
PARAMETRIC_REPRESENTATION_CONTEXT() REPRESENTATION_CONTEXT('2D SPACE',''
  ) );
#5298 = PCURVE('',#3914,#5299);
#5299 = DEFINITIONAL_REPRESENTATION('',(#5300),#5393);
#5300 = B_SPLINE_CURVE_WITH_KNOTS('',11,(#5301,#5302,#5303,#5304,#5305,
    #5306,#5307,#5308,#5309,#5310,#5311,#5312,#5313,#5314,#5315,#5316,
    #5317,#5318,#5319,#5320,#5321,#5322,#5323,#5324,#5325,#5326,#5327,
    #5328,#5329,#5330,#5331,#5332,#5333,#5334,#5335,#5336,#5337,#5338,
    #5339,#5340,#5341,#5342,#5343,#5344,#5345,#5346,#5347,#5348,#5349,
    #5350,#5351,#5352,#5353,#5354,#5355,#5356,#5357,#5358,#5359,#5360,
    #5361,#5362,#5363,#5364,#5365,#5366,#5367,#5368,#5369,#5370,#5371,
    #5372,#5373,#5374,#5375,#5376,#5377,#5378,#5379,#5380,#5381,#5382,
    #5383,#5384,#5385,#5386,#5387,#5388,#5389,#5390,#5391,#5392),
  .UNSPECIFIED.,.F.,.F.,(12,10,10,10,10,10,10,10,10,12),(1.106749330078,
    1.398061570347,1.434475600381,1.470889630414,1.507303660448,
    1.511855414202,1.516407167956,1.525510675465,1.543717690481,
    1.689373810616),.UNSPECIFIED.);
#5301 = CARTESIAN_POINT('',(-0.356051840002,-0.372427543441));
#5302 = CARTESIAN_POINT('',(-0.342916876298,-0.3690685216));
#5303 = CARTESIAN_POINT('',(-0.329726562958,-0.365764736433));
#5304 = CARTESIAN_POINT('',(-0.316458382294,-0.362512307625));
#5305 = CARTESIAN_POINT('',(-0.303095946366,-0.3593136476));
#5306 = CARTESIAN_POINT('',(-0.289628351072,-0.356176569143));
#5307 = CARTESIAN_POINT('',(-0.276049530259,-0.353113393054));
#5308 = CARTESIAN_POINT('',(-0.262357609806,-0.350140055762));
#5309 = CARTESIAN_POINT('',(-0.248554261739,-0.347275216982));
#5310 = CARTESIAN_POINT('',(-0.234644058315,-0.344539367333));
#5311 = CARTESIAN_POINT('',(-0.220633826132,-0.341953935988));
#5312 = CARTESIAN_POINT('',(-0.20476927198,-0.339238706086));
#5313 = CARTESIAN_POINT('',(-0.202998603427,-0.338940068151));
#5314 = CARTESIAN_POINT('',(-0.201297334172,-0.33864013932));
#5315 = CARTESIAN_POINT('',(-0.199348157676,-0.338357035587));
#5316 = CARTESIAN_POINT('',(-0.197831396586,-0.33805199749));
#5317 = CARTESIAN_POINT('',(-0.195850577475,-0.337776257654));
#5318 = CARTESIAN_POINT('',(-0.194210683838,-0.337483871355));
#5319 = CARTESIAN_POINT('',(-0.192374362412,-0.337205589796));
#5320 = CARTESIAN_POINT('',(-0.190617328831,-0.336925705218));
#5321 = CARTESIAN_POINT('',(-0.188840583812,-0.336649923872));
#5322 = CARTESIAN_POINT('',(-0.185289992227,-0.33610424105));
#5323 = CARTESIAN_POINT('',(-0.183514423583,-0.335834437994));
#5324 = CARTESIAN_POINT('',(-0.181734958699,-0.335567927355));
#5325 = CARTESIAN_POINT('',(-0.179952300751,-0.335304711732));
#5326 = CARTESIAN_POINT('',(-0.178168640106,-0.335044708831));
#5327 = CARTESIAN_POINT('',(-0.176385722733,-0.334787864485));
#5328 = CARTESIAN_POINT('',(-0.174603826429,-0.334534212103));
#5329 = CARTESIAN_POINT('',(-0.172821644838,-0.334283878569));
#5330 = CARTESIAN_POINT('',(-0.17103707927,-0.334037036563));
#5331 = CARTESIAN_POINT('',(-0.169248938324,-0.333793803339));
#5332 = CARTESIAN_POINT('',(-0.165670152292,-0.333314368522));
#5333 = CARTESIAN_POINT('',(-0.163881407337,-0.333078062871));
#5334 = CARTESIAN_POINT('',(-0.162084428722,-0.332845704928));
#5335 = CARTESIAN_POINT('',(-0.160298844777,-0.332616249726));
#5336 = CARTESIAN_POINT('',(-0.15851843063,-0.332390081038));
#5337 = CARTESIAN_POINT('',(-0.15672586125,-0.332168245162));
#5338 = CARTESIAN_POINT('',(-0.15491861929,-0.331951015202));
#5339 = CARTESIAN_POINT('',(-0.153114174372,-0.331737527613));
#5340 = CARTESIAN_POINT('',(-0.151328628736,-0.331526868225));
#5341 = CARTESIAN_POINT('',(-0.149549102332,-0.331319620366));
#5342 = CARTESIAN_POINT('',(-0.147520846987,-0.331092260973));
#5343 = CARTESIAN_POINT('',(-0.147295253413,-0.331067071845));
#5344 = CARTESIAN_POINT('',(-0.147069340117,-0.331041960793));
#5345 = CARTESIAN_POINT('',(-0.146843081258,-0.331016929462));
#5346 = CARTESIAN_POINT('',(-0.146616513011,-0.330991976103));
#5347 = CARTESIAN_POINT('',(-0.146389733561,-0.33096709556));
#5348 = CARTESIAN_POINT('',(-0.146162903113,-0.330942279284));
#5349 = CARTESIAN_POINT('',(-0.14593624388,-0.330917515318));
#5350 = CARTESIAN_POINT('',(-0.145710040092,-0.330892788312));
#5351 = CARTESIAN_POINT('',(-0.145484637992,-0.330868079509));
#5352 = CARTESIAN_POINT('',(-0.145036253682,-0.330818654005));
#5353 = CARTESIAN_POINT('',(-0.144816474186,-0.330793765806));
#5354 = CARTESIAN_POINT('',(-0.144574687862,-0.330770114386));
#5355 = CARTESIAN_POINT('',(-0.144420096736,-0.330741861833));
#5356 = CARTESIAN_POINT('',(-0.144089719055,-0.330723054611));
#5357 = CARTESIAN_POINT('',(-0.143998374283,-0.330691555205));
#5358 = CARTESIAN_POINT('',(-0.143736609759,-0.330669171032));
#5359 = CARTESIAN_POINT('',(-0.143541296349,-0.330643327213));
#5360 = CARTESIAN_POINT('',(-0.143334458233,-0.330618135251));
#5361 = CARTESIAN_POINT('',(-0.143126918221,-0.330593040089));
#5362 = CARTESIAN_POINT('',(-0.142505745362,-0.330517837944));
#5363 = CARTESIAN_POINT('',(-0.142091679799,-0.330467917445));
#5364 = CARTESIAN_POINT('',(-0.141677662925,-0.330418211789));
#5365 = CARTESIAN_POINT('',(-0.141263693748,-0.330368721553));
#5366 = CARTESIAN_POINT('',(-0.140849771282,-0.330319447317));
#5367 = CARTESIAN_POINT('',(-0.140435894532,-0.330270389657));
#5368 = CARTESIAN_POINT('',(-0.140022062514,-0.330221549154));
#5369 = CARTESIAN_POINT('',(-0.139608274234,-0.330172926383));
#5370 = CARTESIAN_POINT('',(-0.139194528704,-0.330124521925));
#5371 = CARTESIAN_POINT('',(-0.138780824936,-0.330076336356));
#5372 = CARTESIAN_POINT('',(-0.137539835942,-0.329932438056));
#5373 = CARTESIAN_POINT('',(-0.136712672219,-0.329837383727));
#5374 = CARTESIAN_POINT('',(-0.135885663939,-0.329743211899));
#5375 = CARTESIAN_POINT('',(-0.135058804268,-0.3296499272));
#5376 = CARTESIAN_POINT('',(-0.134232086377,-0.329557534262));
#5377 = CARTESIAN_POINT('',(-0.133405503433,-0.329466037709));
#5378 = CARTESIAN_POINT('',(-0.132579048608,-0.329375442177));
#5379 = CARTESIAN_POINT('',(-0.131752715068,-0.329285752291));
#5380 = CARTESIAN_POINT('',(-0.130926495983,-0.329196972683));
#5381 = CARTESIAN_POINT('',(-0.130100384522,-0.32910910798));
#5382 = CARTESIAN_POINT('',(-0.122666288503,-0.328326601474));
#5383 = CARTESIAN_POINT('',(-0.116064719412,-0.327689890402));
#5384 = CARTESIAN_POINT('',(-0.109466543056,-0.327114401374));
#5385 = CARTESIAN_POINT('',(-0.102869379105,-0.326602508908));
#5386 = CARTESIAN_POINT('',(-9.627159042857E-02,-0.32615659026));
#5387 = CARTESIAN_POINT('',(-8.967228308584E-02,-0.325779025423));
#5388 = CARTESIAN_POINT('',(-8.307130633543E-02,-0.325472197135));
#5389 = CARTESIAN_POINT('',(-7.646925262852E-02,-0.325238490864));
#5390 = CARTESIAN_POINT('',(-6.986745761322E-02,-0.325080294825));
#5391 = CARTESIAN_POINT('',(-6.326800013175E-02,-0.324999999965));
#5392 = CARTESIAN_POINT('',(-5.667370222209E-02,-0.324999999976));
#5393 = ( GEOMETRIC_REPRESENTATION_CONTEXT(2) 
PARAMETRIC_REPRESENTATION_CONTEXT() REPRESENTATION_CONTEXT('2D SPACE',''
  ) );
#5394 = ADVANCED_FACE('',(#5395),#3914,.F.);
#5395 = FACE_BOUND('',#5396,.T.);
#5396 = EDGE_LOOP('',(#5397,#5422,#5449,#5450,#5451,#5452,#5453));
#5397 = ORIENTED_EDGE('',*,*,#5398,.T.);
#5398 = EDGE_CURVE('',#5399,#5401,#5403,.T.);
#5399 = VERTEX_POINT('',#5400);
#5400 = CARTESIAN_POINT('',(2.5,7.6,0.125));
#5401 = VERTEX_POINT('',#5402);
#5402 = CARTESIAN_POINT('',(2.5,7.6,0.325));
#5403 = SURFACE_CURVE('',#5404,(#5408,#5415),.PCURVE_S1.);
#5404 = LINE('',#5405,#5406);
#5405 = CARTESIAN_POINT('',(2.5,7.6,0.));
#5406 = VECTOR('',#5407,1.);
#5407 = DIRECTION('',(0.,0.,1.));
#5408 = PCURVE('',#3914,#5409);
#5409 = DEFINITIONAL_REPRESENTATION('',(#5410),#5414);
#5410 = LINE('',#5411,#5412);
#5411 = CARTESIAN_POINT('',(-0.,0.));
#5412 = VECTOR('',#5413,1.);
#5413 = DIRECTION('',(-0.,-1.));
#5414 = ( GEOMETRIC_REPRESENTATION_CONTEXT(2) 
PARAMETRIC_REPRESENTATION_CONTEXT() REPRESENTATION_CONTEXT('2D SPACE',''
  ) );
#5415 = PCURVE('',#4885,#5416);
#5416 = DEFINITIONAL_REPRESENTATION('',(#5417),#5421);
#5417 = LINE('',#5418,#5419);
#5418 = CARTESIAN_POINT('',(1.590511966089,0.));
#5419 = VECTOR('',#5420,1.);
#5420 = DIRECTION('',(0.,-1.));
#5421 = ( GEOMETRIC_REPRESENTATION_CONTEXT(2) 
PARAMETRIC_REPRESENTATION_CONTEXT() REPRESENTATION_CONTEXT('2D SPACE',''
  ) );
#5422 = ORIENTED_EDGE('',*,*,#5423,.F.);
#5423 = EDGE_CURVE('',#5227,#5401,#5424,.T.);
#5424 = SURFACE_CURVE('',#5425,(#5432,#5442),.PCURVE_S1.);
#5425 = ( BOUNDED_CURVE() B_SPLINE_CURVE(5,(#5426,#5427,#5428,#5429,
#5430,#5431),.UNSPECIFIED.,.F.,.F.) B_SPLINE_CURVE_WITH_KNOTS((6,6),(
1.689373810616,1.802300509985),.PIECEWISE_BEZIER_KNOTS.) CURVE() 
GEOMETRIC_REPRESENTATION_ITEM() RATIONAL_B_SPLINE_CURVE((1.,1.,1.,1.,1.,
1.)) REPRESENTATION_ITEM('') );
#5426 = CARTESIAN_POINT('',(2.581657141333,7.521320318159,0.324999999976
    ));
#5427 = CARTESIAN_POINT('',(2.565013154329,7.536471849776,0.324999999993
    ));
#5428 = CARTESIAN_POINT('',(2.548616678853,7.551820396286,0.32500000001)
  );
#5429 = CARTESIAN_POINT('',(2.532363280349,7.567492315037,0.324999999996
    ));
#5430 = CARTESIAN_POINT('',(2.516574975483,7.583097978805,0.325));
#5431 = CARTESIAN_POINT('',(2.5,7.6,0.325));
#5432 = PCURVE('',#3914,#5433);
#5433 = DEFINITIONAL_REPRESENTATION('',(#5434),#5441);
#5434 = B_SPLINE_CURVE_WITH_KNOTS('',5,(#5435,#5436,#5437,#5438,#5439,
    #5440),.UNSPECIFIED.,.F.,.F.,(6,6),(1.689373810616,1.802300509985),
  .PIECEWISE_BEZIER_KNOTS.);
#5435 = CARTESIAN_POINT('',(-5.667370222208E-02,-0.324999999976));
#5436 = CARTESIAN_POINT('',(-4.542612091064E-02,-0.324999999993));
#5437 = CARTESIAN_POINT('',(-3.420383278638E-02,-0.32500000001));
#5438 = CARTESIAN_POINT('',(-2.29221575652E-02,-0.324999999996));
#5439 = CARTESIAN_POINT('',(-1.182993966072E-02,-0.325));
#5440 = CARTESIAN_POINT('',(1.179611963664E-16,-0.325));
#5441 = ( GEOMETRIC_REPRESENTATION_CONTEXT(2) 
PARAMETRIC_REPRESENTATION_CONTEXT() REPRESENTATION_CONTEXT('2D SPACE',''
  ) );
#5442 = PCURVE('',#4995,#5443);
#5443 = DEFINITIONAL_REPRESENTATION('',(#5444),#5448);
#5444 = LINE('',#5445,#5446);
#5445 = CARTESIAN_POINT('',(0.,0.));
#5446 = VECTOR('',#5447,1.);
#5447 = DIRECTION('',(0.,1.));
#5448 = ( GEOMETRIC_REPRESENTATION_CONTEXT(2) 
PARAMETRIC_REPRESENTATION_CONTEXT() REPRESENTATION_CONTEXT('2D SPACE',''
  ) );
#5449 = ORIENTED_EDGE('',*,*,#5247,.F.);
#5450 = ORIENTED_EDGE('',*,*,#3899,.F.);
#5451 = ORIENTED_EDGE('',*,*,#4089,.T.);
#5452 = ORIENTED_EDGE('',*,*,#4115,.F.);
#5453 = ORIENTED_EDGE('',*,*,#5454,.F.);
#5454 = EDGE_CURVE('',#5399,#4116,#5455,.T.);
#5455 = SURFACE_CURVE('',#5456,(#5461,#5468),.PCURVE_S1.);
#5456 = CIRCLE('',#5457,2.001104115375);
#5457 = AXIS2_PLACEMENT_3D('',#5458,#5459,#5460);
#5458 = CARTESIAN_POINT('',(3.928749569323,9.001103974989,0.125));
#5459 = DIRECTION('',(0.,0.,1.));
#5460 = DIRECTION('',(-0.713980626168,-0.700165455772,0.));
#5461 = PCURVE('',#3914,#5462);
#5462 = DEFINITIONAL_REPRESENTATION('',(#5463),#5467);
#5463 = LINE('',#5464,#5465);
#5464 = CARTESIAN_POINT('',(-2.219220911286E-16,-0.125));
#5465 = VECTOR('',#5466,1.);
#5466 = DIRECTION('',(-1.,0.));
#5467 = ( GEOMETRIC_REPRESENTATION_CONTEXT(2) 
PARAMETRIC_REPRESENTATION_CONTEXT() REPRESENTATION_CONTEXT('2D SPACE',''
  ) );
#5468 = PCURVE('',#5469,#5474);
#5469 = TOROIDAL_SURFACE('',#5470,2.126104115375,0.125);
#5470 = AXIS2_PLACEMENT_3D('',#5471,#5472,#5473);
#5471 = CARTESIAN_POINT('',(3.928749569323,9.001103974989,0.125));
#5472 = DIRECTION('',(0.,-0.,1.));
#5473 = DIRECTION('',(-0.713980626168,-0.700165455772,0.));
#5474 = DEFINITIONAL_REPRESENTATION('',(#5475),#5479);
#5475 = LINE('',#5476,#5477);
#5476 = CARTESIAN_POINT('',(0.,3.14159265359));
#5477 = VECTOR('',#5478,1.);
#5478 = DIRECTION('',(1.,0.));
#5479 = ( GEOMETRIC_REPRESENTATION_CONTEXT(2) 
PARAMETRIC_REPRESENTATION_CONTEXT() REPRESENTATION_CONTEXT('2D SPACE',''
  ) );
#5480 = ADVANCED_FACE('',(#5481),#4154,.T.);
#5481 = FACE_BOUND('',#5482,.F.);
#5482 = EDGE_LOOP('',(#5483,#5505,#5526,#5527));
#5483 = ORIENTED_EDGE('',*,*,#5484,.T.);
#5484 = EDGE_CURVE('',#4116,#5485,#5487,.T.);
#5485 = VERTEX_POINT('',#5486);
#5486 = CARTESIAN_POINT('',(3.927953177766,6.875000008769,0.));
#5487 = SURFACE_CURVE('',#5488,(#5493,#5499),.PCURVE_S1.);
#5488 = CIRCLE('',#5489,0.125);
#5489 = AXIS2_PLACEMENT_3D('',#5490,#5491,#5492);
#5490 = CARTESIAN_POINT('',(3.927953177766,6.875000008769,0.125));
#5491 = DIRECTION('',(-0.999999929846,3.745778728994E-04,0.));
#5492 = DIRECTION('',(-3.745778728994E-04,-0.999999929846,0.));
#5493 = PCURVE('',#4154,#5494);
#5494 = DEFINITIONAL_REPRESENTATION('',(#5495),#5498);
#5495 = B_SPLINE_CURVE_WITH_KNOTS('',1,(#5496,#5497),.UNSPECIFIED.,.F.,
  .F.,(2,2),(3.14159265359,4.712388980385),.PIECEWISE_BEZIER_KNOTS.);
#5496 = CARTESIAN_POINT('',(1.110223024625E-16,0.));
#5497 = CARTESIAN_POINT('',(-1.570796326795,0.));
#5498 = ( GEOMETRIC_REPRESENTATION_CONTEXT(2) 
PARAMETRIC_REPRESENTATION_CONTEXT() REPRESENTATION_CONTEXT('2D SPACE',''
  ) );
#5499 = PCURVE('',#5469,#5500);
#5500 = DEFINITIONAL_REPRESENTATION('',(#5501),#5504);
#5501 = B_SPLINE_CURVE_WITH_KNOTS('',1,(#5502,#5503),.UNSPECIFIED.,.F.,
  .F.,(2,2),(3.14159265359,4.712388980385),.PIECEWISE_BEZIER_KNOTS.);
#5502 = CARTESIAN_POINT('',(0.794792541565,3.14159265359));
#5503 = CARTESIAN_POINT('',(0.794792541565,4.712388980385));
#5504 = ( GEOMETRIC_REPRESENTATION_CONTEXT(2) 
PARAMETRIC_REPRESENTATION_CONTEXT() REPRESENTATION_CONTEXT('2D SPACE',''
  ) );
#5505 = ORIENTED_EDGE('',*,*,#5506,.T.);
#5506 = EDGE_CURVE('',#5485,#4924,#5507,.T.);
#5507 = SURFACE_CURVE('',#5508,(#5512,#5519),.PCURVE_S1.);
#5508 = LINE('',#5509,#5510);
#5509 = CARTESIAN_POINT('',(3.928,6.875,-2.775557561563E-17));
#5510 = VECTOR('',#5511,1.);
#5511 = DIRECTION('',(1.,0.,0.));
#5512 = PCURVE('',#4154,#5513);
#5513 = DEFINITIONAL_REPRESENTATION('',(#5514),#5518);
#5514 = LINE('',#5515,#5516);
#5515 = CARTESIAN_POINT('',(-1.570796326795,0.));
#5516 = VECTOR('',#5517,1.);
#5517 = DIRECTION('',(-0.,1.));
#5518 = ( GEOMETRIC_REPRESENTATION_CONTEXT(2) 
PARAMETRIC_REPRESENTATION_CONTEXT() REPRESENTATION_CONTEXT('2D SPACE',''
  ) );
#5519 = PCURVE('',#4354,#5520);
#5520 = DEFINITIONAL_REPRESENTATION('',(#5521),#5525);
#5521 = LINE('',#5522,#5523);
#5522 = CARTESIAN_POINT('',(-3.928003783232,6.659408483929));
#5523 = VECTOR('',#5524,1.);
#5524 = DIRECTION('',(-1.,0.));
#5525 = ( GEOMETRIC_REPRESENTATION_CONTEXT(2) 
PARAMETRIC_REPRESENTATION_CONTEXT() REPRESENTATION_CONTEXT('2D SPACE',''
  ) );
#5526 = ORIENTED_EDGE('',*,*,#4923,.F.);
#5527 = ORIENTED_EDGE('',*,*,#4140,.F.);
#5528 = ADVANCED_FACE('',(#5529),#4187,.T.);
#5529 = FACE_BOUND('',#5530,.T.);
#5530 = EDGE_LOOP('',(#5531,#5554,#5575,#5576));
#5531 = ORIENTED_EDGE('',*,*,#5532,.F.);
#5532 = EDGE_CURVE('',#5533,#5535,#5537,.T.);
#5533 = VERTEX_POINT('',#5534);
#5534 = CARTESIAN_POINT('',(-6.3125,-5.3125,0.));
#5535 = VERTEX_POINT('',#5536);
#5536 = CARTESIAN_POINT('',(6.3125,-5.3125,0.));
#5537 = SURFACE_CURVE('',#5538,(#5542,#5548),.PCURVE_S1.);
#5538 = LINE('',#5539,#5540);
#5539 = CARTESIAN_POINT('',(-3.156251891616,-5.3125,0.));
#5540 = VECTOR('',#5541,1.);
#5541 = DIRECTION('',(1.,0.,0.));
#5542 = PCURVE('',#4187,#5543);
#5543 = DEFINITIONAL_REPRESENTATION('',(#5544),#5547);
#5544 = B_SPLINE_CURVE_WITH_KNOTS('',1,(#5545,#5546),.UNSPECIFIED.,.F.,
  .F.,(2,2),(-3.156248108384,9.468751891616),.PIECEWISE_BEZIER_KNOTS.);
#5545 = CARTESIAN_POINT('',(0.,-0.1));
#5546 = CARTESIAN_POINT('',(12.625,-0.1));
#5547 = ( GEOMETRIC_REPRESENTATION_CONTEXT(2) 
PARAMETRIC_REPRESENTATION_CONTEXT() REPRESENTATION_CONTEXT('2D SPACE',''
  ) );
#5548 = PCURVE('',#4354,#5549);
#5549 = DEFINITIONAL_REPRESENTATION('',(#5550),#5553);
#5550 = B_SPLINE_CURVE_WITH_KNOTS('',1,(#5551,#5552),.UNSPECIFIED.,.F.,
  .F.,(2,2),(-3.156248108384,9.468751891616),.PIECEWISE_BEZIER_KNOTS.);
#5551 = CARTESIAN_POINT('',(6.312496216768,-5.528091516071));
#5552 = CARTESIAN_POINT('',(-6.312503783232,-5.528091516071));
#5553 = ( GEOMETRIC_REPRESENTATION_CONTEXT(2) 
PARAMETRIC_REPRESENTATION_CONTEXT() REPRESENTATION_CONTEXT('2D SPACE',''
  ) );
#5554 = ORIENTED_EDGE('',*,*,#5555,.T.);
#5555 = EDGE_CURVE('',#5533,#4170,#5556,.T.);
#5556 = SURFACE_CURVE('',#5557,(#5561,#5568),.PCURVE_S1.);
#5557 = LINE('',#5558,#5559);
#5558 = CARTESIAN_POINT('',(-6.3125,-5.3125,-0.1));
#5559 = VECTOR('',#5560,1.);
#5560 = DIRECTION('',(0.,0.,1.));
#5561 = PCURVE('',#4187,#5562);
#5562 = DEFINITIONAL_REPRESENTATION('',(#5563),#5567);
#5563 = LINE('',#5564,#5565);
#5564 = CARTESIAN_POINT('',(0.,0.));
#5565 = VECTOR('',#5566,1.);
#5566 = DIRECTION('',(0.,-1.));
#5567 = ( GEOMETRIC_REPRESENTATION_CONTEXT(2) 
PARAMETRIC_REPRESENTATION_CONTEXT() REPRESENTATION_CONTEXT('2D SPACE',''
  ) );
#5568 = PCURVE('',#4269,#5569);
#5569 = DEFINITIONAL_REPRESENTATION('',(#5570),#5574);
#5570 = LINE('',#5571,#5572);
#5571 = CARTESIAN_POINT('',(10.625,0.));
#5572 = VECTOR('',#5573,1.);
#5573 = DIRECTION('',(0.,-1.));
#5574 = ( GEOMETRIC_REPRESENTATION_CONTEXT(2) 
PARAMETRIC_REPRESENTATION_CONTEXT() REPRESENTATION_CONTEXT('2D SPACE',''
  ) );
#5575 = ORIENTED_EDGE('',*,*,#4169,.T.);
#5576 = ORIENTED_EDGE('',*,*,#5577,.F.);
#5577 = EDGE_CURVE('',#5535,#4172,#5578,.T.);
#5578 = SURFACE_CURVE('',#5579,(#5583,#5590),.PCURVE_S1.);
#5579 = LINE('',#5580,#5581);
#5580 = CARTESIAN_POINT('',(6.3125,-5.3125,-0.1));
#5581 = VECTOR('',#5582,1.);
#5582 = DIRECTION('',(0.,0.,1.));
#5583 = PCURVE('',#4187,#5584);
#5584 = DEFINITIONAL_REPRESENTATION('',(#5585),#5589);
#5585 = LINE('',#5586,#5587);
#5586 = CARTESIAN_POINT('',(12.625,0.));
#5587 = VECTOR('',#5588,1.);
#5588 = DIRECTION('',(0.,-1.));
#5589 = ( GEOMETRIC_REPRESENTATION_CONTEXT(2) 
PARAMETRIC_REPRESENTATION_CONTEXT() REPRESENTATION_CONTEXT('2D SPACE',''
  ) );
#5590 = PCURVE('',#4215,#5591);
#5591 = DEFINITIONAL_REPRESENTATION('',(#5592),#5596);
#5592 = LINE('',#5593,#5594);
#5593 = CARTESIAN_POINT('',(0.,0.));
#5594 = VECTOR('',#5595,1.);
#5595 = DIRECTION('',(0.,-1.));
#5596 = ( GEOMETRIC_REPRESENTATION_CONTEXT(2) 
PARAMETRIC_REPRESENTATION_CONTEXT() REPRESENTATION_CONTEXT('2D SPACE',''
  ) );
#5597 = ADVANCED_FACE('',(#5598),#4269,.T.);
#5598 = FACE_BOUND('',#5599,.T.);
#5599 = EDGE_LOOP('',(#5600,#5621,#5642,#5643));
#5600 = ORIENTED_EDGE('',*,*,#5601,.F.);
#5601 = EDGE_CURVE('',#5602,#5533,#5604,.T.);
#5602 = VERTEX_POINT('',#5603);
#5603 = CARTESIAN_POINT('',(-6.3125,5.3125,0.));
#5604 = SURFACE_CURVE('',#5605,(#5609,#5615),.PCURVE_S1.);
#5605 = LINE('',#5606,#5607);
#5606 = CARTESIAN_POINT('',(-6.3125,2.764045758036,0.));
#5607 = VECTOR('',#5608,1.);
#5608 = DIRECTION('',(0.,-1.,0.));
#5609 = PCURVE('',#4269,#5610);
#5610 = DEFINITIONAL_REPRESENTATION('',(#5611),#5614);
#5611 = B_SPLINE_CURVE_WITH_KNOTS('',1,(#5612,#5613),.UNSPECIFIED.,.F.,
  .F.,(2,2),(-2.548454241964,8.076545758036),.PIECEWISE_BEZIER_KNOTS.);
#5612 = CARTESIAN_POINT('',(0.,-0.1));
#5613 = CARTESIAN_POINT('',(10.625,-0.1));
#5614 = ( GEOMETRIC_REPRESENTATION_CONTEXT(2) 
PARAMETRIC_REPRESENTATION_CONTEXT() REPRESENTATION_CONTEXT('2D SPACE',''
  ) );
#5615 = PCURVE('',#4354,#5616);
#5616 = DEFINITIONAL_REPRESENTATION('',(#5617),#5620);
#5617 = B_SPLINE_CURVE_WITH_KNOTS('',1,(#5618,#5619),.UNSPECIFIED.,.F.,
  .F.,(2,2),(-2.548454241964,8.076545758036),.PIECEWISE_BEZIER_KNOTS.);
#5618 = CARTESIAN_POINT('',(6.312496216768,5.096908483929));
#5619 = CARTESIAN_POINT('',(6.312496216768,-5.528091516071));
#5620 = ( GEOMETRIC_REPRESENTATION_CONTEXT(2) 
PARAMETRIC_REPRESENTATION_CONTEXT() REPRESENTATION_CONTEXT('2D SPACE',''
  ) );
#5621 = ORIENTED_EDGE('',*,*,#5622,.T.);
#5622 = EDGE_CURVE('',#5602,#4228,#5623,.T.);
#5623 = SURFACE_CURVE('',#5624,(#5628,#5635),.PCURVE_S1.);
#5624 = LINE('',#5625,#5626);
#5625 = CARTESIAN_POINT('',(-6.3125,5.3125,-0.1));
#5626 = VECTOR('',#5627,1.);
#5627 = DIRECTION('',(0.,0.,1.));
#5628 = PCURVE('',#4269,#5629);
#5629 = DEFINITIONAL_REPRESENTATION('',(#5630),#5634);
#5630 = LINE('',#5631,#5632);
#5631 = CARTESIAN_POINT('',(0.,0.));
#5632 = VECTOR('',#5633,1.);
#5633 = DIRECTION('',(0.,-1.));
#5634 = ( GEOMETRIC_REPRESENTATION_CONTEXT(2) 
PARAMETRIC_REPRESENTATION_CONTEXT() REPRESENTATION_CONTEXT('2D SPACE',''
  ) );
#5635 = PCURVE('',#4243,#5636);
#5636 = DEFINITIONAL_REPRESENTATION('',(#5637),#5641);
#5637 = LINE('',#5638,#5639);
#5638 = CARTESIAN_POINT('',(12.625,0.));
#5639 = VECTOR('',#5640,1.);
#5640 = DIRECTION('',(0.,-1.));
#5641 = ( GEOMETRIC_REPRESENTATION_CONTEXT(2) 
PARAMETRIC_REPRESENTATION_CONTEXT() REPRESENTATION_CONTEXT('2D SPACE',''
  ) );
#5642 = ORIENTED_EDGE('',*,*,#4255,.T.);
#5643 = ORIENTED_EDGE('',*,*,#5555,.F.);
#5644 = ADVANCED_FACE('',(#5645),#4215,.T.);
#5645 = FACE_BOUND('',#5646,.T.);
#5646 = EDGE_LOOP('',(#5647,#5668,#5669,#5670));
#5647 = ORIENTED_EDGE('',*,*,#5648,.F.);
#5648 = EDGE_CURVE('',#5535,#5649,#5651,.T.);
#5649 = VERTEX_POINT('',#5650);
#5650 = CARTESIAN_POINT('',(6.3125,5.3125,0.));
#5651 = SURFACE_CURVE('',#5652,(#5656,#5662),.PCURVE_S1.);
#5652 = LINE('',#5653,#5654);
#5653 = CARTESIAN_POINT('',(6.3125,-2.548454241964,0.));
#5654 = VECTOR('',#5655,1.);
#5655 = DIRECTION('',(0.,1.,-0.));
#5656 = PCURVE('',#4215,#5657);
#5657 = DEFINITIONAL_REPRESENTATION('',(#5658),#5661);
#5658 = B_SPLINE_CURVE_WITH_KNOTS('',1,(#5659,#5660),.UNSPECIFIED.,.F.,
  .F.,(2,2),(-2.764045758036,7.860954241964),.PIECEWISE_BEZIER_KNOTS.);
#5659 = CARTESIAN_POINT('',(0.,-0.1));
#5660 = CARTESIAN_POINT('',(10.625,-0.1));
#5661 = ( GEOMETRIC_REPRESENTATION_CONTEXT(2) 
PARAMETRIC_REPRESENTATION_CONTEXT() REPRESENTATION_CONTEXT('2D SPACE',''
  ) );
#5662 = PCURVE('',#4354,#5663);
#5663 = DEFINITIONAL_REPRESENTATION('',(#5664),#5667);
#5664 = B_SPLINE_CURVE_WITH_KNOTS('',1,(#5665,#5666),.UNSPECIFIED.,.F.,
  .F.,(2,2),(-2.764045758036,7.860954241964),.PIECEWISE_BEZIER_KNOTS.);
#5665 = CARTESIAN_POINT('',(-6.312503783232,-5.528091516071));
#5666 = CARTESIAN_POINT('',(-6.312503783232,5.096908483929));
#5667 = ( GEOMETRIC_REPRESENTATION_CONTEXT(2) 
PARAMETRIC_REPRESENTATION_CONTEXT() REPRESENTATION_CONTEXT('2D SPACE',''
  ) );
#5668 = ORIENTED_EDGE('',*,*,#5577,.T.);
#5669 = ORIENTED_EDGE('',*,*,#4199,.T.);
#5670 = ORIENTED_EDGE('',*,*,#5671,.F.);
#5671 = EDGE_CURVE('',#5649,#4200,#5672,.T.);
#5672 = SURFACE_CURVE('',#5673,(#5677,#5684),.PCURVE_S1.);
#5673 = LINE('',#5674,#5675);
#5674 = CARTESIAN_POINT('',(6.3125,5.3125,-0.1));
#5675 = VECTOR('',#5676,1.);
#5676 = DIRECTION('',(0.,0.,1.));
#5677 = PCURVE('',#4215,#5678);
#5678 = DEFINITIONAL_REPRESENTATION('',(#5679),#5683);
#5679 = LINE('',#5680,#5681);
#5680 = CARTESIAN_POINT('',(10.625,0.));
#5681 = VECTOR('',#5682,1.);
#5682 = DIRECTION('',(0.,-1.));
#5683 = ( GEOMETRIC_REPRESENTATION_CONTEXT(2) 
PARAMETRIC_REPRESENTATION_CONTEXT() REPRESENTATION_CONTEXT('2D SPACE',''
  ) );
#5684 = PCURVE('',#4243,#5685);
#5685 = DEFINITIONAL_REPRESENTATION('',(#5686),#5690);
#5686 = LINE('',#5687,#5688);
#5687 = CARTESIAN_POINT('',(0.,-0.));
#5688 = VECTOR('',#5689,1.);
#5689 = DIRECTION('',(0.,-1.));
#5690 = ( GEOMETRIC_REPRESENTATION_CONTEXT(2) 
PARAMETRIC_REPRESENTATION_CONTEXT() REPRESENTATION_CONTEXT('2D SPACE',''
  ) );
#5691 = ADVANCED_FACE('',(#5692),#4243,.T.);
#5692 = FACE_BOUND('',#5693,.T.);
#5693 = EDGE_LOOP('',(#5694,#5713,#5714,#5715));
#5694 = ORIENTED_EDGE('',*,*,#5695,.F.);
#5695 = EDGE_CURVE('',#5649,#5602,#5696,.T.);
#5696 = SURFACE_CURVE('',#5697,(#5701,#5707),.PCURVE_S1.);
#5697 = LINE('',#5698,#5699);
#5698 = CARTESIAN_POINT('',(3.156248108384,5.3125,0.));
#5699 = VECTOR('',#5700,1.);
#5700 = DIRECTION('',(-1.,0.,0.));
#5701 = PCURVE('',#4243,#5702);
#5702 = DEFINITIONAL_REPRESENTATION('',(#5703),#5706);
#5703 = B_SPLINE_CURVE_WITH_KNOTS('',1,(#5704,#5705),.UNSPECIFIED.,.F.,
  .F.,(2,2),(-3.156251891616,9.468748108384),.PIECEWISE_BEZIER_KNOTS.);
#5704 = CARTESIAN_POINT('',(0.,-0.1));
#5705 = CARTESIAN_POINT('',(12.625,-0.1));
#5706 = ( GEOMETRIC_REPRESENTATION_CONTEXT(2) 
PARAMETRIC_REPRESENTATION_CONTEXT() REPRESENTATION_CONTEXT('2D SPACE',''
  ) );
#5707 = PCURVE('',#4354,#5708);
#5708 = DEFINITIONAL_REPRESENTATION('',(#5709),#5712);
#5709 = B_SPLINE_CURVE_WITH_KNOTS('',1,(#5710,#5711),.UNSPECIFIED.,.F.,
  .F.,(2,2),(-3.156251891616,9.468748108384),.PIECEWISE_BEZIER_KNOTS.);
#5710 = CARTESIAN_POINT('',(-6.312503783232,5.096908483929));
#5711 = CARTESIAN_POINT('',(6.312496216768,5.096908483929));
#5712 = ( GEOMETRIC_REPRESENTATION_CONTEXT(2) 
PARAMETRIC_REPRESENTATION_CONTEXT() REPRESENTATION_CONTEXT('2D SPACE',''
  ) );
#5713 = ORIENTED_EDGE('',*,*,#5671,.T.);
#5714 = ORIENTED_EDGE('',*,*,#4227,.T.);
#5715 = ORIENTED_EDGE('',*,*,#5622,.F.);
#5716 = ADVANCED_FACE('',(#5717,#5811,#5842,#5873,#5904,#5910,#5941,
    #5972,#6081),#4354,.T.);
#5717 = FACE_BOUND('',#5718,.T.);
#5718 = EDGE_LOOP('',(#5719,#5720,#5721,#5722,#5750,#5779,#5805,#5806,
    #5807,#5808,#5809,#5810));
#5719 = ORIENTED_EDGE('',*,*,#4418,.T.);
#5720 = ORIENTED_EDGE('',*,*,#4538,.T.);
#5721 = ORIENTED_EDGE('',*,*,#4612,.T.);
#5722 = ORIENTED_EDGE('',*,*,#5723,.T.);
#5723 = EDGE_CURVE('',#4613,#5724,#5726,.T.);
#5724 = VERTEX_POINT('',#5725);
#5725 = CARTESIAN_POINT('',(-2.410708122461,7.512524514259,0.));
#5726 = SURFACE_CURVE('',#5727,(#5732,#5743),.PCURVE_S1.);
#5727 = CIRCLE('',#5728,2.123693484727);
#5728 = AXIS2_PLACEMENT_3D('',#5729,#5730,#5731);
#5729 = CARTESIAN_POINT('',(-3.927736751004,8.998693467391,0.));
#5730 = DIRECTION('',(0.,0.,1.));
#5731 = DIRECTION('',(-1.317105386846E-04,-0.999999991326,0.));
#5732 = PCURVE('',#4354,#5733);
#5733 = DEFINITIONAL_REPRESENTATION('',(#5734),#5742);
#5734 = ( BOUNDED_CURVE() B_SPLINE_CURVE(2,(#5735,#5736,#5737,#5738,
#5739,#5740,#5741),.UNSPECIFIED.,.T.,.F.) B_SPLINE_CURVE_WITH_KNOTS((1,2
    ,2,2,2,1),(-2.094395102393,0.,2.094395102393,4.188790204786,
6.28318530718,8.377580409573),.UNSPECIFIED.) CURVE() 
GEOMETRIC_REPRESENTATION_ITEM() RATIONAL_B_SPLINE_CURVE((1.,0.5,1.,0.5,
1.,0.5,1.)) REPRESENTATION_ITEM('') );
#5735 = CARTESIAN_POINT('',(3.928012680585,6.659408485013));
#5736 = CARTESIAN_POINT('',(0.24966769724,6.658924008209));
#5737 = CARTESIAN_POINT('',(2.088420619693,9.844706446071));
#5738 = CARTESIAN_POINT('',(3.927173542146,13.030488883932));
#5739 = CARTESIAN_POINT('',(5.766765603038,9.845190922874));
#5740 = CARTESIAN_POINT('',(7.60635766393,6.659892961816));
#5741 = CARTESIAN_POINT('',(3.928012680585,6.659408485013));
#5742 = ( GEOMETRIC_REPRESENTATION_CONTEXT(2) 
PARAMETRIC_REPRESENTATION_CONTEXT() REPRESENTATION_CONTEXT('2D SPACE',''
  ) );
#5743 = PCURVE('',#4649,#5744);
#5744 = DEFINITIONAL_REPRESENTATION('',(#5745),#5749);
#5745 = LINE('',#5746,#5747);
#5746 = CARTESIAN_POINT('',(0.,4.712388980385));
#5747 = VECTOR('',#5748,1.);
#5748 = DIRECTION('',(1.,0.));
#5749 = ( GEOMETRIC_REPRESENTATION_CONTEXT(2) 
PARAMETRIC_REPRESENTATION_CONTEXT() REPRESENTATION_CONTEXT('2D SPACE',''
  ) );
#5750 = ORIENTED_EDGE('',*,*,#5751,.T.);
#5751 = EDGE_CURVE('',#5724,#5752,#5754,.T.);
#5752 = VERTEX_POINT('',#5753);
#5753 = CARTESIAN_POINT('',(2.410744644679,7.512487249235,0.));
#5754 = SURFACE_CURVE('',#5755,(#5760,#5767),.PCURVE_S1.);
#5755 = CIRCLE('',#5756,3.37619047619);
#5756 = AXIS2_PLACEMENT_3D('',#5757,#5758,#5759);
#5757 = CARTESIAN_POINT('',(2.006180594913E-16,5.14880952381,0.));
#5758 = DIRECTION('',(0.,0.,-1.));
#5759 = DIRECTION('',(-0.714042842571,0.70010200612,0.));
#5760 = PCURVE('',#4354,#5761);
#5761 = DEFINITIONAL_REPRESENTATION('',(#5762),#5766);
#5762 = CIRCLE('',#5763,3.37619047619);
#5763 = AXIS2_PLACEMENT_2D('',#5764,#5765);
#5764 = CARTESIAN_POINT('',(-3.783232245717E-06,4.933218007738));
#5765 = DIRECTION('',(0.714042842571,0.70010200612));
#5766 = ( GEOMETRIC_REPRESENTATION_CONTEXT(2) 
PARAMETRIC_REPRESENTATION_CONTEXT() REPRESENTATION_CONTEXT('2D SPACE',''
  ) );
#5767 = PCURVE('',#5768,#5773);
#5768 = TOROIDAL_SURFACE('',#5769,3.37619047619,0.125);
#5769 = AXIS2_PLACEMENT_3D('',#5770,#5771,#5772);
#5770 = CARTESIAN_POINT('',(2.006180594913E-16,5.14880952381,0.125));
#5771 = DIRECTION('',(-0.,0.,-1.));
#5772 = DIRECTION('',(-0.714042842571,0.70010200612,0.));
#5773 = DEFINITIONAL_REPRESENTATION('',(#5774),#5778);
#5774 = LINE('',#5775,#5776);
#5775 = CARTESIAN_POINT('',(0.,1.570796326795));
#5776 = VECTOR('',#5777,1.);
#5777 = DIRECTION('',(1.,0.));
#5778 = ( GEOMETRIC_REPRESENTATION_CONTEXT(2) 
PARAMETRIC_REPRESENTATION_CONTEXT() REPRESENTATION_CONTEXT('2D SPACE',''
  ) );
#5779 = ORIENTED_EDGE('',*,*,#5780,.T.);
#5780 = EDGE_CURVE('',#5752,#5485,#5781,.T.);
#5781 = SURFACE_CURVE('',#5782,(#5787,#5798),.PCURVE_S1.);
#5782 = CIRCLE('',#5783,2.126104115375);
#5783 = AXIS2_PLACEMENT_3D('',#5784,#5785,#5786);
#5784 = CARTESIAN_POINT('',(3.928749569323,9.001103974989,0.));
#5785 = DIRECTION('',(0.,0.,1.));
#5786 = DIRECTION('',(-0.713980626168,-0.700165455772,0.));
#5787 = PCURVE('',#4354,#5788);
#5788 = DEFINITIONAL_REPRESENTATION('',(#5789),#5797);
#5789 = ( BOUNDED_CURVE() B_SPLINE_CURVE(2,(#5790,#5791,#5792,#5793,
#5794,#5795,#5796),.UNSPECIFIED.,.T.,.F.) B_SPLINE_CURVE_WITH_KNOTS((1,2
    ,2,2,2,1),(-2.094395102393,0.,2.094395102393,4.188790204786,
6.28318530718,8.377580409573),.UNSPECIFIED.) CURVE() 
GEOMETRIC_REPRESENTATION_ITEM() RATIONAL_B_SPLINE_CURVE((1.,0.5,1.,0.5,
1.,0.5,1.)) REPRESENTATION_ITEM('') );
#5790 = CARTESIAN_POINT('',(-2.410756204961,7.296887801957));
#5791 = CARTESIAN_POINT('',(-4.989129744216,4.66763961658));
#5792 = CARTESIAN_POINT('',(-5.97693869598,8.215200694709));
#5793 = CARTESIAN_POINT('',(-6.964747647743,11.762761772838));
#5794 = CARTESIAN_POINT('',(-3.398565156725,10.844448880086));
#5795 = CARTESIAN_POINT('',(0.167617334294,9.926135987334));
#5796 = CARTESIAN_POINT('',(-2.410756204961,7.296887801957));
#5797 = ( GEOMETRIC_REPRESENTATION_CONTEXT(2) 
PARAMETRIC_REPRESENTATION_CONTEXT() REPRESENTATION_CONTEXT('2D SPACE',''
  ) );
#5798 = PCURVE('',#5469,#5799);
#5799 = DEFINITIONAL_REPRESENTATION('',(#5800),#5804);
#5800 = LINE('',#5801,#5802);
#5801 = CARTESIAN_POINT('',(0.,4.712388980385));
#5802 = VECTOR('',#5803,1.);
#5803 = DIRECTION('',(1.,0.));
#5804 = ( GEOMETRIC_REPRESENTATION_CONTEXT(2) 
PARAMETRIC_REPRESENTATION_CONTEXT() REPRESENTATION_CONTEXT('2D SPACE',''
  ) );
#5805 = ORIENTED_EDGE('',*,*,#5506,.T.);
#5806 = ORIENTED_EDGE('',*,*,#4947,.T.);
#5807 = ORIENTED_EDGE('',*,*,#4585,.T.);
#5808 = ORIENTED_EDGE('',*,*,#4489,.T.);
#5809 = ORIENTED_EDGE('',*,*,#4391,.T.);
#5810 = ORIENTED_EDGE('',*,*,#4339,.T.);
#5811 = FACE_BOUND('',#5812,.T.);
#5812 = EDGE_LOOP('',(#5813));
#5813 = ORIENTED_EDGE('',*,*,#5814,.F.);
#5814 = EDGE_CURVE('',#5815,#5815,#5817,.T.);
#5815 = VERTEX_POINT('',#5816);
#5816 = CARTESIAN_POINT('',(3.549,-5.5625,0.));
#5817 = SURFACE_CURVE('',#5818,(#5823,#5830),.PCURVE_S1.);
#5818 = CIRCLE('',#5819,4.9E-02);
#5819 = AXIS2_PLACEMENT_3D('',#5820,#5821,#5822);
#5820 = CARTESIAN_POINT('',(3.5,-5.5625,0.));
#5821 = DIRECTION('',(0.,0.,-1.));
#5822 = DIRECTION('',(1.,0.,0.));
#5823 = PCURVE('',#4354,#5824);
#5824 = DEFINITIONAL_REPRESENTATION('',(#5825),#5829);
#5825 = CIRCLE('',#5826,4.9E-02);
#5826 = AXIS2_PLACEMENT_2D('',#5827,#5828);
#5827 = CARTESIAN_POINT('',(-3.500003783232,-5.778091516071));
#5828 = DIRECTION('',(-1.,0.));
#5829 = ( GEOMETRIC_REPRESENTATION_CONTEXT(2) 
PARAMETRIC_REPRESENTATION_CONTEXT() REPRESENTATION_CONTEXT('2D SPACE',''
  ) );
#5830 = PCURVE('',#5831,#5836);
#5831 = CYLINDRICAL_SURFACE('',#5832,4.9E-02);
#5832 = AXIS2_PLACEMENT_3D('',#5833,#5834,#5835);
#5833 = CARTESIAN_POINT('',(3.5,-5.5625,-0.1));
#5834 = DIRECTION('',(-0.,-0.,-1.));
#5835 = DIRECTION('',(1.,0.,0.));
#5836 = DEFINITIONAL_REPRESENTATION('',(#5837),#5841);
#5837 = LINE('',#5838,#5839);
#5838 = CARTESIAN_POINT('',(-6.28318530718,-0.1));
#5839 = VECTOR('',#5840,1.);
#5840 = DIRECTION('',(1.,-0.));
#5841 = ( GEOMETRIC_REPRESENTATION_CONTEXT(2) 
PARAMETRIC_REPRESENTATION_CONTEXT() REPRESENTATION_CONTEXT('2D SPACE',''
  ) );
#5842 = FACE_BOUND('',#5843,.T.);
#5843 = EDGE_LOOP('',(#5844));
#5844 = ORIENTED_EDGE('',*,*,#5845,.F.);
#5845 = EDGE_CURVE('',#5846,#5846,#5848,.T.);
#5846 = VERTEX_POINT('',#5847);
#5847 = CARTESIAN_POINT('',(6.6115,0.,0.));
#5848 = SURFACE_CURVE('',#5849,(#5854,#5861),.PCURVE_S1.);
#5849 = CIRCLE('',#5850,4.9E-02);
#5850 = AXIS2_PLACEMENT_3D('',#5851,#5852,#5853);
#5851 = CARTESIAN_POINT('',(6.5625,0.,0.));
#5852 = DIRECTION('',(0.,0.,-1.));
#5853 = DIRECTION('',(1.,0.,0.));
#5854 = PCURVE('',#4354,#5855);
#5855 = DEFINITIONAL_REPRESENTATION('',(#5856),#5860);
#5856 = CIRCLE('',#5857,4.9E-02);
#5857 = AXIS2_PLACEMENT_2D('',#5858,#5859);
#5858 = CARTESIAN_POINT('',(-6.562503783232,-0.215591516071));
#5859 = DIRECTION('',(-1.,0.));
#5860 = ( GEOMETRIC_REPRESENTATION_CONTEXT(2) 
PARAMETRIC_REPRESENTATION_CONTEXT() REPRESENTATION_CONTEXT('2D SPACE',''
  ) );
#5861 = PCURVE('',#5862,#5867);
#5862 = CYLINDRICAL_SURFACE('',#5863,4.9E-02);
#5863 = AXIS2_PLACEMENT_3D('',#5864,#5865,#5866);
#5864 = CARTESIAN_POINT('',(6.5625,0.,-0.1));
#5865 = DIRECTION('',(-0.,-0.,-1.));
#5866 = DIRECTION('',(1.,0.,0.));
#5867 = DEFINITIONAL_REPRESENTATION('',(#5868),#5872);
#5868 = LINE('',#5869,#5870);
#5869 = CARTESIAN_POINT('',(-6.28318530718,-0.1));
#5870 = VECTOR('',#5871,1.);
#5871 = DIRECTION('',(1.,-0.));
#5872 = ( GEOMETRIC_REPRESENTATION_CONTEXT(2) 
PARAMETRIC_REPRESENTATION_CONTEXT() REPRESENTATION_CONTEXT('2D SPACE',''
  ) );
#5873 = FACE_BOUND('',#5874,.T.);
#5874 = EDGE_LOOP('',(#5875));
#5875 = ORIENTED_EDGE('',*,*,#5876,.F.);
#5876 = EDGE_CURVE('',#5877,#5877,#5879,.T.);
#5877 = VERTEX_POINT('',#5878);
#5878 = CARTESIAN_POINT('',(-3.451,-5.5625,0.));
#5879 = SURFACE_CURVE('',#5880,(#5885,#5892),.PCURVE_S1.);
#5880 = CIRCLE('',#5881,4.9E-02);
#5881 = AXIS2_PLACEMENT_3D('',#5882,#5883,#5884);
#5882 = CARTESIAN_POINT('',(-3.5,-5.5625,0.));
#5883 = DIRECTION('',(0.,0.,-1.));
#5884 = DIRECTION('',(1.,0.,0.));
#5885 = PCURVE('',#4354,#5886);
#5886 = DEFINITIONAL_REPRESENTATION('',(#5887),#5891);
#5887 = CIRCLE('',#5888,4.9E-02);
#5888 = AXIS2_PLACEMENT_2D('',#5889,#5890);
#5889 = CARTESIAN_POINT('',(3.499996216768,-5.778091516071));
#5890 = DIRECTION('',(-1.,0.));
#5891 = ( GEOMETRIC_REPRESENTATION_CONTEXT(2) 
PARAMETRIC_REPRESENTATION_CONTEXT() REPRESENTATION_CONTEXT('2D SPACE',''
  ) );
#5892 = PCURVE('',#5893,#5898);
#5893 = CYLINDRICAL_SURFACE('',#5894,4.9E-02);
#5894 = AXIS2_PLACEMENT_3D('',#5895,#5896,#5897);
#5895 = CARTESIAN_POINT('',(-3.5,-5.5625,-0.1));
#5896 = DIRECTION('',(-0.,-0.,-1.));
#5897 = DIRECTION('',(1.,0.,0.));
#5898 = DEFINITIONAL_REPRESENTATION('',(#5899),#5903);
#5899 = LINE('',#5900,#5901);
#5900 = CARTESIAN_POINT('',(-6.28318530718,-0.1));
#5901 = VECTOR('',#5902,1.);
#5902 = DIRECTION('',(1.,-0.));
#5903 = ( GEOMETRIC_REPRESENTATION_CONTEXT(2) 
PARAMETRIC_REPRESENTATION_CONTEXT() REPRESENTATION_CONTEXT('2D SPACE',''
  ) );
#5904 = FACE_BOUND('',#5905,.T.);
#5905 = EDGE_LOOP('',(#5906,#5907,#5908,#5909));
#5906 = ORIENTED_EDGE('',*,*,#5601,.T.);
#5907 = ORIENTED_EDGE('',*,*,#5532,.T.);
#5908 = ORIENTED_EDGE('',*,*,#5648,.T.);
#5909 = ORIENTED_EDGE('',*,*,#5695,.T.);
#5910 = FACE_BOUND('',#5911,.T.);
#5911 = EDGE_LOOP('',(#5912));
#5912 = ORIENTED_EDGE('',*,*,#5913,.F.);
#5913 = EDGE_CURVE('',#5914,#5914,#5916,.T.);
#5914 = VERTEX_POINT('',#5915);
#5915 = CARTESIAN_POINT('',(-6.5135,0.,0.));
#5916 = SURFACE_CURVE('',#5917,(#5922,#5929),.PCURVE_S1.);
#5917 = CIRCLE('',#5918,4.9E-02);
#5918 = AXIS2_PLACEMENT_3D('',#5919,#5920,#5921);
#5919 = CARTESIAN_POINT('',(-6.5625,0.,0.));
#5920 = DIRECTION('',(0.,0.,-1.));
#5921 = DIRECTION('',(1.,0.,0.));
#5922 = PCURVE('',#4354,#5923);
#5923 = DEFINITIONAL_REPRESENTATION('',(#5924),#5928);
#5924 = CIRCLE('',#5925,4.9E-02);
#5925 = AXIS2_PLACEMENT_2D('',#5926,#5927);
#5926 = CARTESIAN_POINT('',(6.562496216768,-0.215591516071));
#5927 = DIRECTION('',(-1.,0.));
#5928 = ( GEOMETRIC_REPRESENTATION_CONTEXT(2) 
PARAMETRIC_REPRESENTATION_CONTEXT() REPRESENTATION_CONTEXT('2D SPACE',''
  ) );
#5929 = PCURVE('',#5930,#5935);
#5930 = CYLINDRICAL_SURFACE('',#5931,4.9E-02);
#5931 = AXIS2_PLACEMENT_3D('',#5932,#5933,#5934);
#5932 = CARTESIAN_POINT('',(-6.5625,0.,-0.1));
#5933 = DIRECTION('',(-0.,-0.,-1.));
#5934 = DIRECTION('',(1.,0.,0.));
#5935 = DEFINITIONAL_REPRESENTATION('',(#5936),#5940);
#5936 = LINE('',#5937,#5938);
#5937 = CARTESIAN_POINT('',(-6.28318530718,-0.1));
#5938 = VECTOR('',#5939,1.);
#5939 = DIRECTION('',(1.,-0.));
#5940 = ( GEOMETRIC_REPRESENTATION_CONTEXT(2) 
PARAMETRIC_REPRESENTATION_CONTEXT() REPRESENTATION_CONTEXT('2D SPACE',''
  ) );
#5941 = FACE_BOUND('',#5942,.T.);
#5942 = EDGE_LOOP('',(#5943));
#5943 = ORIENTED_EDGE('',*,*,#5944,.F.);
#5944 = EDGE_CURVE('',#5945,#5945,#5947,.T.);
#5945 = VERTEX_POINT('',#5946);
#5946 = CARTESIAN_POINT('',(3.549,5.5625,0.));
#5947 = SURFACE_CURVE('',#5948,(#5953,#5960),.PCURVE_S1.);
#5948 = CIRCLE('',#5949,4.9E-02);
#5949 = AXIS2_PLACEMENT_3D('',#5950,#5951,#5952);
#5950 = CARTESIAN_POINT('',(3.5,5.5625,0.));
#5951 = DIRECTION('',(0.,0.,-1.));
#5952 = DIRECTION('',(1.,0.,0.));
#5953 = PCURVE('',#4354,#5954);
#5954 = DEFINITIONAL_REPRESENTATION('',(#5955),#5959);
#5955 = CIRCLE('',#5956,4.9E-02);
#5956 = AXIS2_PLACEMENT_2D('',#5957,#5958);
#5957 = CARTESIAN_POINT('',(-3.500003783232,5.346908483929));
#5958 = DIRECTION('',(-1.,0.));
#5959 = ( GEOMETRIC_REPRESENTATION_CONTEXT(2) 
PARAMETRIC_REPRESENTATION_CONTEXT() REPRESENTATION_CONTEXT('2D SPACE',''
  ) );
#5960 = PCURVE('',#5961,#5966);
#5961 = CYLINDRICAL_SURFACE('',#5962,4.9E-02);
#5962 = AXIS2_PLACEMENT_3D('',#5963,#5964,#5965);
#5963 = CARTESIAN_POINT('',(3.5,5.5625,-0.1));
#5964 = DIRECTION('',(-0.,-0.,-1.));
#5965 = DIRECTION('',(1.,0.,0.));
#5966 = DEFINITIONAL_REPRESENTATION('',(#5967),#5971);
#5967 = LINE('',#5968,#5969);
#5968 = CARTESIAN_POINT('',(-6.28318530718,-0.1));
#5969 = VECTOR('',#5970,1.);
#5970 = DIRECTION('',(1.,-0.));
#5971 = ( GEOMETRIC_REPRESENTATION_CONTEXT(2) 
PARAMETRIC_REPRESENTATION_CONTEXT() REPRESENTATION_CONTEXT('2D SPACE',''
  ) );
#5972 = FACE_BOUND('',#5973,.T.);
#5973 = EDGE_LOOP('',(#5974,#6005,#6031,#6057));
#5974 = ORIENTED_EDGE('',*,*,#5975,.F.);
#5975 = EDGE_CURVE('',#5976,#5978,#5980,.T.);
#5976 = VERTEX_POINT('',#5977);
#5977 = CARTESIAN_POINT('',(0.11,6.167032930885,0.));
#5978 = VERTEX_POINT('',#5979);
#5979 = CARTESIAN_POINT('',(-0.11,6.167032930885,0.));
#5980 = SURFACE_CURVE('',#5981,(#5986,#5993),.PCURVE_S1.);
#5981 = CIRCLE('',#5982,0.2);
#5982 = AXIS2_PLACEMENT_3D('',#5983,#5984,#5985);
#5983 = CARTESIAN_POINT('',(0.,6.,0.));
#5984 = DIRECTION('',(0.,0.,-1.));
#5985 = DIRECTION('',(1.,0.,0.));
#5986 = PCURVE('',#4354,#5987);
#5987 = DEFINITIONAL_REPRESENTATION('',(#5988),#5992);
#5988 = CIRCLE('',#5989,0.2);
#5989 = AXIS2_PLACEMENT_2D('',#5990,#5991);
#5990 = CARTESIAN_POINT('',(-3.783232245517E-06,5.784408483929));
#5991 = DIRECTION('',(-1.,0.));
#5992 = ( GEOMETRIC_REPRESENTATION_CONTEXT(2) 
PARAMETRIC_REPRESENTATION_CONTEXT() REPRESENTATION_CONTEXT('2D SPACE',''
  ) );
#5993 = PCURVE('',#5994,#5999);
#5994 = CYLINDRICAL_SURFACE('',#5995,0.2);
#5995 = AXIS2_PLACEMENT_3D('',#5996,#5997,#5998);
#5996 = CARTESIAN_POINT('',(0.,6.,-0.1));
#5997 = DIRECTION('',(-0.,-0.,-1.));
#5998 = DIRECTION('',(1.,0.,0.));
#5999 = DEFINITIONAL_REPRESENTATION('',(#6000),#6004);
#6000 = LINE('',#6001,#6002);
#6001 = CARTESIAN_POINT('',(-12.56637061435,-0.1));
#6002 = VECTOR('',#6003,1.);
#6003 = DIRECTION('',(1.,-0.));
#6004 = ( GEOMETRIC_REPRESENTATION_CONTEXT(2) 
PARAMETRIC_REPRESENTATION_CONTEXT() REPRESENTATION_CONTEXT('2D SPACE',''
  ) );
#6005 = ORIENTED_EDGE('',*,*,#6006,.T.);
#6006 = EDGE_CURVE('',#5976,#6007,#6009,.T.);
#6007 = VERTEX_POINT('',#6008);
#6008 = CARTESIAN_POINT('',(0.11,6.55,0.));
#6009 = SURFACE_CURVE('',#6010,(#6014,#6020),.PCURVE_S1.);
#6010 = LINE('',#6011,#6012);
#6011 = CARTESIAN_POINT('',(0.11,3.107795758036,0.));
#6012 = VECTOR('',#6013,1.);
#6013 = DIRECTION('',(0.,1.,-0.));
#6014 = PCURVE('',#4354,#6015);
#6015 = DEFINITIONAL_REPRESENTATION('',(#6016),#6019);
#6016 = B_SPLINE_CURVE_WITH_KNOTS('',1,(#6017,#6018),.UNSPECIFIED.,.F.,
  .F.,(2,2),(3.059237172849,3.442204241964),.PIECEWISE_BEZIER_KNOTS.);
#6017 = CARTESIAN_POINT('',(-0.110003783232,5.951441414813));
#6018 = CARTESIAN_POINT('',(-0.110003783232,6.334408483929));
#6019 = ( GEOMETRIC_REPRESENTATION_CONTEXT(2) 
PARAMETRIC_REPRESENTATION_CONTEXT() REPRESENTATION_CONTEXT('2D SPACE',''
  ) );
#6020 = PCURVE('',#6021,#6026);
#6021 = PLANE('',#6022);
#6022 = AXIS2_PLACEMENT_3D('',#6023,#6024,#6025);
#6023 = CARTESIAN_POINT('',(0.11,6.,-0.1));
#6024 = DIRECTION('',(-1.,0.,0.));
#6025 = DIRECTION('',(0.,1.,0.));
#6026 = DEFINITIONAL_REPRESENTATION('',(#6027),#6030);
#6027 = B_SPLINE_CURVE_WITH_KNOTS('',1,(#6028,#6029),.UNSPECIFIED.,.F.,
  .F.,(2,2),(3.059237172849,3.442204241964),.PIECEWISE_BEZIER_KNOTS.);
#6028 = CARTESIAN_POINT('',(0.167032930885,-0.1));
#6029 = CARTESIAN_POINT('',(0.55,-0.1));
#6030 = ( GEOMETRIC_REPRESENTATION_CONTEXT(2) 
PARAMETRIC_REPRESENTATION_CONTEXT() REPRESENTATION_CONTEXT('2D SPACE',''
  ) );
#6031 = ORIENTED_EDGE('',*,*,#6032,.T.);
#6032 = EDGE_CURVE('',#6007,#6033,#6035,.T.);
#6033 = VERTEX_POINT('',#6034);
#6034 = CARTESIAN_POINT('',(-0.11,6.55,0.));
#6035 = SURFACE_CURVE('',#6036,(#6040,#6046),.PCURVE_S1.);
#6036 = LINE('',#6037,#6038);
#6037 = CARTESIAN_POINT('',(5.499810838388E-02,6.55,0.));
#6038 = VECTOR('',#6039,1.);
#6039 = DIRECTION('',(-1.,0.,0.));
#6040 = PCURVE('',#4354,#6041);
#6041 = DEFINITIONAL_REPRESENTATION('',(#6042),#6045);
#6042 = B_SPLINE_CURVE_WITH_KNOTS('',1,(#6043,#6044),.UNSPECIFIED.,.F.,
  .F.,(2,2),(-5.500189161612E-02,0.164998108384),
  .PIECEWISE_BEZIER_KNOTS.);
#6043 = CARTESIAN_POINT('',(-0.110003783232,6.334408483929));
#6044 = CARTESIAN_POINT('',(0.109996216768,6.334408483929));
#6045 = ( GEOMETRIC_REPRESENTATION_CONTEXT(2) 
PARAMETRIC_REPRESENTATION_CONTEXT() REPRESENTATION_CONTEXT('2D SPACE',''
  ) );
#6046 = PCURVE('',#6047,#6052);
#6047 = PLANE('',#6048);
#6048 = AXIS2_PLACEMENT_3D('',#6049,#6050,#6051);
#6049 = CARTESIAN_POINT('',(0.11,6.55,-0.1));
#6050 = DIRECTION('',(0.,-1.,0.));
#6051 = DIRECTION('',(-1.,0.,0.));
#6052 = DEFINITIONAL_REPRESENTATION('',(#6053),#6056);
#6053 = B_SPLINE_CURVE_WITH_KNOTS('',1,(#6054,#6055),.UNSPECIFIED.,.F.,
  .F.,(2,2),(-5.500189161612E-02,0.164998108384),
  .PIECEWISE_BEZIER_KNOTS.);
#6054 = CARTESIAN_POINT('',(0.,-0.1));
#6055 = CARTESIAN_POINT('',(0.22,-0.1));
#6056 = ( GEOMETRIC_REPRESENTATION_CONTEXT(2) 
PARAMETRIC_REPRESENTATION_CONTEXT() REPRESENTATION_CONTEXT('2D SPACE',''
  ) );
#6057 = ORIENTED_EDGE('',*,*,#6058,.T.);
#6058 = EDGE_CURVE('',#6033,#5978,#6059,.T.);
#6059 = SURFACE_CURVE('',#6060,(#6064,#6070),.PCURVE_S1.);
#6060 = LINE('',#6061,#6062);
#6061 = CARTESIAN_POINT('',(-0.11,3.382795758036,0.));
#6062 = VECTOR('',#6063,1.);
#6063 = DIRECTION('',(0.,-1.,0.));
#6064 = PCURVE('',#4354,#6065);
#6065 = DEFINITIONAL_REPRESENTATION('',(#6066),#6069);
#6066 = B_SPLINE_CURVE_WITH_KNOTS('',1,(#6067,#6068),.UNSPECIFIED.,.F.,
  .F.,(2,2),(-3.167204241964,-2.784237172849),.PIECEWISE_BEZIER_KNOTS.);
#6067 = CARTESIAN_POINT('',(0.109996216768,6.334408483929));
#6068 = CARTESIAN_POINT('',(0.109996216768,5.951441414813));
#6069 = ( GEOMETRIC_REPRESENTATION_CONTEXT(2) 
PARAMETRIC_REPRESENTATION_CONTEXT() REPRESENTATION_CONTEXT('2D SPACE',''
  ) );
#6070 = PCURVE('',#6071,#6076);
#6071 = PLANE('',#6072);
#6072 = AXIS2_PLACEMENT_3D('',#6073,#6074,#6075);
#6073 = CARTESIAN_POINT('',(-0.11,6.55,-0.1));
#6074 = DIRECTION('',(1.,0.,-0.));
#6075 = DIRECTION('',(0.,-1.,0.));
#6076 = DEFINITIONAL_REPRESENTATION('',(#6077),#6080);
#6077 = B_SPLINE_CURVE_WITH_KNOTS('',1,(#6078,#6079),.UNSPECIFIED.,.F.,
  .F.,(2,2),(-3.167204241964,-2.784237172849),.PIECEWISE_BEZIER_KNOTS.);
#6078 = CARTESIAN_POINT('',(0.,-0.1));
#6079 = CARTESIAN_POINT('',(0.382967069115,-0.1));
#6080 = ( GEOMETRIC_REPRESENTATION_CONTEXT(2) 
PARAMETRIC_REPRESENTATION_CONTEXT() REPRESENTATION_CONTEXT('2D SPACE',''
  ) );
#6081 = FACE_BOUND('',#6082,.T.);
#6082 = EDGE_LOOP('',(#6083));
#6083 = ORIENTED_EDGE('',*,*,#6084,.F.);
#6084 = EDGE_CURVE('',#6085,#6085,#6087,.T.);
#6085 = VERTEX_POINT('',#6086);
#6086 = CARTESIAN_POINT('',(-3.451,5.5625,0.));
#6087 = SURFACE_CURVE('',#6088,(#6093,#6100),.PCURVE_S1.);
#6088 = CIRCLE('',#6089,4.9E-02);
#6089 = AXIS2_PLACEMENT_3D('',#6090,#6091,#6092);
#6090 = CARTESIAN_POINT('',(-3.5,5.5625,0.));
#6091 = DIRECTION('',(0.,0.,-1.));
#6092 = DIRECTION('',(1.,0.,0.));
#6093 = PCURVE('',#4354,#6094);
#6094 = DEFINITIONAL_REPRESENTATION('',(#6095),#6099);
#6095 = CIRCLE('',#6096,4.9E-02);
#6096 = AXIS2_PLACEMENT_2D('',#6097,#6098);
#6097 = CARTESIAN_POINT('',(3.499996216768,5.346908483929));
#6098 = DIRECTION('',(-1.,0.));
#6099 = ( GEOMETRIC_REPRESENTATION_CONTEXT(2) 
PARAMETRIC_REPRESENTATION_CONTEXT() REPRESENTATION_CONTEXT('2D SPACE',''
  ) );
#6100 = PCURVE('',#6101,#6106);
#6101 = CYLINDRICAL_SURFACE('',#6102,4.9E-02);
#6102 = AXIS2_PLACEMENT_3D('',#6103,#6104,#6105);
#6103 = CARTESIAN_POINT('',(-3.5,5.5625,-0.1));
#6104 = DIRECTION('',(-0.,-0.,-1.));
#6105 = DIRECTION('',(1.,0.,0.));
#6106 = DEFINITIONAL_REPRESENTATION('',(#6107),#6111);
#6107 = LINE('',#6108,#6109);
#6108 = CARTESIAN_POINT('',(-6.28318530718,-0.1));
#6109 = VECTOR('',#6110,1.);
#6110 = DIRECTION('',(1.,-0.));
#6111 = ( GEOMETRIC_REPRESENTATION_CONTEXT(2) 
PARAMETRIC_REPRESENTATION_CONTEXT() REPRESENTATION_CONTEXT('2D SPACE',''
  ) );
#6112 = ADVANCED_FACE('',(#6113),#4649,.T.);
#6113 = FACE_BOUND('',#6114,.T.);
#6114 = EDGE_LOOP('',(#6115,#6116,#6117,#6137));
#6115 = ORIENTED_EDGE('',*,*,#4635,.F.);
#6116 = ORIENTED_EDGE('',*,*,#4897,.T.);
#6117 = ORIENTED_EDGE('',*,*,#6118,.T.);
#6118 = EDGE_CURVE('',#4870,#5724,#6119,.T.);
#6119 = SURFACE_CURVE('',#6120,(#6125,#6131),.PCURVE_S1.);
#6120 = CIRCLE('',#6121,0.125);
#6121 = AXIS2_PLACEMENT_3D('',#6122,#6123,#6124);
#6122 = CARTESIAN_POINT('',(-2.410708122461,7.512524514259,0.125));
#6123 = DIRECTION('',(-0.699803885928,-0.714335020309,0.));
#6124 = DIRECTION('',(0.714335020309,-0.699803885928,0.));
#6125 = PCURVE('',#4649,#6126);
#6126 = DEFINITIONAL_REPRESENTATION('',(#6127),#6130);
#6127 = B_SPLINE_CURVE_WITH_KNOTS('',1,(#6128,#6129),.UNSPECIFIED.,.F.,
  .F.,(2,2),(3.14159265359,4.712388980385),.PIECEWISE_BEZIER_KNOTS.);
#6128 = CARTESIAN_POINT('',(0.795805118406,3.14159265359));
#6129 = CARTESIAN_POINT('',(0.795805118406,4.712388980385));
#6130 = ( GEOMETRIC_REPRESENTATION_CONTEXT(2) 
PARAMETRIC_REPRESENTATION_CONTEXT() REPRESENTATION_CONTEXT('2D SPACE',''
  ) );
#6131 = PCURVE('',#5768,#6132);
#6132 = DEFINITIONAL_REPRESENTATION('',(#6133),#6136);
#6133 = B_SPLINE_CURVE_WITH_KNOTS('',1,(#6134,#6135),.UNSPECIFIED.,.F.,
  .F.,(2,2),(3.14159265359,4.712388980385),.PIECEWISE_BEZIER_KNOTS.);
#6134 = CARTESIAN_POINT('',(0.,4.996003610813E-15));
#6135 = CARTESIAN_POINT('',(0.,1.570796326795));
#6136 = ( GEOMETRIC_REPRESENTATION_CONTEXT(2) 
PARAMETRIC_REPRESENTATION_CONTEXT() REPRESENTATION_CONTEXT('2D SPACE',''
  ) );
#6137 = ORIENTED_EDGE('',*,*,#5723,.F.);
#6138 = ADVANCED_FACE('',(#6139),#4843,.F.);
#6139 = FACE_BOUND('',#6140,.F.);
#6140 = EDGE_LOOP('',(#6141,#6160,#6161,#6162));
#6141 = ORIENTED_EDGE('',*,*,#6142,.T.);
#6142 = EDGE_CURVE('',#4822,#5022,#6143,.T.);
#6143 = SURFACE_CURVE('',#6144,(#6148,#6154),.PCURVE_S1.);
#6144 = ( BOUNDED_CURVE() B_SPLINE_CURVE(2,(#6145,#6146,#6147),
.UNSPECIFIED.,.F.,.F.) B_SPLINE_CURVE_WITH_KNOTS((3,3),(0.,
5.291504653854),.PIECEWISE_BEZIER_KNOTS.) CURVE() 
GEOMETRIC_REPRESENTATION_ITEM() RATIONAL_B_SPLINE_CURVE((1.,
0.707106781187,1.)) REPRESENTATION_ITEM('') );
#6145 = CARTESIAN_POINT('',(-2.5,7.6,0.325));
#6146 = CARTESIAN_POINT('',(-2.5,7.6,0.55));
#6147 = CARTESIAN_POINT('',(-2.341011850467,7.440790175215,0.55));
#6148 = PCURVE('',#4843,#6149);
#6149 = DEFINITIONAL_REPRESENTATION('',(#6150),#6153);
#6150 = B_SPLINE_CURVE_WITH_KNOTS('',1,(#6151,#6152),.UNSPECIFIED.,.F.,
  .F.,(2,2),(0.,5.291504653854),.PIECEWISE_BEZIER_KNOTS.);
#6151 = CARTESIAN_POINT('',(0.,7.093805163839));
#6152 = CARTESIAN_POINT('',(0.11294508871,7.093805163839));
#6153 = ( GEOMETRIC_REPRESENTATION_CONTEXT(2) 
PARAMETRIC_REPRESENTATION_CONTEXT() REPRESENTATION_CONTEXT('2D SPACE',''
  ) );
#6154 = PCURVE('',#5083,#6155);
#6155 = DEFINITIONAL_REPRESENTATION('',(#6156),#6159);
#6156 = B_SPLINE_CURVE_WITH_KNOTS('',1,(#6157,#6158),.UNSPECIFIED.,.F.,
  .F.,(2,2),(0.,5.291504653854),.PIECEWISE_BEZIER_KNOTS.);
#6157 = CARTESIAN_POINT('',(0.,7.093805163839));
#6158 = CARTESIAN_POINT('',(5.291504653854,7.093805163839));
#6159 = ( GEOMETRIC_REPRESENTATION_CONTEXT(2) 
PARAMETRIC_REPRESENTATION_CONTEXT() REPRESENTATION_CONTEXT('2D SPACE',''
  ) );
#6160 = ORIENTED_EDGE('',*,*,#5169,.T.);
#6161 = ORIENTED_EDGE('',*,*,#5199,.F.);
#6162 = ORIENTED_EDGE('',*,*,#4821,.F.);
#6163 = ADVANCED_FACE('',(#6164),#4885,.T.);
#6164 = FACE_BOUND('',#6165,.T.);
#6165 = EDGE_LOOP('',(#6166,#6167,#6290,#6291));
#6166 = ORIENTED_EDGE('',*,*,#4869,.T.);
#6167 = ORIENTED_EDGE('',*,*,#6168,.F.);
#6168 = EDGE_CURVE('',#5401,#4822,#6169,.T.);
#6169 = SURFACE_CURVE('',#6170,(#6197,#6283),.PCURVE_S1.);
#6170 = ( BOUNDED_CURVE() B_SPLINE_CURVE(9,(#6171,#6172,#6173,#6174,
    #6175,#6176,#6177,#6178,#6179,#6180,#6181,#6182,#6183,#6184,#6185,
    #6186,#6187,#6188,#6189,#6190,#6191,#6192,#6193,#6194,#6195,#6196),
.UNSPECIFIED.,.F.,.F.) B_SPLINE_CURVE_WITH_KNOTS((10,8,8,10),(
    1.802300509985,1.803018548202,7.093076021967,7.093805163839),
.UNSPECIFIED.) CURVE() GEOMETRIC_REPRESENTATION_ITEM() 
RATIONAL_B_SPLINE_CURVE((1.,1.,1.,1.,1.,1.,1.,1.,1.,1.,1.,1.,1.,1.,1.,1.
,1.,1.,1.,1.,1.,1.,1.,1.,1.,1.)) REPRESENTATION_ITEM('') );
#6171 = CARTESIAN_POINT('',(2.5,7.6,0.325));
#6172 = CARTESIAN_POINT('',(2.499941454655,7.600059711134,0.325));
#6173 = CARTESIAN_POINT('',(2.499882895806,7.600119432831,0.325));
#6174 = CARTESIAN_POINT('',(2.499824323406,7.600179165138,0.325));
#6175 = CARTESIAN_POINT('',(2.499765737408,7.600238908099,0.325));
#6176 = CARTESIAN_POINT('',(2.499707137763,7.600298661762,0.325));
#6177 = CARTESIAN_POINT('',(2.499648524425,7.600358426172,0.325));
#6178 = CARTESIAN_POINT('',(2.499589897346,7.600418201377,0.325));
#6179 = CARTESIAN_POINT('',(2.499531256479,7.600477987421,0.325));
#6180 = CARTESIAN_POINT('',(2.06734135327,8.041084248408,0.325));
#6181 = CARTESIAN_POINT('',(1.544226950045,8.399373061509,0.325));
#6182 = CARTESIAN_POINT('',(0.95736220194,8.645089809786,0.325));
#6183 = CARTESIAN_POINT('',(0.323605610224,8.776731063596,0.325));
#6184 = CARTESIAN_POINT('',(-0.323606347355,8.776665484076,0.325));
#6185 = CARTESIAN_POINT('',(-0.957351905098,8.64515610754,0.325));
#6186 = CARTESIAN_POINT('',(-1.544259597243,8.399312131469,0.325));
#6187 = CARTESIAN_POINT('',(-2.067300228343,8.041123229808,0.325));
#6188 = CARTESIAN_POINT('',(-2.49952397719,7.600485408843,0.325));
#6189 = CARTESIAN_POINT('',(-2.499583529253,7.600424694164,0.325));
#6190 = CARTESIAN_POINT('',(-2.499643067157,7.600363990601,0.325));
#6191 = CARTESIAN_POINT('',(-2.499702590951,7.600303298108,0.325));
#6192 = CARTESIAN_POINT('',(-2.499762100684,7.600242616636,0.325));
#6193 = CARTESIAN_POINT('',(-2.499821596406,7.600181946137,0.325));
#6194 = CARTESIAN_POINT('',(-2.499881078167,7.600121286564,0.325));
#6195 = CARTESIAN_POINT('',(-2.499940546015,7.600060637867,0.325));
#6196 = CARTESIAN_POINT('',(-2.5,7.6,0.325));
#6197 = PCURVE('',#4885,#6198);
#6198 = DEFINITIONAL_REPRESENTATION('',(#6199),#6282);
#6199 = B_SPLINE_CURVE_WITH_KNOTS('',9,(#6200,#6201,#6202,#6203,#6204,
    #6205,#6206,#6207,#6208,#6209,#6210,#6211,#6212,#6213,#6214,#6215,
    #6216,#6217,#6218,#6219,#6220,#6221,#6222,#6223,#6224,#6225,#6226,
    #6227,#6228,#6229,#6230,#6231,#6232,#6233,#6234,#6235,#6236,#6237,
    #6238,#6239,#6240,#6241,#6242,#6243,#6244,#6245,#6246,#6247,#6248,
    #6249,#6250,#6251,#6252,#6253,#6254,#6255,#6256,#6257,#6258,#6259,
    #6260,#6261,#6262,#6263,#6264,#6265,#6266,#6267,#6268,#6269,#6270,
    #6271,#6272,#6273,#6274,#6275,#6276,#6277,#6278,#6279,#6280,#6281),
  .UNSPECIFIED.,.F.,.F.,(10,8,8,8,8,8,8,8,8,8,10),(1.802300509985,
    1.967660030418,2.133019550851,2.463738591717,3.125176673449,
    4.448052836912,5.770929000376,6.432367082108,6.763086122974,
    6.928445643406,7.093805163839),.UNSPECIFIED.);
#6200 = CARTESIAN_POINT('',(1.590511966089,-0.325));
#6201 = CARTESIAN_POINT('',(1.585011532115,-0.325000000002));
#6202 = CARTESIAN_POINT('',(1.579459643386,-0.324999999994));
#6203 = CARTESIAN_POINT('',(1.574041206769,-0.325000000012));
#6204 = CARTESIAN_POINT('',(1.568393884,-0.324999999986));
#6205 = CARTESIAN_POINT('',(1.563006242274,-0.32500000001));
#6206 = CARTESIAN_POINT('',(1.557412287127,-0.324999999995));
#6207 = CARTESIAN_POINT('',(1.55192560586,-0.325000000001));
#6208 = CARTESIAN_POINT('',(1.546403238266,-0.325));
#6209 = CARTESIAN_POINT('',(1.535367501431,-0.325));
#6210 = CARTESIAN_POINT('',(1.52984889568,-0.325));
#6211 = CARTESIAN_POINT('',(1.524329609982,-0.325));
#6212 = CARTESIAN_POINT('',(1.518809701722,-0.325));
#6213 = CARTESIAN_POINT('',(1.513289228285,-0.325));
#6214 = CARTESIAN_POINT('',(1.507768247058,-0.325));
#6215 = CARTESIAN_POINT('',(1.502246815426,-0.325));
#6216 = CARTESIAN_POINT('',(1.496724990774,-0.325));
#6217 = CARTESIAN_POINT('',(1.480158509918,-0.325));
#6218 = CARTESIAN_POINT('',(1.469112947444,-0.325));
#6219 = CARTESIAN_POINT('',(1.458066342173,-0.325));
#6220 = CARTESIAN_POINT('',(1.447018893218,-0.325));
#6221 = CARTESIAN_POINT('',(1.435970799682,-0.325));
#6222 = CARTESIAN_POINT('',(1.424922260678,-0.325));
#6223 = CARTESIAN_POINT('',(1.413873475311,-0.325));
#6224 = CARTESIAN_POINT('',(1.402824642692,-0.325));
#6225 = CARTESIAN_POINT('',(1.3696786004,-0.325));
#6226 = CARTESIAN_POINT('',(1.347581924844,-0.325));
#6227 = CARTESIAN_POINT('',(1.325485938621,-0.325));
#6228 = CARTESIAN_POINT('',(1.303390645099,-0.325));
#6229 = CARTESIAN_POINT('',(1.281296047638,-0.325));
#6230 = CARTESIAN_POINT('',(1.259202149605,-0.325));
#6231 = CARTESIAN_POINT('',(1.237108954361,-0.325));
#6232 = CARTESIAN_POINT('',(1.215016465273,-0.325));
#6233 = CARTESIAN_POINT('',(1.148741126565,-0.325));
#6234 = CARTESIAN_POINT('',(1.104558881148,-0.325));
#6235 = CARTESIAN_POINT('',(1.060376532608,-0.325));
#6236 = CARTESIAN_POINT('',(1.016193087652,-0.325));
#6237 = CARTESIAN_POINT('',(0.972007976538,-0.325));
#6238 = CARTESIAN_POINT('',(0.927821053083,-0.325));
#6239 = CARTESIAN_POINT('',(0.883632594649,-0.325));
#6240 = CARTESIAN_POINT('',(0.839443302155,-0.325));
#6241 = CARTESIAN_POINT('',(0.75106529799,-0.325));
#6242 = CARTESIAN_POINT('',(0.70687599263,-0.325));
#6243 = CARTESIAN_POINT('',(0.662687512004,-0.325));
#6244 = CARTESIAN_POINT('',(0.618500568038,-0.325));
#6245 = CARTESIAN_POINT('',(0.574315456566,-0.325));
#6246 = CARTESIAN_POINT('',(0.530132057335,-0.325));
#6247 = CARTESIAN_POINT('',(0.485949834003,-0.325));
#6248 = CARTESIAN_POINT('',(0.441767834139,-0.325));
#6249 = CARTESIAN_POINT('',(0.375493116766,-0.325));
#6250 = CARTESIAN_POINT('',(0.353400889244,-0.325));
#6251 = CARTESIAN_POINT('',(0.331308004575,-0.325));
#6252 = CARTESIAN_POINT('',(0.309214460677,-0.325));
#6253 = CARTESIAN_POINT('',(0.287120255465,-0.325));
#6254 = CARTESIAN_POINT('',(0.265025386857,-0.325));
#6255 = CARTESIAN_POINT('',(0.24292985277,-0.325));
#6256 = CARTESIAN_POINT('',(0.22083365112,-0.325));
#6257 = CARTESIAN_POINT('',(0.187688344177,-0.325));
#6258 = CARTESIAN_POINT('',(0.176639759434,-0.325));
#6259 = CARTESIAN_POINT('',(0.165591217678,-0.325));
#6260 = CARTESIAN_POINT('',(0.15454291099,-0.325));
#6261 = CARTESIAN_POINT('',(0.143495031451,-0.325));
#6262 = CARTESIAN_POINT('',(0.132447771141,-0.325));
#6263 = CARTESIAN_POINT('',(0.121401322143,-0.325));
#6264 = CARTESIAN_POINT('',(0.110355876537,-0.325));
#6265 = CARTESIAN_POINT('',(9.378950133741E-02,-0.325));
#6266 = CARTESIAN_POINT('',(8.826769953569E-02,-0.325));
#6267 = CARTESIAN_POINT('',(8.274627650181E-02,-0.325));
#6268 = CARTESIAN_POINT('',(7.72252877391E-02,-0.325));
#6269 = CARTESIAN_POINT('',(7.170478875062E-02,-0.325));
#6270 = CARTESIAN_POINT('',(6.618483503975E-02,-0.325));
#6271 = CARTESIAN_POINT('',(6.066548210957E-02,-0.325));
#6272 = CARTESIAN_POINT('',(5.514678546338E-02,-0.325));
#6273 = CARTESIAN_POINT('',(4.411081574534E-02,-0.325));
#6274 = CARTESIAN_POINT('',(3.858825537288E-02,-0.325000000001));
#6275 = CARTESIAN_POINT('',(3.310168683999E-02,-0.324999999997));
#6276 = CARTESIAN_POINT('',(2.750677457395E-02,-0.325000000007));
#6277 = CARTESIAN_POINT('',(2.212012058938E-02,-0.324999999991));
#6278 = CARTESIAN_POINT('',(1.647122404379E-02,-0.325000000008));
#6279 = CARTESIAN_POINT('',(1.10533947031E-02,-0.324999999996));
#6280 = CARTESIAN_POINT('',(5.500739443104E-03,-0.325000000001));
#6281 = CARTESIAN_POINT('',(1.155784853991E-14,-0.325));
#6282 = ( GEOMETRIC_REPRESENTATION_CONTEXT(2) 
PARAMETRIC_REPRESENTATION_CONTEXT() REPRESENTATION_CONTEXT('2D SPACE',''
  ) );
#6283 = PCURVE('',#5083,#6284);
#6284 = DEFINITIONAL_REPRESENTATION('',(#6285),#6289);
#6285 = LINE('',#6286,#6287);
#6286 = CARTESIAN_POINT('',(0.,0.));
#6287 = VECTOR('',#6288,1.);
#6288 = DIRECTION('',(0.,1.));
#6289 = ( GEOMETRIC_REPRESENTATION_CONTEXT(2) 
PARAMETRIC_REPRESENTATION_CONTEXT() REPRESENTATION_CONTEXT('2D SPACE',''
  ) );
#6290 = ORIENTED_EDGE('',*,*,#5398,.F.);
#6291 = ORIENTED_EDGE('',*,*,#6292,.F.);
#6292 = EDGE_CURVE('',#4870,#5399,#6293,.T.);
#6293 = SURFACE_CURVE('',#6294,(#6299,#6306),.PCURVE_S1.);
#6294 = CIRCLE('',#6295,3.50119047619);
#6295 = AXIS2_PLACEMENT_3D('',#6296,#6297,#6298);
#6296 = CARTESIAN_POINT('',(2.006180594913E-16,5.14880952381,0.125));
#6297 = DIRECTION('',(0.,0.,-1.));
#6298 = DIRECTION('',(-0.714042842571,0.70010200612,0.));
#6299 = PCURVE('',#4885,#6300);
#6300 = DEFINITIONAL_REPRESENTATION('',(#6301),#6305);
#6301 = LINE('',#6302,#6303);
#6302 = CARTESIAN_POINT('',(0.,-0.125));
#6303 = VECTOR('',#6304,1.);
#6304 = DIRECTION('',(1.,0.));
#6305 = ( GEOMETRIC_REPRESENTATION_CONTEXT(2) 
PARAMETRIC_REPRESENTATION_CONTEXT() REPRESENTATION_CONTEXT('2D SPACE',''
  ) );
#6306 = PCURVE('',#5768,#6307);
#6307 = DEFINITIONAL_REPRESENTATION('',(#6308),#6312);
#6308 = LINE('',#6309,#6310);
#6309 = CARTESIAN_POINT('',(0.,0.));
#6310 = VECTOR('',#6311,1.);
#6311 = DIRECTION('',(1.,0.));
#6312 = ( GEOMETRIC_REPRESENTATION_CONTEXT(2) 
PARAMETRIC_REPRESENTATION_CONTEXT() REPRESENTATION_CONTEXT('2D SPACE',''
  ) );
#6313 = ADVANCED_FACE('',(#6314),#4995,.F.);
#6314 = FACE_BOUND('',#6315,.F.);
#6315 = EDGE_LOOP('',(#6316,#6317,#6318,#6337));
#6316 = ORIENTED_EDGE('',*,*,#5226,.T.);
#6317 = ORIENTED_EDGE('',*,*,#4973,.T.);
#6318 = ORIENTED_EDGE('',*,*,#6319,.F.);
#6319 = EDGE_CURVE('',#5401,#4974,#6320,.T.);
#6320 = SURFACE_CURVE('',#6321,(#6325,#6331),.PCURVE_S1.);
#6321 = ( BOUNDED_CURVE() B_SPLINE_CURVE(2,(#6322,#6323,#6324),
.UNSPECIFIED.,.F.,.F.) B_SPLINE_CURVE_WITH_KNOTS((3,3),(0.,
0.112926699369),.PIECEWISE_BEZIER_KNOTS.) CURVE() 
GEOMETRIC_REPRESENTATION_ITEM() RATIONAL_B_SPLINE_CURVE((1.,
0.707106781187,1.)) REPRESENTATION_ITEM('') );
#6322 = CARTESIAN_POINT('',(2.5,7.6,0.325));
#6323 = CARTESIAN_POINT('',(2.5,7.6,0.55));
#6324 = CARTESIAN_POINT('',(2.341052006896,7.44075008481,0.55));
#6325 = PCURVE('',#4995,#6326);
#6326 = DEFINITIONAL_REPRESENTATION('',(#6327),#6330);
#6327 = B_SPLINE_CURVE_WITH_KNOTS('',1,(#6328,#6329),.UNSPECIFIED.,.F.,
  .F.,(2,2),(0.,0.112926699369),.PIECEWISE_BEZIER_KNOTS.);
#6328 = CARTESIAN_POINT('',(0.,1.802300509985));
#6329 = CARTESIAN_POINT('',(0.112926699369,1.802300509985));
#6330 = ( GEOMETRIC_REPRESENTATION_CONTEXT(2) 
PARAMETRIC_REPRESENTATION_CONTEXT() REPRESENTATION_CONTEXT('2D SPACE',''
  ) );
#6331 = PCURVE('',#5083,#6332);
#6332 = DEFINITIONAL_REPRESENTATION('',(#6333),#6336);
#6333 = B_SPLINE_CURVE_WITH_KNOTS('',1,(#6334,#6335),.UNSPECIFIED.,.F.,
  .F.,(2,2),(0.,0.112926699369),.PIECEWISE_BEZIER_KNOTS.);
#6334 = CARTESIAN_POINT('',(0.,1.802300509985));
#6335 = CARTESIAN_POINT('',(5.291504653854,1.802300509985));
#6336 = ( GEOMETRIC_REPRESENTATION_CONTEXT(2) 
PARAMETRIC_REPRESENTATION_CONTEXT() REPRESENTATION_CONTEXT('2D SPACE',''
  ) );
#6337 = ORIENTED_EDGE('',*,*,#5423,.F.);
#6338 = ADVANCED_FACE('',(#6339),#5083,.F.);
#6339 = FACE_BOUND('',#6340,.F.);
#6340 = EDGE_LOOP('',(#6341,#6342,#6343,#6344));
#6341 = ORIENTED_EDGE('',*,*,#6319,.T.);
#6342 = ORIENTED_EDGE('',*,*,#5021,.T.);
#6343 = ORIENTED_EDGE('',*,*,#6142,.F.);
#6344 = ORIENTED_EDGE('',*,*,#6168,.F.);
#6345 = ADVANCED_FACE('',(#6346),#5469,.T.);
#6346 = FACE_BOUND('',#6347,.T.);
#6347 = EDGE_LOOP('',(#6348,#6368,#6369,#6370));
#6348 = ORIENTED_EDGE('',*,*,#6349,.F.);
#6349 = EDGE_CURVE('',#5399,#5752,#6350,.T.);
#6350 = SURFACE_CURVE('',#6351,(#6356,#6362),.PCURVE_S1.);
#6351 = CIRCLE('',#6352,0.125);
#6352 = AXIS2_PLACEMENT_3D('',#6353,#6354,#6355);
#6353 = CARTESIAN_POINT('',(2.410744644679,7.512487249235,0.125));
#6354 = DIRECTION('',(-0.70010200612,0.714042842571,0.));
#6355 = DIRECTION('',(0.714042842571,0.70010200612,0.));
#6356 = PCURVE('',#5469,#6357);
#6357 = DEFINITIONAL_REPRESENTATION('',(#6358),#6361);
#6358 = B_SPLINE_CURVE_WITH_KNOTS('',1,(#6359,#6360),.UNSPECIFIED.,.F.,
  .F.,(2,2),(0.,1.570796326795),.PIECEWISE_BEZIER_KNOTS.);
#6359 = CARTESIAN_POINT('',(-2.219220911286E-16,3.14159265359));
#6360 = CARTESIAN_POINT('',(-2.219220911286E-16,4.712388980385));
#6361 = ( GEOMETRIC_REPRESENTATION_CONTEXT(2) 
PARAMETRIC_REPRESENTATION_CONTEXT() REPRESENTATION_CONTEXT('2D SPACE',''
  ) );
#6362 = PCURVE('',#5768,#6363);
#6363 = DEFINITIONAL_REPRESENTATION('',(#6364),#6367);
#6364 = B_SPLINE_CURVE_WITH_KNOTS('',1,(#6365,#6366),.UNSPECIFIED.,.F.,
  .F.,(2,2),(0.,1.570796326795),.PIECEWISE_BEZIER_KNOTS.);
#6365 = CARTESIAN_POINT('',(1.590511966089,0.));
#6366 = CARTESIAN_POINT('',(1.590511966089,1.570796326795));
#6367 = ( GEOMETRIC_REPRESENTATION_CONTEXT(2) 
PARAMETRIC_REPRESENTATION_CONTEXT() REPRESENTATION_CONTEXT('2D SPACE',''
  ) );
#6368 = ORIENTED_EDGE('',*,*,#5454,.T.);
#6369 = ORIENTED_EDGE('',*,*,#5484,.T.);
#6370 = ORIENTED_EDGE('',*,*,#5780,.F.);
#6371 = ADVANCED_FACE('',(#6372),#5768,.T.);
#6372 = FACE_BOUND('',#6373,.T.);
#6373 = EDGE_LOOP('',(#6374,#6375,#6376,#6377));
#6374 = ORIENTED_EDGE('',*,*,#6118,.F.);
#6375 = ORIENTED_EDGE('',*,*,#6292,.T.);
#6376 = ORIENTED_EDGE('',*,*,#6349,.T.);
#6377 = ORIENTED_EDGE('',*,*,#5751,.F.);
#6378 = ADVANCED_FACE('',(#6379),#5831,.F.);
#6379 = FACE_BOUND('',#6380,.T.);
#6380 = EDGE_LOOP('',(#6381,#6382,#6405,#6432));
#6381 = ORIENTED_EDGE('',*,*,#5814,.T.);
#6382 = ORIENTED_EDGE('',*,*,#6383,.T.);
#6383 = EDGE_CURVE('',#5815,#6384,#6386,.T.);
#6384 = VERTEX_POINT('',#6385);
#6385 = CARTESIAN_POINT('',(3.549,-5.5625,0.35));
#6386 = SEAM_CURVE('',#6387,(#6391,#6398),.PCURVE_S1.);
#6387 = LINE('',#6388,#6389);
#6388 = CARTESIAN_POINT('',(3.549,-5.5625,-0.1));
#6389 = VECTOR('',#6390,1.);
#6390 = DIRECTION('',(0.,0.,1.));
#6391 = PCURVE('',#5831,#6392);
#6392 = DEFINITIONAL_REPRESENTATION('',(#6393),#6397);
#6393 = LINE('',#6394,#6395);
#6394 = CARTESIAN_POINT('',(-6.28318530718,0.));
#6395 = VECTOR('',#6396,1.);
#6396 = DIRECTION('',(-0.,-1.));
#6397 = ( GEOMETRIC_REPRESENTATION_CONTEXT(2) 
PARAMETRIC_REPRESENTATION_CONTEXT() REPRESENTATION_CONTEXT('2D SPACE',''
  ) );
#6398 = PCURVE('',#5831,#6399);
#6399 = DEFINITIONAL_REPRESENTATION('',(#6400),#6404);
#6400 = LINE('',#6401,#6402);
#6401 = CARTESIAN_POINT('',(-0.,0.));
#6402 = VECTOR('',#6403,1.);
#6403 = DIRECTION('',(-0.,-1.));
#6404 = ( GEOMETRIC_REPRESENTATION_CONTEXT(2) 
PARAMETRIC_REPRESENTATION_CONTEXT() REPRESENTATION_CONTEXT('2D SPACE',''
  ) );
#6405 = ORIENTED_EDGE('',*,*,#6406,.T.);
#6406 = EDGE_CURVE('',#6384,#6384,#6407,.T.);
#6407 = SURFACE_CURVE('',#6408,(#6413,#6420),.PCURVE_S1.);
#6408 = CIRCLE('',#6409,4.9E-02);
#6409 = AXIS2_PLACEMENT_3D('',#6410,#6411,#6412);
#6410 = CARTESIAN_POINT('',(3.5,-5.5625,0.35));
#6411 = DIRECTION('',(0.,0.,1.));
#6412 = DIRECTION('',(1.,0.,0.));
#6413 = PCURVE('',#5831,#6414);
#6414 = DEFINITIONAL_REPRESENTATION('',(#6415),#6419);
#6415 = LINE('',#6416,#6417);
#6416 = CARTESIAN_POINT('',(-0.,-0.45));
#6417 = VECTOR('',#6418,1.);
#6418 = DIRECTION('',(-1.,0.));
#6419 = ( GEOMETRIC_REPRESENTATION_CONTEXT(2) 
PARAMETRIC_REPRESENTATION_CONTEXT() REPRESENTATION_CONTEXT('2D SPACE',''
  ) );
#6420 = PCURVE('',#6421,#6426);
#6421 = PLANE('',#6422);
#6422 = AXIS2_PLACEMENT_3D('',#6423,#6424,#6425);
#6423 = CARTESIAN_POINT('',(3.5,-5.5625,0.35));
#6424 = DIRECTION('',(0.,0.,1.));
#6425 = DIRECTION('',(1.,0.,-0.));
#6426 = DEFINITIONAL_REPRESENTATION('',(#6427),#6431);
#6427 = CIRCLE('',#6428,4.9E-02);
#6428 = AXIS2_PLACEMENT_2D('',#6429,#6430);
#6429 = CARTESIAN_POINT('',(4.440892098501E-16,8.881784197001E-16));
#6430 = DIRECTION('',(1.,0.));
#6431 = ( GEOMETRIC_REPRESENTATION_CONTEXT(2) 
PARAMETRIC_REPRESENTATION_CONTEXT() REPRESENTATION_CONTEXT('2D SPACE',''
  ) );
#6432 = ORIENTED_EDGE('',*,*,#6383,.F.);
#6433 = ADVANCED_FACE('',(#6434),#5862,.F.);
#6434 = FACE_BOUND('',#6435,.T.);
#6435 = EDGE_LOOP('',(#6436,#6437,#6460,#6487));
#6436 = ORIENTED_EDGE('',*,*,#5845,.T.);
#6437 = ORIENTED_EDGE('',*,*,#6438,.T.);
#6438 = EDGE_CURVE('',#5846,#6439,#6441,.T.);
#6439 = VERTEX_POINT('',#6440);
#6440 = CARTESIAN_POINT('',(6.6115,0.,0.35));
#6441 = SEAM_CURVE('',#6442,(#6446,#6453),.PCURVE_S1.);
#6442 = LINE('',#6443,#6444);
#6443 = CARTESIAN_POINT('',(6.6115,0.,-0.1));
#6444 = VECTOR('',#6445,1.);
#6445 = DIRECTION('',(0.,0.,1.));
#6446 = PCURVE('',#5862,#6447);
#6447 = DEFINITIONAL_REPRESENTATION('',(#6448),#6452);
#6448 = LINE('',#6449,#6450);
#6449 = CARTESIAN_POINT('',(-6.28318530718,0.));
#6450 = VECTOR('',#6451,1.);
#6451 = DIRECTION('',(-0.,-1.));
#6452 = ( GEOMETRIC_REPRESENTATION_CONTEXT(2) 
PARAMETRIC_REPRESENTATION_CONTEXT() REPRESENTATION_CONTEXT('2D SPACE',''
  ) );
#6453 = PCURVE('',#5862,#6454);
#6454 = DEFINITIONAL_REPRESENTATION('',(#6455),#6459);
#6455 = LINE('',#6456,#6457);
#6456 = CARTESIAN_POINT('',(-0.,0.));
#6457 = VECTOR('',#6458,1.);
#6458 = DIRECTION('',(-0.,-1.));
#6459 = ( GEOMETRIC_REPRESENTATION_CONTEXT(2) 
PARAMETRIC_REPRESENTATION_CONTEXT() REPRESENTATION_CONTEXT('2D SPACE',''
  ) );
#6460 = ORIENTED_EDGE('',*,*,#6461,.T.);
#6461 = EDGE_CURVE('',#6439,#6439,#6462,.T.);
#6462 = SURFACE_CURVE('',#6463,(#6468,#6475),.PCURVE_S1.);
#6463 = CIRCLE('',#6464,4.9E-02);
#6464 = AXIS2_PLACEMENT_3D('',#6465,#6466,#6467);
#6465 = CARTESIAN_POINT('',(6.5625,0.,0.35));
#6466 = DIRECTION('',(0.,0.,1.));
#6467 = DIRECTION('',(1.,0.,0.));
#6468 = PCURVE('',#5862,#6469);
#6469 = DEFINITIONAL_REPRESENTATION('',(#6470),#6474);
#6470 = LINE('',#6471,#6472);
#6471 = CARTESIAN_POINT('',(-0.,-0.45));
#6472 = VECTOR('',#6473,1.);
#6473 = DIRECTION('',(-1.,0.));
#6474 = ( GEOMETRIC_REPRESENTATION_CONTEXT(2) 
PARAMETRIC_REPRESENTATION_CONTEXT() REPRESENTATION_CONTEXT('2D SPACE',''
  ) );
#6475 = PCURVE('',#6476,#6481);
#6476 = PLANE('',#6477);
#6477 = AXIS2_PLACEMENT_3D('',#6478,#6479,#6480);
#6478 = CARTESIAN_POINT('',(6.5625,3.109657162539E-18,0.35));
#6479 = DIRECTION('',(0.,0.,1.));
#6480 = DIRECTION('',(1.,0.,-0.));
#6481 = DEFINITIONAL_REPRESENTATION('',(#6482),#6486);
#6482 = CIRCLE('',#6483,4.9E-02);
#6483 = AXIS2_PLACEMENT_2D('',#6484,#6485);
#6484 = CARTESIAN_POINT('',(0.,-3.109657162539E-18));
#6485 = DIRECTION('',(1.,0.));
#6486 = ( GEOMETRIC_REPRESENTATION_CONTEXT(2) 
PARAMETRIC_REPRESENTATION_CONTEXT() REPRESENTATION_CONTEXT('2D SPACE',''
  ) );
#6487 = ORIENTED_EDGE('',*,*,#6438,.F.);
#6488 = ADVANCED_FACE('',(#6489),#5893,.F.);
#6489 = FACE_BOUND('',#6490,.T.);
#6490 = EDGE_LOOP('',(#6491,#6492,#6515,#6542));
#6491 = ORIENTED_EDGE('',*,*,#5876,.T.);
#6492 = ORIENTED_EDGE('',*,*,#6493,.T.);
#6493 = EDGE_CURVE('',#5877,#6494,#6496,.T.);
#6494 = VERTEX_POINT('',#6495);
#6495 = CARTESIAN_POINT('',(-3.451,-5.5625,0.35));
#6496 = SEAM_CURVE('',#6497,(#6501,#6508),.PCURVE_S1.);
#6497 = LINE('',#6498,#6499);
#6498 = CARTESIAN_POINT('',(-3.451,-5.5625,-0.1));
#6499 = VECTOR('',#6500,1.);
#6500 = DIRECTION('',(0.,0.,1.));
#6501 = PCURVE('',#5893,#6502);
#6502 = DEFINITIONAL_REPRESENTATION('',(#6503),#6507);
#6503 = LINE('',#6504,#6505);
#6504 = CARTESIAN_POINT('',(-6.28318530718,0.));
#6505 = VECTOR('',#6506,1.);
#6506 = DIRECTION('',(-0.,-1.));
#6507 = ( GEOMETRIC_REPRESENTATION_CONTEXT(2) 
PARAMETRIC_REPRESENTATION_CONTEXT() REPRESENTATION_CONTEXT('2D SPACE',''
  ) );
#6508 = PCURVE('',#5893,#6509);
#6509 = DEFINITIONAL_REPRESENTATION('',(#6510),#6514);
#6510 = LINE('',#6511,#6512);
#6511 = CARTESIAN_POINT('',(-0.,0.));
#6512 = VECTOR('',#6513,1.);
#6513 = DIRECTION('',(-0.,-1.));
#6514 = ( GEOMETRIC_REPRESENTATION_CONTEXT(2) 
PARAMETRIC_REPRESENTATION_CONTEXT() REPRESENTATION_CONTEXT('2D SPACE',''
  ) );
#6515 = ORIENTED_EDGE('',*,*,#6516,.T.);
#6516 = EDGE_CURVE('',#6494,#6494,#6517,.T.);
#6517 = SURFACE_CURVE('',#6518,(#6523,#6530),.PCURVE_S1.);
#6518 = CIRCLE('',#6519,4.9E-02);
#6519 = AXIS2_PLACEMENT_3D('',#6520,#6521,#6522);
#6520 = CARTESIAN_POINT('',(-3.5,-5.5625,0.35));
#6521 = DIRECTION('',(0.,0.,1.));
#6522 = DIRECTION('',(1.,0.,0.));
#6523 = PCURVE('',#5893,#6524);
#6524 = DEFINITIONAL_REPRESENTATION('',(#6525),#6529);
#6525 = LINE('',#6526,#6527);
#6526 = CARTESIAN_POINT('',(-0.,-0.45));
#6527 = VECTOR('',#6528,1.);
#6528 = DIRECTION('',(-1.,0.));
#6529 = ( GEOMETRIC_REPRESENTATION_CONTEXT(2) 
PARAMETRIC_REPRESENTATION_CONTEXT() REPRESENTATION_CONTEXT('2D SPACE',''
  ) );
#6530 = PCURVE('',#6531,#6536);
#6531 = PLANE('',#6532);
#6532 = AXIS2_PLACEMENT_3D('',#6533,#6534,#6535);
#6533 = CARTESIAN_POINT('',(-3.5,-5.5625,0.35));
#6534 = DIRECTION('',(0.,0.,1.));
#6535 = DIRECTION('',(1.,0.,-0.));
#6536 = DEFINITIONAL_REPRESENTATION('',(#6537),#6541);
#6537 = CIRCLE('',#6538,4.9E-02);
#6538 = AXIS2_PLACEMENT_2D('',#6539,#6540);
#6539 = CARTESIAN_POINT('',(0.,8.881784197001E-16));
#6540 = DIRECTION('',(1.,0.));
#6541 = ( GEOMETRIC_REPRESENTATION_CONTEXT(2) 
PARAMETRIC_REPRESENTATION_CONTEXT() REPRESENTATION_CONTEXT('2D SPACE',''
  ) );
#6542 = ORIENTED_EDGE('',*,*,#6493,.F.);
#6543 = ADVANCED_FACE('',(#6544),#5930,.F.);
#6544 = FACE_BOUND('',#6545,.T.);
#6545 = EDGE_LOOP('',(#6546,#6547,#6570,#6597));
#6546 = ORIENTED_EDGE('',*,*,#5913,.T.);
#6547 = ORIENTED_EDGE('',*,*,#6548,.T.);
#6548 = EDGE_CURVE('',#5914,#6549,#6551,.T.);
#6549 = VERTEX_POINT('',#6550);
#6550 = CARTESIAN_POINT('',(-6.5135,0.,0.35));
#6551 = SEAM_CURVE('',#6552,(#6556,#6563),.PCURVE_S1.);
#6552 = LINE('',#6553,#6554);
#6553 = CARTESIAN_POINT('',(-6.5135,0.,-0.1));
#6554 = VECTOR('',#6555,1.);
#6555 = DIRECTION('',(0.,0.,1.));
#6556 = PCURVE('',#5930,#6557);
#6557 = DEFINITIONAL_REPRESENTATION('',(#6558),#6562);
#6558 = LINE('',#6559,#6560);
#6559 = CARTESIAN_POINT('',(-6.28318530718,0.));
#6560 = VECTOR('',#6561,1.);
#6561 = DIRECTION('',(-0.,-1.));
#6562 = ( GEOMETRIC_REPRESENTATION_CONTEXT(2) 
PARAMETRIC_REPRESENTATION_CONTEXT() REPRESENTATION_CONTEXT('2D SPACE',''
  ) );
#6563 = PCURVE('',#5930,#6564);
#6564 = DEFINITIONAL_REPRESENTATION('',(#6565),#6569);
#6565 = LINE('',#6566,#6567);
#6566 = CARTESIAN_POINT('',(-0.,0.));
#6567 = VECTOR('',#6568,1.);
#6568 = DIRECTION('',(-0.,-1.));
#6569 = ( GEOMETRIC_REPRESENTATION_CONTEXT(2) 
PARAMETRIC_REPRESENTATION_CONTEXT() REPRESENTATION_CONTEXT('2D SPACE',''
  ) );
#6570 = ORIENTED_EDGE('',*,*,#6571,.T.);
#6571 = EDGE_CURVE('',#6549,#6549,#6572,.T.);
#6572 = SURFACE_CURVE('',#6573,(#6578,#6585),.PCURVE_S1.);
#6573 = CIRCLE('',#6574,4.9E-02);
#6574 = AXIS2_PLACEMENT_3D('',#6575,#6576,#6577);
#6575 = CARTESIAN_POINT('',(-6.5625,0.,0.35));
#6576 = DIRECTION('',(0.,0.,1.));
#6577 = DIRECTION('',(1.,0.,0.));
#6578 = PCURVE('',#5930,#6579);
#6579 = DEFINITIONAL_REPRESENTATION('',(#6580),#6584);
#6580 = LINE('',#6581,#6582);
#6581 = CARTESIAN_POINT('',(-0.,-0.45));
#6582 = VECTOR('',#6583,1.);
#6583 = DIRECTION('',(-1.,0.));
#6584 = ( GEOMETRIC_REPRESENTATION_CONTEXT(2) 
PARAMETRIC_REPRESENTATION_CONTEXT() REPRESENTATION_CONTEXT('2D SPACE',''
  ) );
#6585 = PCURVE('',#6586,#6591);
#6586 = PLANE('',#6587);
#6587 = AXIS2_PLACEMENT_3D('',#6588,#6589,#6590);
#6588 = CARTESIAN_POINT('',(-6.5625,3.109657162539E-18,0.35));
#6589 = DIRECTION('',(0.,0.,1.));
#6590 = DIRECTION('',(1.,0.,-0.));
#6591 = DEFINITIONAL_REPRESENTATION('',(#6592),#6596);
#6592 = CIRCLE('',#6593,4.9E-02);
#6593 = AXIS2_PLACEMENT_2D('',#6594,#6595);
#6594 = CARTESIAN_POINT('',(-8.881784197001E-16,-3.109657162539E-18));
#6595 = DIRECTION('',(1.,0.));
#6596 = ( GEOMETRIC_REPRESENTATION_CONTEXT(2) 
PARAMETRIC_REPRESENTATION_CONTEXT() REPRESENTATION_CONTEXT('2D SPACE',''
  ) );
#6597 = ORIENTED_EDGE('',*,*,#6548,.F.);
#6598 = ADVANCED_FACE('',(#6599),#5961,.F.);
#6599 = FACE_BOUND('',#6600,.T.);
#6600 = EDGE_LOOP('',(#6601,#6602,#6625,#6652));
#6601 = ORIENTED_EDGE('',*,*,#5944,.T.);
#6602 = ORIENTED_EDGE('',*,*,#6603,.T.);
#6603 = EDGE_CURVE('',#5945,#6604,#6606,.T.);
#6604 = VERTEX_POINT('',#6605);
#6605 = CARTESIAN_POINT('',(3.549,5.5625,0.35));
#6606 = SEAM_CURVE('',#6607,(#6611,#6618),.PCURVE_S1.);
#6607 = LINE('',#6608,#6609);
#6608 = CARTESIAN_POINT('',(3.549,5.5625,-0.1));
#6609 = VECTOR('',#6610,1.);
#6610 = DIRECTION('',(0.,0.,1.));
#6611 = PCURVE('',#5961,#6612);
#6612 = DEFINITIONAL_REPRESENTATION('',(#6613),#6617);
#6613 = LINE('',#6614,#6615);
#6614 = CARTESIAN_POINT('',(-6.28318530718,0.));
#6615 = VECTOR('',#6616,1.);
#6616 = DIRECTION('',(-0.,-1.));
#6617 = ( GEOMETRIC_REPRESENTATION_CONTEXT(2) 
PARAMETRIC_REPRESENTATION_CONTEXT() REPRESENTATION_CONTEXT('2D SPACE',''
  ) );
#6618 = PCURVE('',#5961,#6619);
#6619 = DEFINITIONAL_REPRESENTATION('',(#6620),#6624);
#6620 = LINE('',#6621,#6622);
#6621 = CARTESIAN_POINT('',(-0.,0.));
#6622 = VECTOR('',#6623,1.);
#6623 = DIRECTION('',(-0.,-1.));
#6624 = ( GEOMETRIC_REPRESENTATION_CONTEXT(2) 
PARAMETRIC_REPRESENTATION_CONTEXT() REPRESENTATION_CONTEXT('2D SPACE',''
  ) );
#6625 = ORIENTED_EDGE('',*,*,#6626,.T.);
#6626 = EDGE_CURVE('',#6604,#6604,#6627,.T.);
#6627 = SURFACE_CURVE('',#6628,(#6633,#6640),.PCURVE_S1.);
#6628 = CIRCLE('',#6629,4.9E-02);
#6629 = AXIS2_PLACEMENT_3D('',#6630,#6631,#6632);
#6630 = CARTESIAN_POINT('',(3.5,5.5625,0.35));
#6631 = DIRECTION('',(0.,0.,1.));
#6632 = DIRECTION('',(1.,0.,0.));
#6633 = PCURVE('',#5961,#6634);
#6634 = DEFINITIONAL_REPRESENTATION('',(#6635),#6639);
#6635 = LINE('',#6636,#6637);
#6636 = CARTESIAN_POINT('',(-0.,-0.45));
#6637 = VECTOR('',#6638,1.);
#6638 = DIRECTION('',(-1.,0.));
#6639 = ( GEOMETRIC_REPRESENTATION_CONTEXT(2) 
PARAMETRIC_REPRESENTATION_CONTEXT() REPRESENTATION_CONTEXT('2D SPACE',''
  ) );
#6640 = PCURVE('',#6641,#6646);
#6641 = PLANE('',#6642);
#6642 = AXIS2_PLACEMENT_3D('',#6643,#6644,#6645);
#6643 = CARTESIAN_POINT('',(3.5,5.5625,0.35));
#6644 = DIRECTION('',(0.,0.,1.));
#6645 = DIRECTION('',(1.,0.,-0.));
#6646 = DEFINITIONAL_REPRESENTATION('',(#6647),#6651);
#6647 = CIRCLE('',#6648,4.9E-02);
#6648 = AXIS2_PLACEMENT_2D('',#6649,#6650);
#6649 = CARTESIAN_POINT('',(4.440892098501E-16,0.));
#6650 = DIRECTION('',(1.,0.));
#6651 = ( GEOMETRIC_REPRESENTATION_CONTEXT(2) 
PARAMETRIC_REPRESENTATION_CONTEXT() REPRESENTATION_CONTEXT('2D SPACE',''
  ) );
#6652 = ORIENTED_EDGE('',*,*,#6603,.F.);
#6653 = ADVANCED_FACE('',(#6654),#5994,.F.);
#6654 = FACE_BOUND('',#6655,.T.);
#6655 = EDGE_LOOP('',(#6656,#6657,#6678,#6711));
#6656 = ORIENTED_EDGE('',*,*,#5975,.T.);
#6657 = ORIENTED_EDGE('',*,*,#6658,.F.);
#6658 = EDGE_CURVE('',#6659,#5978,#6661,.T.);
#6659 = VERTEX_POINT('',#6660);
#6660 = CARTESIAN_POINT('',(-0.11,6.167032930885,0.28));
#6661 = SURFACE_CURVE('',#6662,(#6666,#6672),.PCURVE_S1.);
#6662 = LINE('',#6663,#6664);
#6663 = CARTESIAN_POINT('',(-0.11,6.167032930885,-0.1));
#6664 = VECTOR('',#6665,1.);
#6665 = DIRECTION('',(-0.,-0.,-1.));
#6666 = PCURVE('',#5994,#6667);
#6667 = DEFINITIONAL_REPRESENTATION('',(#6668),#6671);
#6668 = B_SPLINE_CURVE_WITH_KNOTS('',1,(#6669,#6670),.UNSPECIFIED.,.F.,
  .F.,(2,2),(-0.38,0.),.PIECEWISE_BEZIER_KNOTS.);
#6669 = CARTESIAN_POINT('',(-2.153160564664,-0.38));
#6670 = CARTESIAN_POINT('',(-2.153160564664,0.));
#6671 = ( GEOMETRIC_REPRESENTATION_CONTEXT(2) 
PARAMETRIC_REPRESENTATION_CONTEXT() REPRESENTATION_CONTEXT('2D SPACE',''
  ) );
#6672 = PCURVE('',#6071,#6673);
#6673 = DEFINITIONAL_REPRESENTATION('',(#6674),#6677);
#6674 = B_SPLINE_CURVE_WITH_KNOTS('',1,(#6675,#6676),.UNSPECIFIED.,.F.,
  .F.,(2,2),(-0.3800006,6.000000000034E-07),.PIECEWISE_BEZIER_KNOTS.);
#6675 = CARTESIAN_POINT('',(0.382967069115,-0.3800006));
#6676 = CARTESIAN_POINT('',(0.382967069115,6.000000000034E-07));
#6677 = ( GEOMETRIC_REPRESENTATION_CONTEXT(2) 
PARAMETRIC_REPRESENTATION_CONTEXT() REPRESENTATION_CONTEXT('2D SPACE',''
  ) );
#6678 = ORIENTED_EDGE('',*,*,#6679,.F.);
#6679 = EDGE_CURVE('',#6680,#6659,#6682,.T.);
#6680 = VERTEX_POINT('',#6681);
#6681 = CARTESIAN_POINT('',(0.11,6.167032930885,0.28));
#6682 = SURFACE_CURVE('',#6683,(#6688,#6695),.PCURVE_S1.);
#6683 = CIRCLE('',#6684,0.2);
#6684 = AXIS2_PLACEMENT_3D('',#6685,#6686,#6687);
#6685 = CARTESIAN_POINT('',(0.,6.,0.28));
#6686 = DIRECTION('',(0.,0.,-1.));
#6687 = DIRECTION('',(0.55,0.835164654424,0.));
#6688 = PCURVE('',#5994,#6689);
#6689 = DEFINITIONAL_REPRESENTATION('',(#6690),#6694);
#6690 = LINE('',#6691,#6692);
#6691 = CARTESIAN_POINT('',(-7.271617396106,-0.38));
#6692 = VECTOR('',#6693,1.);
#6693 = DIRECTION('',(1.,-0.));
#6694 = ( GEOMETRIC_REPRESENTATION_CONTEXT(2) 
PARAMETRIC_REPRESENTATION_CONTEXT() REPRESENTATION_CONTEXT('2D SPACE',''
  ) );
#6695 = PCURVE('',#6696,#6701);
#6696 = PLANE('',#6697);
#6697 = AXIS2_PLACEMENT_3D('',#6698,#6699,#6700);
#6698 = CARTESIAN_POINT('',(-6.676953772165E-18,6.,0.28));
#6699 = DIRECTION('',(0.,0.,1.));
#6700 = DIRECTION('',(1.,0.,-0.));
#6701 = DEFINITIONAL_REPRESENTATION('',(#6702),#6710);
#6702 = ( BOUNDED_CURVE() B_SPLINE_CURVE(2,(#6703,#6704,#6705,#6706,
#6707,#6708,#6709),.UNSPECIFIED.,.T.,.F.) B_SPLINE_CURVE_WITH_KNOTS((1,2
    ,2,2,2,1),(-2.094395102393,0.,2.094395102393,4.188790204786,
6.28318530718,8.377580409573),.UNSPECIFIED.) CURVE() 
GEOMETRIC_REPRESENTATION_ITEM() RATIONAL_B_SPLINE_CURVE((1.,0.5,1.,0.5,
1.,0.5,1.)) REPRESENTATION_ITEM('') );
#6703 = CARTESIAN_POINT('',(0.11,0.167032930885));
#6704 = CARTESIAN_POINT('',(0.39930952283,-2.349265794768E-02));
#6705 = CARTESIAN_POINT('',(8.965476141489E-02,-0.178779259859));
#6706 = CARTESIAN_POINT('',(-0.22,-0.33406586177));
#6707 = CARTESIAN_POINT('',(-0.199654761415,1.174632897384E-02));
#6708 = CARTESIAN_POINT('',(-0.17930952283,0.357558519717));
#6709 = CARTESIAN_POINT('',(0.11,0.167032930885));
#6710 = ( GEOMETRIC_REPRESENTATION_CONTEXT(2) 
PARAMETRIC_REPRESENTATION_CONTEXT() REPRESENTATION_CONTEXT('2D SPACE',''
  ) );
#6711 = ORIENTED_EDGE('',*,*,#6712,.T.);
#6712 = EDGE_CURVE('',#6680,#5976,#6713,.T.);
#6713 = SURFACE_CURVE('',#6714,(#6718,#6724),.PCURVE_S1.);
#6714 = LINE('',#6715,#6716);
#6715 = CARTESIAN_POINT('',(0.11,6.167032930885,-0.1));
#6716 = VECTOR('',#6717,1.);
#6717 = DIRECTION('',(-0.,-0.,-1.));
#6718 = PCURVE('',#5994,#6719);
#6719 = DEFINITIONAL_REPRESENTATION('',(#6720),#6723);
#6720 = B_SPLINE_CURVE_WITH_KNOTS('',1,(#6721,#6722),.UNSPECIFIED.,.F.,
  .F.,(2,2),(-0.38,0.),.PIECEWISE_BEZIER_KNOTS.);
#6721 = CARTESIAN_POINT('',(-7.271617396106,-0.38));
#6722 = CARTESIAN_POINT('',(-7.271617396106,0.));
#6723 = ( GEOMETRIC_REPRESENTATION_CONTEXT(2) 
PARAMETRIC_REPRESENTATION_CONTEXT() REPRESENTATION_CONTEXT('2D SPACE',''
  ) );
#6724 = PCURVE('',#6021,#6725);
#6725 = DEFINITIONAL_REPRESENTATION('',(#6726),#6729);
#6726 = B_SPLINE_CURVE_WITH_KNOTS('',1,(#6727,#6728),.UNSPECIFIED.,.F.,
  .F.,(2,2),(-0.3800006,6.000000000034E-07),.PIECEWISE_BEZIER_KNOTS.);
#6727 = CARTESIAN_POINT('',(0.167032930885,-0.3800006));
#6728 = CARTESIAN_POINT('',(0.167032930885,6.000000000034E-07));
#6729 = ( GEOMETRIC_REPRESENTATION_CONTEXT(2) 
PARAMETRIC_REPRESENTATION_CONTEXT() REPRESENTATION_CONTEXT('2D SPACE',''
  ) );
#6730 = ADVANCED_FACE('',(#6731),#6021,.T.);
#6731 = FACE_BOUND('',#6732,.T.);
#6732 = EDGE_LOOP('',(#6733,#6734,#6735,#6758));
#6733 = ORIENTED_EDGE('',*,*,#6006,.F.);
#6734 = ORIENTED_EDGE('',*,*,#6712,.F.);
#6735 = ORIENTED_EDGE('',*,*,#6736,.T.);
#6736 = EDGE_CURVE('',#6680,#6737,#6739,.T.);
#6737 = VERTEX_POINT('',#6738);
#6738 = CARTESIAN_POINT('',(0.11,6.55,0.28));
#6739 = SURFACE_CURVE('',#6740,(#6744,#6751),.PCURVE_S1.);
#6740 = LINE('',#6741,#6742);
#6741 = CARTESIAN_POINT('',(0.11,6.,0.28));
#6742 = VECTOR('',#6743,1.);
#6743 = DIRECTION('',(0.,1.,0.));
#6744 = PCURVE('',#6021,#6745);
#6745 = DEFINITIONAL_REPRESENTATION('',(#6746),#6750);
#6746 = LINE('',#6747,#6748);
#6747 = CARTESIAN_POINT('',(0.,-0.38));
#6748 = VECTOR('',#6749,1.);
#6749 = DIRECTION('',(1.,0.));
#6750 = ( GEOMETRIC_REPRESENTATION_CONTEXT(2) 
PARAMETRIC_REPRESENTATION_CONTEXT() REPRESENTATION_CONTEXT('2D SPACE',''
  ) );
#6751 = PCURVE('',#6696,#6752);
#6752 = DEFINITIONAL_REPRESENTATION('',(#6753),#6757);
#6753 = LINE('',#6754,#6755);
#6754 = CARTESIAN_POINT('',(0.11,0.));
#6755 = VECTOR('',#6756,1.);
#6756 = DIRECTION('',(0.,1.));
#6757 = ( GEOMETRIC_REPRESENTATION_CONTEXT(2) 
PARAMETRIC_REPRESENTATION_CONTEXT() REPRESENTATION_CONTEXT('2D SPACE',''
  ) );
#6758 = ORIENTED_EDGE('',*,*,#6759,.F.);
#6759 = EDGE_CURVE('',#6007,#6737,#6760,.T.);
#6760 = SURFACE_CURVE('',#6761,(#6765,#6772),.PCURVE_S1.);
#6761 = LINE('',#6762,#6763);
#6762 = CARTESIAN_POINT('',(0.11,6.55,-0.1));
#6763 = VECTOR('',#6764,1.);
#6764 = DIRECTION('',(0.,0.,1.));
#6765 = PCURVE('',#6021,#6766);
#6766 = DEFINITIONAL_REPRESENTATION('',(#6767),#6771);
#6767 = LINE('',#6768,#6769);
#6768 = CARTESIAN_POINT('',(0.55,0.));
#6769 = VECTOR('',#6770,1.);
#6770 = DIRECTION('',(0.,-1.));
#6771 = ( GEOMETRIC_REPRESENTATION_CONTEXT(2) 
PARAMETRIC_REPRESENTATION_CONTEXT() REPRESENTATION_CONTEXT('2D SPACE',''
  ) );
#6772 = PCURVE('',#6047,#6773);
#6773 = DEFINITIONAL_REPRESENTATION('',(#6774),#6778);
#6774 = LINE('',#6775,#6776);
#6775 = CARTESIAN_POINT('',(0.,-0.));
#6776 = VECTOR('',#6777,1.);
#6777 = DIRECTION('',(0.,-1.));
#6778 = ( GEOMETRIC_REPRESENTATION_CONTEXT(2) 
PARAMETRIC_REPRESENTATION_CONTEXT() REPRESENTATION_CONTEXT('2D SPACE',''
  ) );
#6779 = ADVANCED_FACE('',(#6780),#6071,.T.);
#6780 = FACE_BOUND('',#6781,.T.);
#6781 = EDGE_LOOP('',(#6782,#6783,#6806,#6827));
#6782 = ORIENTED_EDGE('',*,*,#6058,.F.);
#6783 = ORIENTED_EDGE('',*,*,#6784,.T.);
#6784 = EDGE_CURVE('',#6033,#6785,#6787,.T.);
#6785 = VERTEX_POINT('',#6786);
#6786 = CARTESIAN_POINT('',(-0.11,6.55,0.28));
#6787 = SURFACE_CURVE('',#6788,(#6792,#6799),.PCURVE_S1.);
#6788 = LINE('',#6789,#6790);
#6789 = CARTESIAN_POINT('',(-0.11,6.55,-0.1));
#6790 = VECTOR('',#6791,1.);
#6791 = DIRECTION('',(0.,0.,1.));
#6792 = PCURVE('',#6071,#6793);
#6793 = DEFINITIONAL_REPRESENTATION('',(#6794),#6798);
#6794 = LINE('',#6795,#6796);
#6795 = CARTESIAN_POINT('',(0.,0.));
#6796 = VECTOR('',#6797,1.);
#6797 = DIRECTION('',(0.,-1.));
#6798 = ( GEOMETRIC_REPRESENTATION_CONTEXT(2) 
PARAMETRIC_REPRESENTATION_CONTEXT() REPRESENTATION_CONTEXT('2D SPACE',''
  ) );
#6799 = PCURVE('',#6047,#6800);
#6800 = DEFINITIONAL_REPRESENTATION('',(#6801),#6805);
#6801 = LINE('',#6802,#6803);
#6802 = CARTESIAN_POINT('',(0.22,0.));
#6803 = VECTOR('',#6804,1.);
#6804 = DIRECTION('',(0.,-1.));
#6805 = ( GEOMETRIC_REPRESENTATION_CONTEXT(2) 
PARAMETRIC_REPRESENTATION_CONTEXT() REPRESENTATION_CONTEXT('2D SPACE',''
  ) );
#6806 = ORIENTED_EDGE('',*,*,#6807,.T.);
#6807 = EDGE_CURVE('',#6785,#6659,#6808,.T.);
#6808 = SURFACE_CURVE('',#6809,(#6813,#6820),.PCURVE_S1.);
#6809 = LINE('',#6810,#6811);
#6810 = CARTESIAN_POINT('',(-0.11,6.55,0.28));
#6811 = VECTOR('',#6812,1.);
#6812 = DIRECTION('',(0.,-1.,0.));
#6813 = PCURVE('',#6071,#6814);
#6814 = DEFINITIONAL_REPRESENTATION('',(#6815),#6819);
#6815 = LINE('',#6816,#6817);
#6816 = CARTESIAN_POINT('',(0.,-0.38));
#6817 = VECTOR('',#6818,1.);
#6818 = DIRECTION('',(1.,0.));
#6819 = ( GEOMETRIC_REPRESENTATION_CONTEXT(2) 
PARAMETRIC_REPRESENTATION_CONTEXT() REPRESENTATION_CONTEXT('2D SPACE',''
  ) );
#6820 = PCURVE('',#6696,#6821);
#6821 = DEFINITIONAL_REPRESENTATION('',(#6822),#6826);
#6822 = LINE('',#6823,#6824);
#6823 = CARTESIAN_POINT('',(-0.11,0.55));
#6824 = VECTOR('',#6825,1.);
#6825 = DIRECTION('',(0.,-1.));
#6826 = ( GEOMETRIC_REPRESENTATION_CONTEXT(2) 
PARAMETRIC_REPRESENTATION_CONTEXT() REPRESENTATION_CONTEXT('2D SPACE',''
  ) );
#6827 = ORIENTED_EDGE('',*,*,#6658,.T.);
#6828 = ADVANCED_FACE('',(#6829),#6047,.T.);
#6829 = FACE_BOUND('',#6830,.T.);
#6830 = EDGE_LOOP('',(#6831,#6832,#6833,#6854));
#6831 = ORIENTED_EDGE('',*,*,#6032,.F.);
#6832 = ORIENTED_EDGE('',*,*,#6759,.T.);
#6833 = ORIENTED_EDGE('',*,*,#6834,.T.);
#6834 = EDGE_CURVE('',#6737,#6785,#6835,.T.);
#6835 = SURFACE_CURVE('',#6836,(#6840,#6847),.PCURVE_S1.);
#6836 = LINE('',#6837,#6838);
#6837 = CARTESIAN_POINT('',(0.11,6.55,0.28));
#6838 = VECTOR('',#6839,1.);
#6839 = DIRECTION('',(-1.,0.,0.));
#6840 = PCURVE('',#6047,#6841);
#6841 = DEFINITIONAL_REPRESENTATION('',(#6842),#6846);
#6842 = LINE('',#6843,#6844);
#6843 = CARTESIAN_POINT('',(0.,-0.38));
#6844 = VECTOR('',#6845,1.);
#6845 = DIRECTION('',(1.,0.));
#6846 = ( GEOMETRIC_REPRESENTATION_CONTEXT(2) 
PARAMETRIC_REPRESENTATION_CONTEXT() REPRESENTATION_CONTEXT('2D SPACE',''
  ) );
#6847 = PCURVE('',#6696,#6848);
#6848 = DEFINITIONAL_REPRESENTATION('',(#6849),#6853);
#6849 = LINE('',#6850,#6851);
#6850 = CARTESIAN_POINT('',(0.11,0.55));
#6851 = VECTOR('',#6852,1.);
#6852 = DIRECTION('',(-1.,0.));
#6853 = ( GEOMETRIC_REPRESENTATION_CONTEXT(2) 
PARAMETRIC_REPRESENTATION_CONTEXT() REPRESENTATION_CONTEXT('2D SPACE',''
  ) );
#6854 = ORIENTED_EDGE('',*,*,#6784,.F.);
#6855 = ADVANCED_FACE('',(#6856),#6101,.F.);
#6856 = FACE_BOUND('',#6857,.T.);
#6857 = EDGE_LOOP('',(#6858,#6859,#6882,#6909));
#6858 = ORIENTED_EDGE('',*,*,#6084,.T.);
#6859 = ORIENTED_EDGE('',*,*,#6860,.T.);
#6860 = EDGE_CURVE('',#6085,#6861,#6863,.T.);
#6861 = VERTEX_POINT('',#6862);
#6862 = CARTESIAN_POINT('',(-3.451,5.5625,0.35));
#6863 = SEAM_CURVE('',#6864,(#6868,#6875),.PCURVE_S1.);
#6864 = LINE('',#6865,#6866);
#6865 = CARTESIAN_POINT('',(-3.451,5.5625,-0.1));
#6866 = VECTOR('',#6867,1.);
#6867 = DIRECTION('',(0.,0.,1.));
#6868 = PCURVE('',#6101,#6869);
#6869 = DEFINITIONAL_REPRESENTATION('',(#6870),#6874);
#6870 = LINE('',#6871,#6872);
#6871 = CARTESIAN_POINT('',(-6.28318530718,0.));
#6872 = VECTOR('',#6873,1.);
#6873 = DIRECTION('',(-0.,-1.));
#6874 = ( GEOMETRIC_REPRESENTATION_CONTEXT(2) 
PARAMETRIC_REPRESENTATION_CONTEXT() REPRESENTATION_CONTEXT('2D SPACE',''
  ) );
#6875 = PCURVE('',#6101,#6876);
#6876 = DEFINITIONAL_REPRESENTATION('',(#6877),#6881);
#6877 = LINE('',#6878,#6879);
#6878 = CARTESIAN_POINT('',(-0.,0.));
#6879 = VECTOR('',#6880,1.);
#6880 = DIRECTION('',(-0.,-1.));
#6881 = ( GEOMETRIC_REPRESENTATION_CONTEXT(2) 
PARAMETRIC_REPRESENTATION_CONTEXT() REPRESENTATION_CONTEXT('2D SPACE',''
  ) );
#6882 = ORIENTED_EDGE('',*,*,#6883,.T.);
#6883 = EDGE_CURVE('',#6861,#6861,#6884,.T.);
#6884 = SURFACE_CURVE('',#6885,(#6890,#6897),.PCURVE_S1.);
#6885 = CIRCLE('',#6886,4.9E-02);
#6886 = AXIS2_PLACEMENT_3D('',#6887,#6888,#6889);
#6887 = CARTESIAN_POINT('',(-3.5,5.5625,0.35));
#6888 = DIRECTION('',(0.,0.,1.));
#6889 = DIRECTION('',(1.,0.,0.));
#6890 = PCURVE('',#6101,#6891);
#6891 = DEFINITIONAL_REPRESENTATION('',(#6892),#6896);
#6892 = LINE('',#6893,#6894);
#6893 = CARTESIAN_POINT('',(-0.,-0.45));
#6894 = VECTOR('',#6895,1.);
#6895 = DIRECTION('',(-1.,0.));
#6896 = ( GEOMETRIC_REPRESENTATION_CONTEXT(2) 
PARAMETRIC_REPRESENTATION_CONTEXT() REPRESENTATION_CONTEXT('2D SPACE',''
  ) );
#6897 = PCURVE('',#6898,#6903);
#6898 = PLANE('',#6899);
#6899 = AXIS2_PLACEMENT_3D('',#6900,#6901,#6902);
#6900 = CARTESIAN_POINT('',(-3.5,5.5625,0.35));
#6901 = DIRECTION('',(0.,0.,1.));
#6902 = DIRECTION('',(1.,0.,-0.));
#6903 = DEFINITIONAL_REPRESENTATION('',(#6904),#6908);
#6904 = CIRCLE('',#6905,4.9E-02);
#6905 = AXIS2_PLACEMENT_2D('',#6906,#6907);
#6906 = CARTESIAN_POINT('',(0.,0.));
#6907 = DIRECTION('',(1.,0.));
#6908 = ( GEOMETRIC_REPRESENTATION_CONTEXT(2) 
PARAMETRIC_REPRESENTATION_CONTEXT() REPRESENTATION_CONTEXT('2D SPACE',''
  ) );
#6909 = ORIENTED_EDGE('',*,*,#6860,.F.);
#6910 = ADVANCED_FACE('',(#6911),#6421,.F.);
#6911 = FACE_BOUND('',#6912,.F.);
#6912 = EDGE_LOOP('',(#6913));
#6913 = ORIENTED_EDGE('',*,*,#6406,.T.);
#6914 = ADVANCED_FACE('',(#6915),#6476,.F.);
#6915 = FACE_BOUND('',#6916,.F.);
#6916 = EDGE_LOOP('',(#6917));
#6917 = ORIENTED_EDGE('',*,*,#6461,.T.);
#6918 = ADVANCED_FACE('',(#6919),#6531,.F.);
#6919 = FACE_BOUND('',#6920,.F.);
#6920 = EDGE_LOOP('',(#6921));
#6921 = ORIENTED_EDGE('',*,*,#6516,.T.);
#6922 = ADVANCED_FACE('',(#6923),#6586,.F.);
#6923 = FACE_BOUND('',#6924,.F.);
#6924 = EDGE_LOOP('',(#6925));
#6925 = ORIENTED_EDGE('',*,*,#6571,.T.);
#6926 = ADVANCED_FACE('',(#6927),#6641,.F.);
#6927 = FACE_BOUND('',#6928,.F.);
#6928 = EDGE_LOOP('',(#6929));
#6929 = ORIENTED_EDGE('',*,*,#6626,.T.);
#6930 = ADVANCED_FACE('',(#6931),#6696,.F.);
#6931 = FACE_BOUND('',#6932,.F.);
#6932 = EDGE_LOOP('',(#6933,#6934,#6935,#6936));
#6933 = ORIENTED_EDGE('',*,*,#6679,.F.);
#6934 = ORIENTED_EDGE('',*,*,#6736,.T.);
#6935 = ORIENTED_EDGE('',*,*,#6834,.T.);
#6936 = ORIENTED_EDGE('',*,*,#6807,.T.);
#6937 = ADVANCED_FACE('',(#6938),#6898,.F.);
#6938 = FACE_BOUND('',#6939,.F.);
#6939 = EDGE_LOOP('',(#6940));
#6940 = ORIENTED_EDGE('',*,*,#6883,.T.);
#6941 = ( GEOMETRIC_REPRESENTATION_CONTEXT(3) 
GLOBAL_UNCERTAINTY_ASSIGNED_CONTEXT((#6945)) 
GLOBAL_UNIT_ASSIGNED_CONTEXT((#6942,#6943,#6944)) REPRESENTATION_CONTEXT
('Context #1','3D Context with UNIT and UNCERTAINTY') );
#6942 = ( LENGTH_UNIT() NAMED_UNIT(*) SI_UNIT(.MILLI.,.METRE.) );
#6943 = ( NAMED_UNIT(*) PLANE_ANGLE_UNIT() SI_UNIT($,.RADIAN.) );
#6944 = ( NAMED_UNIT(*) SI_UNIT($,.STERADIAN.) SOLID_ANGLE_UNIT() );
#6945 = UNCERTAINTY_MEASURE_WITH_UNIT(LENGTH_MEASURE(1.E-04),#6942,
  'distance_accuracy_value','confusion accuracy');
#6946 = PRODUCT_RELATED_PRODUCT_CATEGORY('part',$,(#7));
ENDSEC;
END-ISO-10303-21;
